id,text,textLanguage,createTime,createTimeISO,isAd,authorMeta,musicMeta,webVideoUrl,videoMeta,diggCount,shareCount,playCount,collectCount,commentCount,repostCount,mentions,detailedMentions,hashtags,effectStickers,isSlideshow,slideshowImageLinks,isPinned,isSponsored,mediaUrls,input,fromProfileSection,commentsDatasetUrl
7619533308510227743,Swipe to see if yours fits. ,en,1774060860,2026-03-21T02:41:00.000Z,false,"{""id"":""6842344214664610822"",""name"":""thepattern"",""profileUrl"":""https://www.tiktok.com/@thepattern"",""nickName"":""The Pattern"",""verified"":true,""signature"":""Astrology that explains you + your relationships.\nSee your personal insights ↓"",""bioLink"":""https://linktr.ee/thepattern"",""avatar"":""https://p16-common-sign.tiktokcdn-us.com/tos-maliva-avt-0068/7327334179237003270~tplv-tiktokx-cropcenter:720:720.jpeg?dr=9640&refresh_token=293efb51&x-expires=1774407600&x-signature=l0fYlZz%2BNN2NrHX4kOOm1IM9O0A%3D&t=4d5b0474&ps=13740610&shp=a5d48078&shcp=81f88b70&idc=useast5"",""commerceUserInfo"":{""commerceUser"":true,""category"":""Software & Apps"",""categoryButton"":false},""privateAccount"":false,""roomId"":"""",""ttSeller"":false,""createTime"":1593107531,""following"":180,""friends"":70,""fans"":86500,""heart"":904400,""video"":109,""digg"":388,""originalAvatarUrl"":""https://p16-common-sign.tiktokcdn-us.com/tos-maliva-avt-0068/7327334179237003270~tplv-tiktokx-cropcenter:720:720.jpeg?dr=9640&refresh_token=293efb51&x-expires=1774407600&x-signature=l0fYlZz%2BNN2NrHX4kOOm1IM9O0A%3D&t=4d5b0474&ps=13740610&shp=a5d48078&shcp=81f88b70&idc=useast5""}","{""musicName"":""SUN GOES DOWN"",""musicAuthor"":""Andreas Roehrig"",""musicOriginal"":false,""playUrl"":""https://sf16.tiktokcdn-us.com/obj/tos-alisg-ve-2774/5abfc16362a542ea800e77e76f4ff60c"",""coverMediumUrl"":""https://p16-common.tiktokcdn-us.com/tos-alisg-v-2774/b796c292b17f4eb1be24249341d514c2~tplv-tiktokx-cropcenter:200:200.jpeg?dr=9584&t=4d5b0474&ps=933b5bde&shp=08d74b56&shcp=81f88b70&idc=useast8"",""musicId"":""6768739971521054721"",""originalCoverMediumUrl"":""https://p16-common.tiktokcdn-us.com/tos-alisg-v-2774/b796c292b17f4eb1be24249341d514c2~tplv-tiktokx-cropcenter:200:200.jpeg?dr=9584&t=4d5b0474&ps=933b5bde&shp=08d74b56&shcp=81f88b70&idc=useast8""}",https://www.tiktok.com/@thepattern/video/7619533308510227743,"{""height"":0,""width"":0,""duration"":0,""coverUrl"":""https://p16-common-sign.tiktokcdn-us.com/tos-useast8-i-photomode-tx2/f096f53dd29b4518a7dc48bd816f4dd0~tplv-photomode-image.jpeg?dr=9616&x-expires=1774407600&x-signature=VzJ3S5HczqK0ecURtw2nPDs5CAU%3D&t=4d5b0474&ps=13740610&shp=81f88b70&shcp=9b759fb9&idc=useast8&ftpl=1"",""transcriptionLink"":null,""originalCoverUrl"":""https://p16-common-sign.tiktokcdn-us.com/tos-useast8-i-photomode-tx2/f096f53dd29b4518a7dc48bd816f4dd0~tplv-photomode-image.jpeg?dr=9616&x-expires=1774407600&x-signature=VzJ3S5HczqK0ecURtw2nPDs5CAU%3D&t=4d5b0474&ps=13740610&shp=81f88b70&shcp=9b759fb9&idc=useast8&ftpl=1""}",17,2,477,1,0,0,[],[],[],[],true,"[{""tiktokLink"":""https://p16-common-sign.tiktokcdn-us.com/tos-useast8-i-photomode-tx2/f096f53dd29b4518a7dc48bd816f4dd0~tplv-photomode-image.jpeg?dr=9616&x-expires=1774407600&x-signature=VzJ3S5HczqK0ecURtw2nPDs5CAU%3D&t=4d5b0474&ps=13740610&shp=81f88b70&shcp=9b759fb9&idc=useast8&ftpl=1"",""downloadLink"":""https://p16-common-sign.tiktokcdn-us.com/tos-useast8-i-photomode-tx2/f096f53dd29b4518a7dc48bd816f4dd0~tplv-photomode-image.jpeg?dr=9616&x-expires=1774407600&x-signature=VzJ3S5HczqK0ecURtw2nPDs5CAU%3D&t=4d5b0474&ps=13740610&shp=81f88b70&shcp=9b759fb9&idc=useast8&ftpl=1""},{""tiktokLink"":""https://p16-common-sign.tiktokcdn-us.com/tos-useast8-i-photomode-tx2/03a15a58256a441bb863b3f741a84b94~tplv-photomode-image.jpeg?dr=9616&x-expires=1774407600&x-signature=uT61ho2fAmLOQiJaW0GWZwt2fkw%3D&t=4d5b0474&ps=13740610&shp=81f88b70&shcp=9b759fb9&idc=useast8&ftpl=1"",""downloadLink"":""https://p16-common-sign.tiktokcdn-us.com/tos-useast8-i-photomode-tx2/03a15a58256a441bb863b3f741a84b94~tplv-photomode-image.jpeg?dr=9616&x-expires=1774407600&x-signature=uT61ho2fAmLOQiJaW0GWZwt2fkw%3D&t=4d5b0474&ps=13740610&shp=81f88b70&shcp=9b759fb9&idc=useast8&ftpl=1""},{""tiktokLink"":""https://p16-common-sign.tiktokcdn-us.com/tos-useast8-i-photomode-tx2/026c7bcfe1db4fb28e287481bca2da80~tplv-photomode-image.jpeg?dr=9616&x-expires=1774407600&x-signature=92IpLxglXLGz%2BJ8xAVDfPZ5bRbU%3D&t=4d5b0474&ps=13740610&shp=81f88b70&shcp=9b759fb9&idc=useast8&ftpl=1"",""downloadLink"":""https://p16-common-sign.tiktokcdn-us.com/tos-useast8-i-photomode-tx2/026c7bcfe1db4fb28e287481bca2da80~tplv-photomode-image.jpeg?dr=9616&x-expires=1774407600&x-signature=92IpLxglXLGz%2BJ8xAVDfPZ5bRbU%3D&t=4d5b0474&ps=13740610&shp=81f88b70&shcp=9b759fb9&idc=useast8&ftpl=1""},{""tiktokLink"":""https://p16-common-sign.tiktokcdn-us.com/tos-useast8-i-photomode-tx2/59f4151e6c374557b026e503175fd38f~tplv-photomode-image.jpeg?dr=9616&x-expires=1774407600&x-signature=QOkI2kWU2F%2BfaJoBnRu604SBLeU%3D&t=4d5b0474&ps=13740610&shp=81f88b70&shcp=9b759fb9&idc=useast8&ftpl=1"",""downloadLink"":""https://p16-common-sign.tiktokcdn-us.com/tos-useast8-i-photomode-tx2/59f4151e6c374557b026e503175fd38f~tplv-photomode-image.jpeg?dr=9616&x-expires=1774407600&x-signature=QOkI2kWU2F%2BfaJoBnRu604SBLeU%3D&t=4d5b0474&ps=13740610&shp=81f88b70&shcp=9b759fb9&idc=useast8&ftpl=1""},{""tiktokLink"":""https://p19-common-sign.tiktokcdn-us.com/tos-useast8-i-photomode-tx2/131fa61d9b304ff9b18fc3110d21cfcf~tplv-photomode-image.jpeg?dr=9616&x-expires=1774407600&x-signature=gET6bZ5vLR2hkSdD%2B9jvXOytA%2FI%3D&t=4d5b0474&ps=13740610&shp=81f88b70&shcp=9b759fb9&idc=useast8&ftpl=1"",""downloadLink"":""https://p19-common-sign.tiktokcdn-us.com/tos-useast8-i-photomode-tx2/131fa61d9b304ff9b18fc3110d21cfcf~tplv-photomode-image.jpeg?dr=9616&x-expires=1774407600&x-signature=gET6bZ5vLR2hkSdD%2B9jvXOytA%2FI%3D&t=4d5b0474&ps=13740610&shp=81f88b70&shcp=9b759fb9&idc=useast8&ftpl=1""},{""tiktokLink"":""https://p19-common-sign.tiktokcdn-us.com/tos-useast8-i-photomode-tx2/518d975091a54e288cd84c44f7391f00~tplv-photomode-image.jpeg?dr=9616&x-expires=1774407600&x-signature=ro7gotCYETvTWncE95xHWdw9poU%3D&t=4d5b0474&ps=13740610&shp=81f88b70&shcp=9b759fb9&idc=useast8&ftpl=1"",""downloadLink"":""https://p19-common-sign.tiktokcdn-us.com/tos-useast8-i-photomode-tx2/518d975091a54e288cd84c44f7391f00~tplv-photomode-image.jpeg?dr=9616&x-expires=1774407600&x-signature=ro7gotCYETvTWncE95xHWdw9poU%3D&t=4d5b0474&ps=13740610&shp=81f88b70&shcp=9b759fb9&idc=useast8&ftpl=1""},{""tiktokLink"":""https://p19-common-sign.tiktokcdn-us.com/tos-useast8-i-photomode-tx2/58d57d0a317241d986fd9a1877bd2fdb~tplv-photomode-image.jpeg?dr=9616&x-expires=1774407600&x-signature=FOpaPgQiFY1uZIuF%2F%2BDaanluedU%3D&t=4d5b0474&ps=13740610&shp=81f88b70&shcp=9b759fb9&idc=useast8&ftpl=1"",""downloadLink"":""https://p19-common-sign.tiktokcdn-us.com/tos-useast8-i-photomode-tx2/58d57d0a317241d986fd9a1877bd2fdb~tplv-photomode-image.jpeg?dr=9616&x-expires=1774407600&x-signature=FOpaPgQiFY1uZIuF%2F%2BDaanluedU%3D&t=4d5b0474&ps=13740610&shp=81f88b70&shcp=9b759fb9&idc=useast8&ftpl=1""},{""tiktokLink"":""https://p16-common-sign.tiktokcdn-us.com/tos-useast8-i-photomode-tx2/d3db5c5aedd04e49897b098f91f84789~tplv-photomode-image.jpeg?dr=9616&x-expires=1774407600&x-signature=D1ZDfiWrmFFsBKTINROF8SBbcHk%3D&t=4d5b0474&ps=13740610&shp=81f88b70&shcp=9b759fb9&idc=useast8&ftpl=1"",""downloadLink"":""https://p16-common-sign.tiktokcdn-us.com/tos-useast8-i-photomode-tx2/d3db5c5aedd04e49897b098f91f84789~tplv-photomode-image.jpeg?dr=9616&x-expires=1774407600&x-signature=D1ZDfiWrmFFsBKTINROF8SBbcHk%3D&t=4d5b0474&ps=13740610&shp=81f88b70&shcp=9b759fb9&idc=useast8&ftpl=1""},{""tiktokLink"":""https://p16-common-sign.tiktokcdn-us.com/tos-useast8-i-photomode-tx2/e9f65f2ac653477c97ce1b486a8f80b6~tplv-photomode-image.jpeg?dr=9616&x-expires=1774407600&x-signature=rlj0AMVkxtSm1TrJVsdvCXvyZjE%3D&t=4d5b0474&ps=13740610&shp=81f88b70&shcp=9b759fb9&idc=useast8&ftpl=1"",""downloadLink"":""https://p16-common-sign.tiktokcdn-us.com/tos-useast8-i-photomode-tx2/e9f65f2ac653477c97ce1b486a8f80b6~tplv-photomode-image.jpeg?dr=9616&x-expires=1774407600&x-signature=rlj0AMVkxtSm1TrJVsdvCXvyZjE%3D&t=4d5b0474&ps=13740610&shp=81f88b70&shcp=9b759fb9&idc=useast8&ftpl=1""},{""tiktokLink"":""https://p19-common-sign.tiktokcdn-us.com/tos-useast8-i-photomode-tx2/6fa12a5509a04792b55d24f855355441~tplv-photomode-image.jpeg?dr=9616&x-expires=1774407600&x-signature=cBBlEsId1AAlRiBKrbMYfTs7Eyg%3D&t=4d5b0474&ps=13740610&shp=81f88b70&shcp=9b759fb9&idc=useast8&ftpl=1"",""downloadLink"":""https://p19-common-sign.tiktokcdn-us.com/tos-useast8-i-photomode-tx2/6fa12a5509a04792b55d24f855355441~tplv-photomode-image.jpeg?dr=9616&x-expires=1774407600&x-signature=cBBlEsId1AAlRiBKrbMYfTs7Eyg%3D&t=4d5b0474&ps=13740610&shp=81f88b70&shcp=9b759fb9&idc=useast8&ftpl=1""},{""tiktokLink"":""https://p16-common-sign.tiktokcdn-us.com/tos-useast8-i-photomode-tx2/fc08a7f946f143c19583de26a6ed42c1~tplv-photomode-image.jpeg?dr=9616&x-expires=1774407600&x-signature=JSrEEfOTDh6SB5JF8nkUiLxIixs%3D&t=4d5b0474&ps=13740610&shp=81f88b70&shcp=9b759fb9&idc=useast8&ftpl=1"",""downloadLink"":""https://p16-common-sign.tiktokcdn-us.com/tos-useast8-i-photomode-tx2/fc08a7f946f143c19583de26a6ed42c1~tplv-photomode-image.jpeg?dr=9616&x-expires=1774407600&x-signature=JSrEEfOTDh6SB5JF8nkUiLxIixs%3D&t=4d5b0474&ps=13740610&shp=81f88b70&shcp=9b759fb9&idc=useast8&ftpl=1""},{""tiktokLink"":""https://p16-common-sign.tiktokcdn-us.com/tos-useast8-i-photomode-tx2/fb807607884946419582d2c8dc0dd891~tplv-photomode-image.jpeg?dr=9616&x-expires=1774407600&x-signature=Hmf2veA2grt%2B1QGW3j7ZPAgLzWs%3D&t=4d5b0474&ps=13740610&shp=81f88b70&shcp=9b759fb9&idc=useast8&ftpl=1"",""downloadLink"":""https://p16-common-sign.tiktokcdn-us.com/tos-useast8-i-photomode-tx2/fb807607884946419582d2c8dc0dd891~tplv-photomode-image.jpeg?dr=9616&x-expires=1774407600&x-signature=Hmf2veA2grt%2B1QGW3j7ZPAgLzWs%3D&t=4d5b0474&ps=13740610&shp=81f88b70&shcp=9b759fb9&idc=useast8&ftpl=1""}]",false,false,[],thepattern,videos,
7618400995302771999,"Whatever is standing in the way of true intimacy
has the potential to be resolved right now.

This Pisces New Moon is about softening your heart.
Let yourself feel what you’ve been avoiding.

Somethin...",en,1773797217,2026-03-18T01:26:57.000Z,false,"{""id"":""6842344214664610822"",""name"":""thepattern"",""profileUrl"":""https://www.tiktok.com/@thepattern"",""nickName"":""The Pattern"",""verified"":true,""signature"":""Astrology that explains you + your relationships.\nSee your personal insights ↓"",""bioLink"":""https://linktr.ee/thepattern"",""avatar"":""https://p16-common-sign.tiktokcdn-us.com/tos-maliva-avt-0068/7327334179237003270~tplv-tiktokx-cropcenter:720:720.jpeg?dr=9640&refresh_token=293efb51&x-expires=1774407600&x-signature=l0fYlZz%2BNN2NrHX4kOOm1IM9O0A%3D&t=4d5b0474&ps=13740610&shp=a5d48078&shcp=81f88b70&idc=useast5"",""commerceUserInfo"":{""commerceUser"":true,""category"":""Software & Apps"",""categoryButton"":false},""privateAccount"":false,""roomId"":"""",""ttSeller"":false,""createTime"":1593107531,""following"":180,""friends"":70,""fans"":86500,""heart"":904400,""video"":109,""digg"":388,""originalAvatarUrl"":""https://p16-common-sign.tiktokcdn-us.com/tos-maliva-avt-0068/7327334179237003270~tplv-tiktokx-cropcenter:720:720.jpeg?dr=9640&refresh_token=293efb51&x-expires=1774407600&x-signature=l0fYlZz%2BNN2NrHX4kOOm1IM9O0A%3D&t=4d5b0474&ps=13740610&shp=a5d48078&shcp=81f88b70&idc=useast5""}","{""musicName"":""Peaceful Piano"",""musicAuthor"":""Piano Amor"",""musicOriginal"":false,""musicAlbum"":""Peaceful Piano"",""playUrl"":""https://sf16.tiktokcdn-us.com/obj/tos-alisg-ve-2774/osLQpC8lTQOIqiMnIKifBBgkyObxjdIFZ1B2tf"",""coverMediumUrl"":""https://p16-common.tiktokcdn-us.com/tos-alisg-v-2774/oECApFh0jKePDOhAZfTBTRtigQE6BAAErndwEh~tplv-tiktokx-cropcenter:200:200.jpeg?dr=9584&t=4d5b0474&ps=933b5bde&shp=08d74b56&shcp=81f88b70&idc=useast8"",""musicId"":""7195181001100756993"",""originalCoverMediumUrl"":""https://p16-common.tiktokcdn-us.com/tos-alisg-v-2774/oECApFh0jKePDOhAZfTBTRtigQE6BAAErndwEh~tplv-tiktokx-cropcenter:200:200.jpeg?dr=9584&t=4d5b0474&ps=933b5bde&shp=08d74b56&shcp=81f88b70&idc=useast8""}",https://www.tiktok.com/@thepattern/video/7618400995302771999,"{""height"":1280,""width"":720,""duration"":26,""coverUrl"":""https://p19-common-sign.tiktokcdn-us.com/tos-useast8-p-0068-tx2/oszw5FJGUDmF5vR6fAAEA41hIfXfr9QEUjQAfA~tplv-tiktokx-origin.image?dr=9636&x-expires=1774407600&x-signature=eBV7VcGJCWR%2FuAX0G%2FAFBoi%2FXkg%3D&t=4d5b0474&ps=13740610&shp=81f88b70&shcp=43f4a2f9&idc=useast8"",""definition"":""720p"",""format"":""mp4"",""subtitleLinks"":[{""language"":""eng-US"",""downloadLink"":""https://v16m-webapp.tiktokcdn-us.com/6b4eab86c8c787f5b23c787068ed9991/69c35a22/video/tos/useast8/tos-useast8-v-0068-tx2/1f7d0bcbe4584c31b47782736e2fea0a/?a=1988&bti=ODszNWYuMDE6&ch=0&cr=3&dr=0&lr=all&cd=0%7C0%7C0%7C&cv=1&br=20034&bt=10017&cs=0&ds=4&ft=aEKq_qT0mIoPD12GU~ms3wUCdCAbMeF~O5&mime_type=video_mp4&qs=13&rc=ampsb285cmh5OTMzaTczNEBpampsb285cmh5OTMzaTczNEBmcWltMmRzcnBhLS1kMTJzYSNmcWltMmRzcnBhLS1kMTJzcw%3D%3D&l=202603230344086EDFAC167D6B9800C67A&btag=e00078000"",""source"":""ASR"",""sourceUnabbreviated"":""automatic speech recognition"",""version"":""1:big_caption"",""tiktokLink"":""https://v16m-webapp.tiktokcdn-us.com/6b4eab86c8c787f5b23c787068ed9991/69c35a22/video/tos/useast8/tos-useast8-v-0068-tx2/1f7d0bcbe4584c31b47782736e2fea0a/?a=1988&bti=ODszNWYuMDE6&ch=0&cr=3&dr=0&lr=all&cd=0%7C0%7C0%7C&cv=1&br=20034&bt=10017&cs=0&ds=4&ft=aEKq_qT0mIoPD12GU~ms3wUCdCAbMeF~O5&mime_type=video_mp4&qs=13&rc=ampsb285cmh5OTMzaTczNEBpampsb285cmh5OTMzaTczNEBmcWltMmRzcnBhLS1kMTJzYSNmcWltMmRzcnBhLS1kMTJzcw%3D%3D&l=202603230344086EDFAC167D6B9800C67A&btag=e00078000""}],""transcriptionLink"":null,""originalCoverUrl"":""https://p19-common-sign.tiktokcdn-us.com/tos-useast8-p-0068-tx2/oszw5FJGUDmF5vR6fAAEA41hIfXfr9QEUjQAfA~tplv-tiktokx-origin.image?dr=9636&x-expires=1774407600&x-signature=eBV7VcGJCWR%2FuAX0G%2FAFBoi%2FXkg%3D&t=4d5b0474&ps=13740610&shp=81f88b70&shcp=43f4a2f9&idc=useast8""}",223,11,2425,24,4,0,[],[],"[{""name"":""piscesnewmoon""},{""name"":""astrologytok""},{""name"":""emotionalhealing""},{""name"":""spiritualtok""}]",[],false,,false,false,[],thepattern,videos,
7617628450492370207,"Your moon sign reveals your instincts. 🌙
Swipe to see the hidden strength of each moon sign.

What’s your moon sign?

#astrology #moonsign #zodiacsigns ",en,1773617356,2026-03-15T23:29:16.000Z,false,"{""id"":""6842344214664610822"",""name"":""thepattern"",""profileUrl"":""https://www.tiktok.com/@thepattern"",""nickName"":""The Pattern"",""verified"":true,""signature"":""Astrology that explains you + your relationships.\nSee your personal insights ↓"",""bioLink"":""https://linktr.ee/thepattern"",""avatar"":""https://p16-common-sign.tiktokcdn-us.com/tos-maliva-avt-0068/7327334179237003270~tplv-tiktokx-cropcenter:720:720.jpeg?dr=9640&refresh_token=293efb51&x-expires=1774407600&x-signature=l0fYlZz%2BNN2NrHX4kOOm1IM9O0A%3D&t=4d5b0474&ps=13740610&shp=a5d48078&shcp=81f88b70&idc=useast5"",""commerceUserInfo"":{""commerceUser"":true,""category"":""Software & Apps"",""categoryButton"":false},""privateAccount"":false,""roomId"":"""",""ttSeller"":false,""createTime"":1593107531,""following"":180,""friends"":70,""fans"":86500,""heart"":904400,""video"":109,""digg"":388,""originalAvatarUrl"":""https://p16-common-sign.tiktokcdn-us.com/tos-maliva-avt-0068/7327334179237003270~tplv-tiktokx-cropcenter:720:720.jpeg?dr=9640&refresh_token=293efb51&x-expires=1774407600&x-signature=l0fYlZz%2BNN2NrHX4kOOm1IM9O0A%3D&t=4d5b0474&ps=13740610&shp=a5d48078&shcp=81f88b70&idc=useast5""}","{""musicName"":""THE MOON"",""musicAuthor"":""Camargguinho"",""musicOriginal"":false,""musicAlbum"":""THE MOON"",""playUrl"":""https://sf19.tiktokcdn-us.com/obj/tos-alisg-ve-2774/oIdvYoUiZPpWlBSHDpGqxAMvb5xQIAv6rxita"",""coverMediumUrl"":""https://p16-common.tiktokcdn-us.com/tos-alisg-v-2774/oYbtgGBAAEnAiAsN3QfBZCROq8HPxetiCiBUgE~tplv-tiktokx-cropcenter:200:200.jpeg?dr=9584&t=4d5b0474&ps=933b5bde&shp=08d74b56&shcp=81f88b70&idc=useast8"",""musicId"":""7429750153349761040"",""originalCoverMediumUrl"":""https://p16-common.tiktokcdn-us.com/tos-alisg-v-2774/oYbtgGBAAEnAiAsN3QfBZCROq8HPxetiCiBUgE~tplv-tiktokx-cropcenter:200:200.jpeg?dr=9584&t=4d5b0474&ps=933b5bde&shp=08d74b56&shcp=81f88b70&idc=useast8""}",https://www.tiktok.com/@thepattern/video/7617628450492370207,"{""height"":0,""width"":0,""duration"":0,""coverUrl"":""https://p16-common-sign.tiktokcdn-us.com/tos-useast8-i-photomode-tx2/4472b930fb9c4ceb94f32a3bb105b654~tplv-photomode-image.jpeg?dr=9616&x-expires=1774407600&x-signature=ehSfWuWp%2BfmGLzf6T92FvVjBeuQ%3D&t=4d5b0474&ps=13740610&shp=81f88b70&shcp=9b759fb9&idc=useast8&ftpl=1"",""transcriptionLink"":null,""originalCoverUrl"":""https://p16-common-sign.tiktokcdn-us.com/tos-useast8-i-photomode-tx2/4472b930fb9c4ceb94f32a3bb105b654~tplv-photomode-image.jpeg?dr=9616&x-expires=1774407600&x-signature=ehSfWuWp%2BfmGLzf6T92FvVjBeuQ%3D&t=4d5b0474&ps=13740610&shp=81f88b70&shcp=9b759fb9&idc=useast8&ftpl=1""}",101,12,1159,18,6,0,[],[],"[{""name"":""astrology""},{""name"":""moonsign""},{""name"":""zodiacsigns""}]",[],true,"[{""tiktokLink"":""https://p19-common-sign.tiktokcdn-us.com/tos-useast8-i-photomode-tx2/4472b930fb9c4ceb94f32a3bb105b654~tplv-photomode-image.jpeg?dr=9616&x-expires=1774407600&x-signature=MVoUmCzPojKaFor3fefGOLYq4dg%3D&t=4d5b0474&ps=13740610&shp=81f88b70&shcp=9b759fb9&idc=useast8&ftpl=1"",""downloadLink"":""https://p19-common-sign.tiktokcdn-us.com/tos-useast8-i-photomode-tx2/4472b930fb9c4ceb94f32a3bb105b654~tplv-photomode-image.jpeg?dr=9616&x-expires=1774407600&x-signature=MVoUmCzPojKaFor3fefGOLYq4dg%3D&t=4d5b0474&ps=13740610&shp=81f88b70&shcp=9b759fb9&idc=useast8&ftpl=1""},{""tiktokLink"":""https://p16-common-sign.tiktokcdn-us.com/tos-useast8-i-photomode-tx2/1c84f2f9032d46b18feb60e6bef1d974~tplv-photomode-image.jpeg?dr=9616&x-expires=1774407600&x-signature=IcbvL%2BhjW8CylP%2BDPEfE9uzhNvo%3D&t=4d5b0474&ps=13740610&shp=81f88b70&shcp=9b759fb9&idc=useast8&ftpl=1"",""downloadLink"":""https://p16-common-sign.tiktokcdn-us.com/tos-useast8-i-photomode-tx2/1c84f2f9032d46b18feb60e6bef1d974~tplv-photomode-image.jpeg?dr=9616&x-expires=1774407600&x-signature=IcbvL%2BhjW8CylP%2BDPEfE9uzhNvo%3D&t=4d5b0474&ps=13740610&shp=81f88b70&shcp=9b759fb9&idc=useast8&ftpl=1""},{""tiktokLink"":""https://p19-common-sign.tiktokcdn-us.com/tos-useast8-i-photomode-tx2/15fd6b9ecb79465597517fa66d13c2b6~tplv-photomode-image.jpeg?dr=9616&x-expires=1774407600&x-signature=00m20C%2BEf55eSFU9BWPyd4T%2FztU%3D&t=4d5b0474&ps=13740610&shp=81f88b70&shcp=9b759fb9&idc=useast8&ftpl=1"",""downloadLink"":""https://p19-common-sign.tiktokcdn-us.com/tos-useast8-i-photomode-tx2/15fd6b9ecb79465597517fa66d13c2b6~tplv-photomode-image.jpeg?dr=9616&x-expires=1774407600&x-signature=00m20C%2BEf55eSFU9BWPyd4T%2FztU%3D&t=4d5b0474&ps=13740610&shp=81f88b70&shcp=9b759fb9&idc=useast8&ftpl=1""},{""tiktokLink"":""https://p16-common-sign.tiktokcdn-us.com/tos-useast8-i-photomode-tx2/86faa0b9a3a74152b06ea15ca6dfff34~tplv-photomode-image.jpeg?dr=9616&x-expires=1774407600&x-signature=k0Z80ZmK0ooJYnZASOB21HGRz98%3D&t=4d5b0474&ps=13740610&shp=81f88b70&shcp=9b759fb9&idc=useast8&ftpl=1"",""downloadLink"":""https://p16-common-sign.tiktokcdn-us.com/tos-useast8-i-photomode-tx2/86faa0b9a3a74152b06ea15ca6dfff34~tplv-photomode-image.jpeg?dr=9616&x-expires=1774407600&x-signature=k0Z80ZmK0ooJYnZASOB21HGRz98%3D&t=4d5b0474&ps=13740610&shp=81f88b70&shcp=9b759fb9&idc=useast8&ftpl=1""},{""tiktokLink"":""https://p16-common-sign.tiktokcdn-us.com/tos-useast8-i-photomode-tx2/b007a28ab89a456f8841729c140f6c0e~tplv-photomode-image.jpeg?dr=9616&x-expires=1774407600&x-signature=KfAwNvNfLt%2FXFQMLxTzuRLR6zIg%3D&t=4d5b0474&ps=13740610&shp=81f88b70&shcp=9b759fb9&idc=useast8&ftpl=1"",""downloadLink"":""https://p16-common-sign.tiktokcdn-us.com/tos-useast8-i-photomode-tx2/b007a28ab89a456f8841729c140f6c0e~tplv-photomode-image.jpeg?dr=9616&x-expires=1774407600&x-signature=KfAwNvNfLt%2FXFQMLxTzuRLR6zIg%3D&t=4d5b0474&ps=13740610&shp=81f88b70&shcp=9b759fb9&idc=useast8&ftpl=1""},{""tiktokLink"":""https://p16-common-sign.tiktokcdn-us.com/tos-useast8-i-photomode-tx2/4af5a2c3a4c646d69e40f75803d11135~tplv-photomode-image.jpeg?dr=9616&x-expires=1774407600&x-signature=fCTyl8ebwY7elBkoIg0L31dfsQA%3D&t=4d5b0474&ps=13740610&shp=81f88b70&shcp=9b759fb9&idc=useast8&ftpl=1"",""downloadLink"":""https://p16-common-sign.tiktokcdn-us.com/tos-useast8-i-photomode-tx2/4af5a2c3a4c646d69e40f75803d11135~tplv-photomode-image.jpeg?dr=9616&x-expires=1774407600&x-signature=fCTyl8ebwY7elBkoIg0L31dfsQA%3D&t=4d5b0474&ps=13740610&shp=81f88b70&shcp=9b759fb9&idc=useast8&ftpl=1""},{""tiktokLink"":""https://p16-common-sign.tiktokcdn-us.com/tos-useast8-i-photomode-tx2/266a8daa2b9c4005ab5c0dec49e65d00~tplv-photomode-image.jpeg?dr=9616&x-expires=1774407600&x-signature=%2BCSTZ5DrRKJSre78lTx%2B35j4Yvo%3D&t=4d5b0474&ps=13740610&shp=81f88b70&shcp=9b759fb9&idc=useast8&ftpl=1"",""downloadLink"":""https://p16-common-sign.tiktokcdn-us.com/tos-useast8-i-photomode-tx2/266a8daa2b9c4005ab5c0dec49e65d00~tplv-photomode-image.jpeg?dr=9616&x-expires=1774407600&x-signature=%2BCSTZ5DrRKJSre78lTx%2B35j4Yvo%3D&t=4d5b0474&ps=13740610&shp=81f88b70&shcp=9b759fb9&idc=useast8&ftpl=1""},{""tiktokLink"":""https://p16-common-sign.tiktokcdn-us.com/tos-useast8-i-photomode-tx2/d3bf1045d4b04e1ab9e3778d7222ac25~tplv-photomode-image.jpeg?dr=9616&x-expires=1774407600&x-signature=cJNU%2B0FsNhv93%2B9SF7r8f9U4fYI%3D&t=4d5b0474&ps=13740610&shp=81f88b70&shcp=9b759fb9&idc=useast8&ftpl=1"",""downloadLink"":""https://p16-common-sign.tiktokcdn-us.com/tos-useast8-i-photomode-tx2/d3bf1045d4b04e1ab9e3778d7222ac25~tplv-photomode-image.jpeg?dr=9616&x-expires=1774407600&x-signature=cJNU%2B0FsNhv93%2B9SF7r8f9U4fYI%3D&t=4d5b0474&ps=13740610&shp=81f88b70&shcp=9b759fb9&idc=useast8&ftpl=1""},{""tiktokLink"":""https://p16-common-sign.tiktokcdn-us.com/tos-useast8-i-photomode-tx2/c2a6a39e40934211a5920e2a60f97511~tplv-photomode-image.jpeg?dr=9616&x-expires=1774407600&x-signature=jY9c5TqL99yLEbJgQCIWAyoizsI%3D&t=4d5b0474&ps=13740610&shp=81f88b70&shcp=9b759fb9&idc=useast8&ftpl=1"",""downloadLink"":""https://p16-common-sign.tiktokcdn-us.com/tos-useast8-i-photomode-tx2/c2a6a39e40934211a5920e2a60f97511~tplv-photomode-image.jpeg?dr=9616&x-expires=1774407600&x-signature=jY9c5TqL99yLEbJgQCIWAyoizsI%3D&t=4d5b0474&ps=13740610&shp=81f88b70&shcp=9b759fb9&idc=useast8&ftpl=1""},{""tiktokLink"":""https://p16-common-sign.tiktokcdn-us.com/tos-useast8-i-photomode-tx2/fcf986c78e9a4d819bcd8658deb195a1~tplv-photomode-image.jpeg?dr=9616&x-expires=1774407600&x-signature=OJPNpTSb1ViBpD3q%2FAWDn72VVUU%3D&t=4d5b0474&ps=13740610&shp=81f88b70&shcp=9b759fb9&idc=useast8&ftpl=1"",""downloadLink"":""https://p16-common-sign.tiktokcdn-us.com/tos-useast8-i-photomode-tx2/fcf986c78e9a4d819bcd8658deb195a1~tplv-photomode-image.jpeg?dr=9616&x-expires=1774407600&x-signature=OJPNpTSb1ViBpD3q%2FAWDn72VVUU%3D&t=4d5b0474&ps=13740610&shp=81f88b70&shcp=9b759fb9&idc=useast8&ftpl=1""},{""tiktokLink"":""https://p16-common-sign.tiktokcdn-us.com/tos-useast8-i-photomode-tx2/10bcb14c5a474357805bf5a54d46195b~tplv-photomode-image.jpeg?dr=9616&x-expires=1774407600&x-signature=2ybL2h6ntqugbpH2HUuUS3l3fEU%3D&t=4d5b0474&ps=13740610&shp=81f88b70&shcp=9b759fb9&idc=useast8&ftpl=1"",""downloadLink"":""https://p16-common-sign.tiktokcdn-us.com/tos-useast8-i-photomode-tx2/10bcb14c5a474357805bf5a54d46195b~tplv-photomode-image.jpeg?dr=9616&x-expires=1774407600&x-signature=2ybL2h6ntqugbpH2HUuUS3l3fEU%3D&t=4d5b0474&ps=13740610&shp=81f88b70&shcp=9b759fb9&idc=useast8&ftpl=1""},{""tiktokLink"":""https://p19-common-sign.tiktokcdn-us.com/tos-useast8-i-photomode-tx2/32b7e7cc8648480394711f2364a19008~tplv-photomode-image.jpeg?dr=9616&x-expires=1774407600&x-signature=VuN%2F7WbFt6XQsf0Qsv%2FTrYzL7ko%3D&t=4d5b0474&ps=13740610&shp=81f88b70&shcp=9b759fb9&idc=useast8&ftpl=1"",""downloadLink"":""https://p19-common-sign.tiktokcdn-us.com/tos-useast8-i-photomode-tx2/32b7e7cc8648480394711f2364a19008~tplv-photomode-image.jpeg?dr=9616&x-expires=1774407600&x-signature=VuN%2F7WbFt6XQsf0Qsv%2FTrYzL7ko%3D&t=4d5b0474&ps=13740610&shp=81f88b70&shcp=9b759fb9&idc=useast8&ftpl=1""},{""tiktokLink"":""https://p16-common-sign.tiktokcdn-us.com/tos-useast8-i-photomode-tx2/38a4a25d493343e7adb0cee78088f57f~tplv-photomode-image.jpeg?dr=9616&x-expires=1774407600&x-signature=HuAVtSNFO7xsnlolXGZrNc%2FYTok%3D&t=4d5b0474&ps=13740610&shp=81f88b70&shcp=9b759fb9&idc=useast8&ftpl=1"",""downloadLink"":""https://p16-common-sign.tiktokcdn-us.com/tos-useast8-i-photomode-tx2/38a4a25d493343e7adb0cee78088f57f~tplv-photomode-image.jpeg?dr=9616&x-expires=1774407600&x-signature=HuAVtSNFO7xsnlolXGZrNc%2FYTok%3D&t=4d5b0474&ps=13740610&shp=81f88b70&shcp=9b759fb9&idc=useast8&ftpl=1""},{""tiktokLink"":""https://p16-common-sign.tiktokcdn-us.com/tos-useast8-i-photomode-tx2/07aa317f97a240d399238f7ed746e9ed~tplv-photomode-image.jpeg?dr=9616&x-expires=1774407600&x-signature=VqZRtstfeYjXlHYDo6F7RTnhX68%3D&t=4d5b0474&ps=13740610&shp=81f88b70&shcp=9b759fb9&idc=useast8&ftpl=1"",""downloadLink"":""https://p16-common-sign.tiktokcdn-us.com/tos-useast8-i-photomode-tx2/07aa317f97a240d399238f7ed746e9ed~tplv-photomode-image.jpeg?dr=9616&x-expires=1774407600&x-signature=VqZRtstfeYjXlHYDo6F7RTnhX68%3D&t=4d5b0474&ps=13740610&shp=81f88b70&shcp=9b759fb9&idc=useast8&ftpl=1""}]",false,false,[],thepattern,videos,
7616902864308423967,"Sometimes the problem isn’t love. It’s being loved in a way your heart doesn’t recognize. Send this to someone so they understand you better. ✨

#zodiacsigns #astrologytok #relationshiptok ",en,1773448417,2026-03-14T00:33:37.000Z,false,"{""id"":""6842344214664610822"",""name"":""thepattern"",""profileUrl"":""https://www.tiktok.com/@thepattern"",""nickName"":""The Pattern"",""verified"":true,""signature"":""Astrology that explains you + your relationships.\nSee your personal insights ↓"",""bioLink"":""https://linktr.ee/thepattern"",""avatar"":""https://p16-common-sign.tiktokcdn-us.com/tos-maliva-avt-0068/7327334179237003270~tplv-tiktokx-cropcenter:720:720.jpeg?dr=9640&refresh_token=293efb51&x-expires=1774407600&x-signature=l0fYlZz%2BNN2NrHX4kOOm1IM9O0A%3D&t=4d5b0474&ps=13740610&shp=a5d48078&shcp=81f88b70&idc=useast5"",""commerceUserInfo"":{""commerceUser"":true,""category"":""Software & Apps"",""categoryButton"":false},""privateAccount"":false,""roomId"":"""",""ttSeller"":false,""createTime"":1593107531,""following"":180,""friends"":70,""fans"":86500,""heart"":904400,""video"":109,""digg"":388,""originalAvatarUrl"":""https://p16-common-sign.tiktokcdn-us.com/tos-maliva-avt-0068/7327334179237003270~tplv-tiktokx-cropcenter:720:720.jpeg?dr=9640&refresh_token=293efb51&x-expires=1774407600&x-signature=l0fYlZz%2BNN2NrHX4kOOm1IM9O0A%3D&t=4d5b0474&ps=13740610&shp=a5d48078&shcp=81f88b70&idc=useast5""}","{""musicName"":""I can't describe what I'm feeling"",""musicAuthor"":""lyrλmbient"",""musicOriginal"":false,""musicAlbum"":""I can't describe what I'm feeling"",""playUrl"":""https://sf16.tiktokcdn-us.com/obj/tos-alisg-ve-2774/oo1fGFidFJ1zFDvwM9aDOHJ7vSEafPogAOC8Ie"",""coverMediumUrl"":""https://p16-common.tiktokcdn-us.com/tos-alisg-v-2774/okpAID5tCDEoPgAAcYcBfFGoABQf1IwlZbA9aA~tplv-tiktokx-cropcenter:200:200.jpeg?dr=9584&t=4d5b0474&ps=933b5bde&shp=08d74b56&shcp=81f88b70&idc=useast8"",""musicId"":""7376591177163065361"",""originalCoverMediumUrl"":""https://p16-common.tiktokcdn-us.com/tos-alisg-v-2774/okpAID5tCDEoPgAAcYcBfFGoABQf1IwlZbA9aA~tplv-tiktokx-cropcenter:200:200.jpeg?dr=9584&t=4d5b0474&ps=933b5bde&shp=08d74b56&shcp=81f88b70&idc=useast8""}",https://www.tiktok.com/@thepattern/video/7616902864308423967,"{""height"":0,""width"":0,""duration"":0,""coverUrl"":""https://p19-common-sign.tiktokcdn-us.com/tos-useast8-i-photomode-tx2/8e910e6f685d4b35a6aff53b6daa6643~tplv-photomode-image.jpeg?dr=9616&x-expires=1774407600&x-signature=r0lFLsDmpK78ljI6umlLxDkRuH8%3D&t=4d5b0474&ps=13740610&shp=81f88b70&shcp=9b759fb9&idc=useast8&ftpl=1"",""transcriptionLink"":null,""originalCoverUrl"":""https://p19-common-sign.tiktokcdn-us.com/tos-useast8-i-photomode-tx2/8e910e6f685d4b35a6aff53b6daa6643~tplv-photomode-image.jpeg?dr=9616&x-expires=1774407600&x-signature=r0lFLsDmpK78ljI6umlLxDkRuH8%3D&t=4d5b0474&ps=13740610&shp=81f88b70&shcp=9b759fb9&idc=useast8&ftpl=1""}",91,4,1351,18,1,0,[],[],"[{""name"":""zodiacsigns""},{""name"":""astrologytok""},{""name"":""relationshiptok""}]",[],true,"[{""tiktokLink"":""https://p16-common-sign.tiktokcdn-us.com/tos-useast8-i-photomode-tx2/8e910e6f685d4b35a6aff53b6daa6643~tplv-photomode-image.jpeg?dr=9616&x-expires=1774407600&x-signature=27%2Bta4EBjzbVXs229YWNxH4No6E%3D&t=4d5b0474&ps=13740610&shp=81f88b70&shcp=9b759fb9&idc=useast8&ftpl=1"",""downloadLink"":""https://p16-common-sign.tiktokcdn-us.com/tos-useast8-i-photomode-tx2/8e910e6f685d4b35a6aff53b6daa6643~tplv-photomode-image.jpeg?dr=9616&x-expires=1774407600&x-signature=27%2Bta4EBjzbVXs229YWNxH4No6E%3D&t=4d5b0474&ps=13740610&shp=81f88b70&shcp=9b759fb9&idc=useast8&ftpl=1""},{""tiktokLink"":""https://p16-common-sign.tiktokcdn-us.com/tos-useast8-i-photomode-tx2/0ae3b05b7ec640c3a63d39a6d8c44bc4~tplv-photomode-image.jpeg?dr=9616&x-expires=1774407600&x-signature=tJxu%2BkSOki%2F%2FNGqJfOF6fLbyhyg%3D&t=4d5b0474&ps=13740610&shp=81f88b70&shcp=9b759fb9&idc=useast8&ftpl=1"",""downloadLink"":""https://p16-common-sign.tiktokcdn-us.com/tos-useast8-i-photomode-tx2/0ae3b05b7ec640c3a63d39a6d8c44bc4~tplv-photomode-image.jpeg?dr=9616&x-expires=1774407600&x-signature=tJxu%2BkSOki%2F%2FNGqJfOF6fLbyhyg%3D&t=4d5b0474&ps=13740610&shp=81f88b70&shcp=9b759fb9&idc=useast8&ftpl=1""},{""tiktokLink"":""https://p16-common-sign.tiktokcdn-us.com/tos-useast8-i-photomode-tx2/2f5b3eacd3c14bc49601fb62519e8438~tplv-photomode-image.jpeg?dr=9616&x-expires=1774407600&x-signature=va4BGYPuIMcSXRiEjYii9zrSfFI%3D&t=4d5b0474&ps=13740610&shp=81f88b70&shcp=9b759fb9&idc=useast8&ftpl=1"",""downloadLink"":""https://p16-common-sign.tiktokcdn-us.com/tos-useast8-i-photomode-tx2/2f5b3eacd3c14bc49601fb62519e8438~tplv-photomode-image.jpeg?dr=9616&x-expires=1774407600&x-signature=va4BGYPuIMcSXRiEjYii9zrSfFI%3D&t=4d5b0474&ps=13740610&shp=81f88b70&shcp=9b759fb9&idc=useast8&ftpl=1""},{""tiktokLink"":""https://p19-common-sign.tiktokcdn-us.com/tos-useast8-i-photomode-tx2/7fcac7a9979f4505a1327cbb759c9a57~tplv-photomode-image.jpeg?dr=9616&x-expires=1774407600&x-signature=aXT9W%2BWSVzf%2FekDBbdj4JtjYYCU%3D&t=4d5b0474&ps=13740610&shp=81f88b70&shcp=9b759fb9&idc=useast8&ftpl=1"",""downloadLink"":""https://p19-common-sign.tiktokcdn-us.com/tos-useast8-i-photomode-tx2/7fcac7a9979f4505a1327cbb759c9a57~tplv-photomode-image.jpeg?dr=9616&x-expires=1774407600&x-signature=aXT9W%2BWSVzf%2FekDBbdj4JtjYYCU%3D&t=4d5b0474&ps=13740610&shp=81f88b70&shcp=9b759fb9&idc=useast8&ftpl=1""},{""tiktokLink"":""https://p19-common-sign.tiktokcdn-us.com/tos-useast8-i-photomode-tx2/fbc7f3c47a6d4b8b933eee39db7897da~tplv-photomode-image.jpeg?dr=9616&x-expires=1774407600&x-signature=l10BTpuxCAoJ6Aifu7ME6utUul4%3D&t=4d5b0474&ps=13740610&shp=81f88b70&shcp=9b759fb9&idc=useast8&ftpl=1"",""downloadLink"":""https://p19-common-sign.tiktokcdn-us.com/tos-useast8-i-photomode-tx2/fbc7f3c47a6d4b8b933eee39db7897da~tplv-photomode-image.jpeg?dr=9616&x-expires=1774407600&x-signature=l10BTpuxCAoJ6Aifu7ME6utUul4%3D&t=4d5b0474&ps=13740610&shp=81f88b70&shcp=9b759fb9&idc=useast8&ftpl=1""},{""tiktokLink"":""https://p16-common-sign.tiktokcdn-us.com/tos-useast8-i-photomode-tx2/cf76c5362fd64c9ba0e73fbaccdba477~tplv-photomode-image.jpeg?dr=9616&x-expires=1774407600&x-signature=hmyaHOf9PQtSfrMFHP9tl%2Fv%2BRaU%3D&t=4d5b0474&ps=13740610&shp=81f88b70&shcp=9b759fb9&idc=useast8&ftpl=1"",""downloadLink"":""https://p16-common-sign.tiktokcdn-us.com/tos-useast8-i-photomode-tx2/cf76c5362fd64c9ba0e73fbaccdba477~tplv-photomode-image.jpeg?dr=9616&x-expires=1774407600&x-signature=hmyaHOf9PQtSfrMFHP9tl%2Fv%2BRaU%3D&t=4d5b0474&ps=13740610&shp=81f88b70&shcp=9b759fb9&idc=useast8&ftpl=1""},{""tiktokLink"":""https://p16-common-sign.tiktokcdn-us.com/tos-useast8-i-photomode-tx2/fe1ec65c4c414ed98f1666090d069ba1~tplv-photomode-image.jpeg?dr=9616&x-expires=1774407600&x-signature=wrHejr1iGJYzYOI3WxLu1Ci%2FpWs%3D&t=4d5b0474&ps=13740610&shp=81f88b70&shcp=9b759fb9&idc=useast8&ftpl=1"",""downloadLink"":""https://p16-common-sign.tiktokcdn-us.com/tos-useast8-i-photomode-tx2/fe1ec65c4c414ed98f1666090d069ba1~tplv-photomode-image.jpeg?dr=9616&x-expires=1774407600&x-signature=wrHejr1iGJYzYOI3WxLu1Ci%2FpWs%3D&t=4d5b0474&ps=13740610&shp=81f88b70&shcp=9b759fb9&idc=useast8&ftpl=1""},{""tiktokLink"":""https://p16-common-sign.tiktokcdn-us.com/tos-useast8-i-photomode-tx2/e4d2920318094a669034b4497a72bf69~tplv-photomode-image.jpeg?dr=9616&x-expires=1774407600&x-signature=qAX7inpGFeJFQIFkJPEBwSZQAmw%3D&t=4d5b0474&ps=13740610&shp=81f88b70&shcp=9b759fb9&idc=useast8&ftpl=1"",""downloadLink"":""https://p16-common-sign.tiktokcdn-us.com/tos-useast8-i-photomode-tx2/e4d2920318094a669034b4497a72bf69~tplv-photomode-image.jpeg?dr=9616&x-expires=1774407600&x-signature=qAX7inpGFeJFQIFkJPEBwSZQAmw%3D&t=4d5b0474&ps=13740610&shp=81f88b70&shcp=9b759fb9&idc=useast8&ftpl=1""},{""tiktokLink"":""https://p19-common-sign.tiktokcdn-us.com/tos-useast8-i-photomode-tx2/7067ed57c8b44c62b00d698954018e6f~tplv-photomode-image.jpeg?dr=9616&x-expires=1774407600&x-signature=L%2FflYewGhvK652XCforyYTmUuaI%3D&t=4d5b0474&ps=13740610&shp=81f88b70&shcp=9b759fb9&idc=useast8&ftpl=1"",""downloadLink"":""https://p19-common-sign.tiktokcdn-us.com/tos-useast8-i-photomode-tx2/7067ed57c8b44c62b00d698954018e6f~tplv-photomode-image.jpeg?dr=9616&x-expires=1774407600&x-signature=L%2FflYewGhvK652XCforyYTmUuaI%3D&t=4d5b0474&ps=13740610&shp=81f88b70&shcp=9b759fb9&idc=useast8&ftpl=1""},{""tiktokLink"":""https://p16-common-sign.tiktokcdn-us.com/tos-useast8-i-photomode-tx2/35d6c2884a9540e2afbf03154050fbeb~tplv-photomode-image.jpeg?dr=9616&x-expires=1774407600&x-signature=PUkpQvvHLVCRiJ7bSGCOQsGW4%2B0%3D&t=4d5b0474&ps=13740610&shp=81f88b70&shcp=9b759fb9&idc=useast8&ftpl=1"",""downloadLink"":""https://p16-common-sign.tiktokcdn-us.com/tos-useast8-i-photomode-tx2/35d6c2884a9540e2afbf03154050fbeb~tplv-photomode-image.jpeg?dr=9616&x-expires=1774407600&x-signature=PUkpQvvHLVCRiJ7bSGCOQsGW4%2B0%3D&t=4d5b0474&ps=13740610&shp=81f88b70&shcp=9b759fb9&idc=useast8&ftpl=1""},{""tiktokLink"":""https://p16-common-sign.tiktokcdn-us.com/tos-useast8-i-photomode-tx2/295508c575134f3cad9b84728f9b2fc5~tplv-photomode-image.jpeg?dr=9616&x-expires=1774407600&x-signature=70wu2SBHL7Ckkzpfpin6OXzSxgw%3D&t=4d5b0474&ps=13740610&shp=81f88b70&shcp=9b759fb9&idc=useast8&ftpl=1"",""downloadLink"":""https://p16-common-sign.tiktokcdn-us.com/tos-useast8-i-photomode-tx2/295508c575134f3cad9b84728f9b2fc5~tplv-photomode-image.jpeg?dr=9616&x-expires=1774407600&x-signature=70wu2SBHL7Ckkzpfpin6OXzSxgw%3D&t=4d5b0474&ps=13740610&shp=81f88b70&shcp=9b759fb9&idc=useast8&ftpl=1""},{""tiktokLink"":""https://p19-common-sign.tiktokcdn-us.com/tos-useast8-i-photomode-tx2/b70434396e0c4053ba72e2d57c5e7c2c~tplv-photomode-image.jpeg?dr=9616&x-expires=1774407600&x-signature=QBGSN3yQSM3YK0gxM4nvhzn%2F22A%3D&t=4d5b0474&ps=13740610&shp=81f88b70&shcp=9b759fb9&idc=useast8&ftpl=1"",""downloadLink"":""https://p19-common-sign.tiktokcdn-us.com/tos-useast8-i-photomode-tx2/b70434396e0c4053ba72e2d57c5e7c2c~tplv-photomode-image.jpeg?dr=9616&x-expires=1774407600&x-signature=QBGSN3yQSM3YK0gxM4nvhzn%2F22A%3D&t=4d5b0474&ps=13740610&shp=81f88b70&shcp=9b759fb9&idc=useast8&ftpl=1""},{""tiktokLink"":""https://p19-common-sign.tiktokcdn-us.com/tos-useast8-i-photomode-tx2/8b71e482132a4a6c8b2e87d61f19203e~tplv-photomode-image.jpeg?dr=9616&x-expires=1774407600&x-signature=eShbYkvcvr%2F4WzRC7vQkVQHDLOc%3D&t=4d5b0474&ps=13740610&shp=81f88b70&shcp=9b759fb9&idc=useast8&ftpl=1"",""downloadLink"":""https://p19-common-sign.tiktokcdn-us.com/tos-useast8-i-photomode-tx2/8b71e482132a4a6c8b2e87d61f19203e~tplv-photomode-image.jpeg?dr=9616&x-expires=1774407600&x-signature=eShbYkvcvr%2F4WzRC7vQkVQHDLOc%3D&t=4d5b0474&ps=13740610&shp=81f88b70&shcp=9b759fb9&idc=useast8&ftpl=1""}]",false,false,[],thepattern,videos,
7616160969323973919,"During Mercury Retrograde, communication can get cloudy. Here’s what each zodiac sign can do to find clarity in the chaos. 

Swipe to see your guide to navigating this Mercury Retrograde in Pisces. 

...",en,1773275676,2026-03-12T00:34:36.000Z,false,"{""id"":""6842344214664610822"",""name"":""thepattern"",""profileUrl"":""https://www.tiktok.com/@thepattern"",""nickName"":""The Pattern"",""verified"":true,""signature"":""Astrology that explains you + your relationships.\nSee your personal insights ↓"",""bioLink"":""https://linktr.ee/thepattern"",""avatar"":""https://p16-common-sign.tiktokcdn-us.com/tos-maliva-avt-0068/7327334179237003270~tplv-tiktokx-cropcenter:720:720.jpeg?dr=9640&refresh_token=293efb51&x-expires=1774407600&x-signature=l0fYlZz%2BNN2NrHX4kOOm1IM9O0A%3D&t=4d5b0474&ps=13740610&shp=a5d48078&shcp=81f88b70&idc=useast5"",""commerceUserInfo"":{""commerceUser"":true,""category"":""Software & Apps"",""categoryButton"":false},""privateAccount"":false,""roomId"":"""",""ttSeller"":false,""createTime"":1593107531,""following"":180,""friends"":70,""fans"":86500,""heart"":904400,""video"":109,""digg"":388,""originalAvatarUrl"":""https://p16-common-sign.tiktokcdn-us.com/tos-maliva-avt-0068/7327334179237003270~tplv-tiktokx-cropcenter:720:720.jpeg?dr=9640&refresh_token=293efb51&x-expires=1774407600&x-signature=l0fYlZz%2BNN2NrHX4kOOm1IM9O0A%3D&t=4d5b0474&ps=13740610&shp=a5d48078&shcp=81f88b70&idc=useast5""}","{""musicName"":""Feel It"",""musicAuthor"":""Soundsuality & Facy Sedated & Kafi"",""musicOriginal"":false,""musicAlbum"":""Feel It"",""playUrl"":""https://sf19.tiktokcdn-us.com/obj/tos-alisg-ve-2774/oIKo8Bf0oHMOLxsoW3woIViiCG1wnz6XBrAWAm"",""coverMediumUrl"":""https://p16-common.tiktokcdn-us.com/tos-alisg-v-2774/o8gGCAsAIB9AIsLAMf2FWiYeKr3zCPad1IDlRe~tplv-tiktokx-cropcenter:200:200.jpeg?dr=9584&t=4d5b0474&ps=933b5bde&shp=08d74b56&shcp=81f88b70&idc=useast8"",""musicId"":""6965903292253603841"",""originalCoverMediumUrl"":""https://p16-common.tiktokcdn-us.com/tos-alisg-v-2774/o8gGCAsAIB9AIsLAMf2FWiYeKr3zCPad1IDlRe~tplv-tiktokx-cropcenter:200:200.jpeg?dr=9584&t=4d5b0474&ps=933b5bde&shp=08d74b56&shcp=81f88b70&idc=useast8""}",https://www.tiktok.com/@thepattern/video/7616160969323973919,"{""height"":0,""width"":0,""duration"":0,""coverUrl"":""https://p19-common-sign.tiktokcdn-us.com/tos-useast8-i-photomode-tx2/4133b40cd0b44037ba57f14c06c37e1e~tplv-photomode-image.jpeg?dr=9616&x-expires=1774407600&x-signature=9wZuyC4XumBWBWxzfQNlaJ165qQ%3D&t=4d5b0474&ps=13740610&shp=81f88b70&shcp=9b759fb9&idc=useast8&ftpl=1"",""transcriptionLink"":null,""originalCoverUrl"":""https://p19-common-sign.tiktokcdn-us.com/tos-useast8-i-photomode-tx2/4133b40cd0b44037ba57f14c06c37e1e~tplv-photomode-image.jpeg?dr=9616&x-expires=1774407600&x-signature=9wZuyC4XumBWBWxzfQNlaJ165qQ%3D&t=4d5b0474&ps=13740610&shp=81f88b70&shcp=9b759fb9&idc=useast8&ftpl=1""}",57,6,1346,4,0,0,[],[],"[{""name"":""mercuryretrograde""},{""name"":""zodiacsigns""},{""name"":""astrologytips""}]",[],true,"[{""tiktokLink"":""https://p16-common-sign.tiktokcdn-us.com/tos-useast8-i-photomode-tx2/4133b40cd0b44037ba57f14c06c37e1e~tplv-photomode-image.jpeg?dr=9616&x-expires=1774407600&x-signature=eXqWrIbWYgEqRoa0hOtOElYoddY%3D&t=4d5b0474&ps=13740610&shp=81f88b70&shcp=9b759fb9&idc=useast8&ftpl=1"",""downloadLink"":""https://p16-common-sign.tiktokcdn-us.com/tos-useast8-i-photomode-tx2/4133b40cd0b44037ba57f14c06c37e1e~tplv-photomode-image.jpeg?dr=9616&x-expires=1774407600&x-signature=eXqWrIbWYgEqRoa0hOtOElYoddY%3D&t=4d5b0474&ps=13740610&shp=81f88b70&shcp=9b759fb9&idc=useast8&ftpl=1""},{""tiktokLink"":""https://p16-common-sign.tiktokcdn-us.com/tos-useast8-i-photomode-tx2/5310a0da7f834b5ca2552c3c414daa4c~tplv-photomode-image.jpeg?dr=9616&x-expires=1774407600&x-signature=2RY%2BTWmcwYSGlDHWt4YMfeyZzIw%3D&t=4d5b0474&ps=13740610&shp=81f88b70&shcp=9b759fb9&idc=useast8&ftpl=1"",""downloadLink"":""https://p16-common-sign.tiktokcdn-us.com/tos-useast8-i-photomode-tx2/5310a0da7f834b5ca2552c3c414daa4c~tplv-photomode-image.jpeg?dr=9616&x-expires=1774407600&x-signature=2RY%2BTWmcwYSGlDHWt4YMfeyZzIw%3D&t=4d5b0474&ps=13740610&shp=81f88b70&shcp=9b759fb9&idc=useast8&ftpl=1""},{""tiktokLink"":""https://p16-common-sign.tiktokcdn-us.com/tos-useast8-i-photomode-tx2/44d753d6c10e4756a34577724ddf134a~tplv-photomode-image.jpeg?dr=9616&x-expires=1774407600&x-signature=XRVs6MmkT6ulN2GZihdh0KRFDZw%3D&t=4d5b0474&ps=13740610&shp=81f88b70&shcp=9b759fb9&idc=useast8&ftpl=1"",""downloadLink"":""https://p16-common-sign.tiktokcdn-us.com/tos-useast8-i-photomode-tx2/44d753d6c10e4756a34577724ddf134a~tplv-photomode-image.jpeg?dr=9616&x-expires=1774407600&x-signature=XRVs6MmkT6ulN2GZihdh0KRFDZw%3D&t=4d5b0474&ps=13740610&shp=81f88b70&shcp=9b759fb9&idc=useast8&ftpl=1""},{""tiktokLink"":""https://p16-common-sign.tiktokcdn-us.com/tos-useast8-i-photomode-tx2/8e4184e97fd648d5b94546f4d88f79f8~tplv-photomode-image.jpeg?dr=9616&x-expires=1774407600&x-signature=VlfdEYEZZOSmkT4QJhfphpGspOo%3D&t=4d5b0474&ps=13740610&shp=81f88b70&shcp=9b759fb9&idc=useast8&ftpl=1"",""downloadLink"":""https://p16-common-sign.tiktokcdn-us.com/tos-useast8-i-photomode-tx2/8e4184e97fd648d5b94546f4d88f79f8~tplv-photomode-image.jpeg?dr=9616&x-expires=1774407600&x-signature=VlfdEYEZZOSmkT4QJhfphpGspOo%3D&t=4d5b0474&ps=13740610&shp=81f88b70&shcp=9b759fb9&idc=useast8&ftpl=1""},{""tiktokLink"":""https://p16-common-sign.tiktokcdn-us.com/tos-useast8-i-photomode-tx2/37910528d0f14b5698fb2b5d4170f010~tplv-photomode-image.jpeg?dr=9616&x-expires=1774407600&x-signature=3ZvSwuTaijwcaBy06vkxhri3n7U%3D&t=4d5b0474&ps=13740610&shp=81f88b70&shcp=9b759fb9&idc=useast8&ftpl=1"",""downloadLink"":""https://p16-common-sign.tiktokcdn-us.com/tos-useast8-i-photomode-tx2/37910528d0f14b5698fb2b5d4170f010~tplv-photomode-image.jpeg?dr=9616&x-expires=1774407600&x-signature=3ZvSwuTaijwcaBy06vkxhri3n7U%3D&t=4d5b0474&ps=13740610&shp=81f88b70&shcp=9b759fb9&idc=useast8&ftpl=1""},{""tiktokLink"":""https://p16-common-sign.tiktokcdn-us.com/tos-useast8-i-photomode-tx2/5d5901adeaa34883aa05a5dc7899b677~tplv-photomode-image.jpeg?dr=9616&x-expires=1774407600&x-signature=OX%2BQ%2B9L2xnzV%2Fqk%2FAZXQGcVuIx4%3D&t=4d5b0474&ps=13740610&shp=81f88b70&shcp=9b759fb9&idc=useast8&ftpl=1"",""downloadLink"":""https://p16-common-sign.tiktokcdn-us.com/tos-useast8-i-photomode-tx2/5d5901adeaa34883aa05a5dc7899b677~tplv-photomode-image.jpeg?dr=9616&x-expires=1774407600&x-signature=OX%2BQ%2B9L2xnzV%2Fqk%2FAZXQGcVuIx4%3D&t=4d5b0474&ps=13740610&shp=81f88b70&shcp=9b759fb9&idc=useast8&ftpl=1""},{""tiktokLink"":""https://p16-common-sign.tiktokcdn-us.com/tos-useast8-i-photomode-tx2/b61e950427c548149d825d58739778c1~tplv-photomode-image.jpeg?dr=9616&x-expires=1774407600&x-signature=xa4Ovgf6jqUceQFdyXMeyfZFU%2FE%3D&t=4d5b0474&ps=13740610&shp=81f88b70&shcp=9b759fb9&idc=useast8&ftpl=1"",""downloadLink"":""https://p16-common-sign.tiktokcdn-us.com/tos-useast8-i-photomode-tx2/b61e950427c548149d825d58739778c1~tplv-photomode-image.jpeg?dr=9616&x-expires=1774407600&x-signature=xa4Ovgf6jqUceQFdyXMeyfZFU%2FE%3D&t=4d5b0474&ps=13740610&shp=81f88b70&shcp=9b759fb9&idc=useast8&ftpl=1""},{""tiktokLink"":""https://p16-common-sign.tiktokcdn-us.com/tos-useast8-i-photomode-tx2/d8d89aae179c4a9198c1fb4c86dd03c8~tplv-photomode-image.jpeg?dr=9616&x-expires=1774407600&x-signature=3fYPVkFIeYVXHFmm5NiUPo4T%2FAs%3D&t=4d5b0474&ps=13740610&shp=81f88b70&shcp=9b759fb9&idc=useast8&ftpl=1"",""downloadLink"":""https://p16-common-sign.tiktokcdn-us.com/tos-useast8-i-photomode-tx2/d8d89aae179c4a9198c1fb4c86dd03c8~tplv-photomode-image.jpeg?dr=9616&x-expires=1774407600&x-signature=3fYPVkFIeYVXHFmm5NiUPo4T%2FAs%3D&t=4d5b0474&ps=13740610&shp=81f88b70&shcp=9b759fb9&idc=useast8&ftpl=1""},{""tiktokLink"":""https://p16-common-sign.tiktokcdn-us.com/tos-useast8-i-photomode-tx2/9fc956d5c24943e1b26717c6dcbbc2e9~tplv-photomode-image.jpeg?dr=9616&x-expires=1774407600&x-signature=iGY0P2Fdo3FYNTLROC%2BIbW8WtI4%3D&t=4d5b0474&ps=13740610&shp=81f88b70&shcp=9b759fb9&idc=useast8&ftpl=1"",""downloadLink"":""https://p16-common-sign.tiktokcdn-us.com/tos-useast8-i-photomode-tx2/9fc956d5c24943e1b26717c6dcbbc2e9~tplv-photomode-image.jpeg?dr=9616&x-expires=1774407600&x-signature=iGY0P2Fdo3FYNTLROC%2BIbW8WtI4%3D&t=4d5b0474&ps=13740610&shp=81f88b70&shcp=9b759fb9&idc=useast8&ftpl=1""},{""tiktokLink"":""https://p16-common-sign.tiktokcdn-us.com/tos-useast8-i-photomode-tx2/93257fcbf23040eaa56f7e1719af1a9c~tplv-photomode-image.jpeg?dr=9616&x-expires=1774407600&x-signature=x55ug3Ab%2FCvV3l%2FebkoI7EFAx4g%3D&t=4d5b0474&ps=13740610&shp=81f88b70&shcp=9b759fb9&idc=useast8&ftpl=1"",""downloadLink"":""https://p16-common-sign.tiktokcdn-us.com/tos-useast8-i-photomode-tx2/93257fcbf23040eaa56f7e1719af1a9c~tplv-photomode-image.jpeg?dr=9616&x-expires=1774407600&x-signature=x55ug3Ab%2FCvV3l%2FebkoI7EFAx4g%3D&t=4d5b0474&ps=13740610&shp=81f88b70&shcp=9b759fb9&idc=useast8&ftpl=1""},{""tiktokLink"":""https://p16-common-sign.tiktokcdn-us.com/tos-useast8-i-photomode-tx2/893e52157a594de1b0e4b103a87c6d32~tplv-photomode-image.jpeg?dr=9616&x-expires=1774407600&x-signature=HrK2PtyZMXyLFh1UInQmtcu35Gk%3D&t=4d5b0474&ps=13740610&shp=81f88b70&shcp=9b759fb9&idc=useast8&ftpl=1"",""downloadLink"":""https://p16-common-sign.tiktokcdn-us.com/tos-useast8-i-photomode-tx2/893e52157a594de1b0e4b103a87c6d32~tplv-photomode-image.jpeg?dr=9616&x-expires=1774407600&x-signature=HrK2PtyZMXyLFh1UInQmtcu35Gk%3D&t=4d5b0474&ps=13740610&shp=81f88b70&shcp=9b759fb9&idc=useast8&ftpl=1""},{""tiktokLink"":""https://p16-common-sign.tiktokcdn-us.com/tos-useast8-i-photomode-tx2/9a40b2eaf5a9492aa837df0ffa637e8d~tplv-photomode-image.jpeg?dr=9616&x-expires=1774407600&x-signature=TDA6tpfYqtOQzjQ0SwMpvbIZGBQ%3D&t=4d5b0474&ps=13740610&shp=81f88b70&shcp=9b759fb9&idc=useast8&ftpl=1"",""downloadLink"":""https://p16-common-sign.tiktokcdn-us.com/tos-useast8-i-photomode-tx2/9a40b2eaf5a9492aa837df0ffa637e8d~tplv-photomode-image.jpeg?dr=9616&x-expires=1774407600&x-signature=TDA6tpfYqtOQzjQ0SwMpvbIZGBQ%3D&t=4d5b0474&ps=13740610&shp=81f88b70&shcp=9b759fb9&idc=useast8&ftpl=1""},{""tiktokLink"":""https://p19-common-sign.tiktokcdn-us.com/tos-useast8-i-photomode-tx2/f6df4fff260a4dbb85cf9f748d7c68e0~tplv-photomode-image.jpeg?dr=9616&x-expires=1774407600&x-signature=4aJDwukFUEU6Jt%2Fm%2FHvCmMiIT60%3D&t=4d5b0474&ps=13740610&shp=81f88b70&shcp=9b759fb9&idc=useast8&ftpl=1"",""downloadLink"":""https://p19-common-sign.tiktokcdn-us.com/tos-useast8-i-photomode-tx2/f6df4fff260a4dbb85cf9f748d7c68e0~tplv-photomode-image.jpeg?dr=9616&x-expires=1774407600&x-signature=4aJDwukFUEU6Jt%2Fm%2FHvCmMiIT60%3D&t=4d5b0474&ps=13740610&shp=81f88b70&shcp=9b759fb9&idc=useast8&ftpl=1""}]",false,false,[],thepattern,videos,
7615781316809854238,"Jupiter goes direct today. If things have felt stuck lately, momentum may start returning.

Pay attention to what begins opening up in your life. ✨

#astrologytiktok #jupiterdirect #astrology ",en,1773187282,2026-03-11T00:01:22.000Z,false,"{""id"":""6842344214664610822"",""name"":""thepattern"",""profileUrl"":""https://www.tiktok.com/@thepattern"",""nickName"":""The Pattern"",""verified"":true,""signature"":""Astrology that explains you + your relationships.\nSee your personal insights ↓"",""bioLink"":""https://linktr.ee/thepattern"",""avatar"":""https://p16-common-sign.tiktokcdn-us.com/tos-maliva-avt-0068/7327334179237003270~tplv-tiktokx-cropcenter:720:720.jpeg?dr=9640&refresh_token=293efb51&x-expires=1774407600&x-signature=l0fYlZz%2BNN2NrHX4kOOm1IM9O0A%3D&t=4d5b0474&ps=13740610&shp=a5d48078&shcp=81f88b70&idc=useast5"",""commerceUserInfo"":{""commerceUser"":true,""category"":""Software & Apps"",""categoryButton"":false},""privateAccount"":false,""roomId"":"""",""ttSeller"":false,""createTime"":1593107531,""following"":180,""friends"":70,""fans"":86500,""heart"":904400,""video"":109,""digg"":388,""originalAvatarUrl"":""https://p16-common-sign.tiktokcdn-us.com/tos-maliva-avt-0068/7327334179237003270~tplv-tiktokx-cropcenter:720:720.jpeg?dr=9640&refresh_token=293efb51&x-expires=1774407600&x-signature=l0fYlZz%2BNN2NrHX4kOOm1IM9O0A%3D&t=4d5b0474&ps=13740610&shp=a5d48078&shcp=81f88b70&idc=useast5""}","{""musicName"":""original sound"",""musicAuthor"":""The Pattern"",""musicOriginal"":true,""playUrl"":""https://v16m.tiktokcdn-us.com/616321ed87ad3eacd419a9a280f961f8/69c10b76/video/tos/useast8/tos-useast8-v-27dcd7-tx2/ok0CEwJKBBiWGAAArsSAfiNzhiquqEwsEF2g1A/?a=1233&bti=ODszNWYuMDE6&ch=0&cr=0&dr=0&er=0&lr=default&cd=0%7C0%7C0%7C0&br=250&bt=125&ds=5&ft=GSDrKInz7Ths8N-PXq8Zmo&mime_type=audio_mpeg&qs=13&rc=ajwzZm05cm9lOTMzaTU8NEBpajwzZm05cm9lOTMzaTU8NEBpYDFqMmRjLmxhLS1kMTJzYSNpYDFqMmRjLmxhLS1kMTJzcw%3D%3D&vvpl=1&l=202603230344086EDFAC167D6B9800C67A&btag=e00070000"",""coverMediumUrl"":""https://p19-common-sign.tiktokcdn-us.com/tos-maliva-avt-0068/7327334179237003270~tplv-tiktokx-cropcenter:720:720.jpeg?dr=9640&refresh_token=74c73f9b&x-expires=1774407600&x-signature=zGeHVA83OZgYGmPkQbPTzeiE1zI%3D&t=4d5b0474&ps=13740610&shp=a5d48078&shcp=81f88b70&idc=useast8"",""musicId"":""7615781281300876063"",""originalCoverMediumUrl"":""https://p19-common-sign.tiktokcdn-us.com/tos-maliva-avt-0068/7327334179237003270~tplv-tiktokx-cropcenter:720:720.jpeg?dr=9640&refresh_token=74c73f9b&x-expires=1774407600&x-signature=zGeHVA83OZgYGmPkQbPTzeiE1zI%3D&t=4d5b0474&ps=13740610&shp=a5d48078&shcp=81f88b70&idc=useast8""}",https://www.tiktok.com/@thepattern/video/7615781316809854238,"{""height"":1280,""width"":720,""duration"":14,""coverUrl"":""https://p16-common-sign.tiktokcdn-us.com/tos-useast8-p-0068-tx2/owPCbCi2PEBpozAAh7AAf1iU0wIFIVoiKANFsB~tplv-tiktokx-origin.image?dr=9636&x-expires=1774407600&x-signature=m3aSvbwfvwQMLGJ9MDPtYR%2BwBzY%3D&t=4d5b0474&ps=13740610&shp=81f88b70&shcp=43f4a2f9&idc=useast8"",""definition"":""720p"",""format"":""mp4"",""subtitleLinks"":[{""language"":""eng-US"",""downloadLink"":""https://v16m-webapp.tiktokcdn-us.com/ae23268326ff276275443538cfd02347/69c35a16/video/tos/useast8/tos-useast8-v-0068-tx2/59d1f30bd5104a148a3401c710e091c0/?a=1988&bti=ODszNWYuMDE6&ch=0&cr=3&dr=0&lr=all&cd=0%7C0%7C0%7C&cv=1&br=2428&bt=1214&ds=4&ft=aEKq_qT0mIoPD12GU~ms3wUCdCAbMeF~O5&mime_type=video_mp4&qs=13&rc=M3RlZnM5cm1lOTMzaTczNEBpM3RlZnM5cm1lOTMzaTczNEBsLjVyMmRrLmxhLS1kMTJzYSNsLjVyMmRrLmxhLS1kMTJzcw%3D%3D&l=202603230344086EDFAC167D6B9800C67A&btag=e00070000"",""source"":""ASR"",""sourceUnabbreviated"":""automatic speech recognition"",""version"":""1:big_caption"",""tiktokLink"":""https://v16m-webapp.tiktokcdn-us.com/ae23268326ff276275443538cfd02347/69c35a16/video/tos/useast8/tos-useast8-v-0068-tx2/59d1f30bd5104a148a3401c710e091c0/?a=1988&bti=ODszNWYuMDE6&ch=0&cr=3&dr=0&lr=all&cd=0%7C0%7C0%7C&cv=1&br=2428&bt=1214&ds=4&ft=aEKq_qT0mIoPD12GU~ms3wUCdCAbMeF~O5&mime_type=video_mp4&qs=13&rc=M3RlZnM5cm1lOTMzaTczNEBpM3RlZnM5cm1lOTMzaTczNEBsLjVyMmRrLmxhLS1kMTJzYSNsLjVyMmRrLmxhLS1kMTJzcw%3D%3D&l=202603230344086EDFAC167D6B9800C67A&btag=e00070000""}],""transcriptionLink"":null,""originalCoverUrl"":""https://p16-common-sign.tiktokcdn-us.com/tos-useast8-p-0068-tx2/owPCbCi2PEBpozAAh7AAf1iU0wIFIVoiKANFsB~tplv-tiktokx-origin.image?dr=9636&x-expires=1774407600&x-signature=m3aSvbwfvwQMLGJ9MDPtYR%2BwBzY%3D&t=4d5b0474&ps=13740610&shp=81f88b70&shcp=43f4a2f9&idc=useast8""}",266,4,4781,35,2,0,[],[],"[{""name"":""astrologytiktok""},{""name"":""jupiterdirect""},{""name"":""astrology""}]",[],false,,false,false,[],thepattern,videos,
7614266884724182302,"This is a moment to take emotional risks. Venus in Aries is telling you to go for it. 

The next 3 weeks want you to be courageous and spontaneous in your approach to love. 

It's time to get out of y...",en,1772834684,2026-03-06T22:04:44.000Z,false,"{""id"":""6842344214664610822"",""name"":""thepattern"",""profileUrl"":""https://www.tiktok.com/@thepattern"",""nickName"":""The Pattern"",""verified"":true,""signature"":""Astrology that explains you + your relationships.\nSee your personal insights ↓"",""bioLink"":""https://linktr.ee/thepattern"",""avatar"":""https://p16-common-sign.tiktokcdn-us.com/tos-maliva-avt-0068/7327334179237003270~tplv-tiktokx-cropcenter:720:720.jpeg?dr=9640&refresh_token=293efb51&x-expires=1774407600&x-signature=l0fYlZz%2BNN2NrHX4kOOm1IM9O0A%3D&t=4d5b0474&ps=13740610&shp=a5d48078&shcp=81f88b70&idc=useast5"",""commerceUserInfo"":{""commerceUser"":true,""category"":""Software & Apps"",""categoryButton"":false},""privateAccount"":false,""roomId"":"""",""ttSeller"":false,""createTime"":1593107531,""following"":180,""friends"":70,""fans"":86500,""heart"":904400,""video"":109,""digg"":388,""originalAvatarUrl"":""https://p16-common-sign.tiktokcdn-us.com/tos-maliva-avt-0068/7327334179237003270~tplv-tiktokx-cropcenter:720:720.jpeg?dr=9640&refresh_token=293efb51&x-expires=1774407600&x-signature=l0fYlZz%2BNN2NrHX4kOOm1IM9O0A%3D&t=4d5b0474&ps=13740610&shp=a5d48078&shcp=81f88b70&idc=useast5""}","{""musicName"":""original sound"",""musicAuthor"":""The Pattern"",""musicOriginal"":true,""playUrl"":""https://v16m.tiktokcdn-us.com/fa1ae6052b082713ec82a9fd8c69d8e7/69c10b7f/video/tos/useast8/tos-useast8-v-27dcd7-tx2/ok6rIBfDqEwjTkToSTzeCVQprC3E2E7AFAAeEA/?a=1233&bti=ODszNWYuMDE6&ch=0&cr=0&dr=0&er=0&lr=default&cd=0%7C0%7C0%7C0&br=250&bt=125&ds=5&ft=GSDrKInz7Ths8N-PXq8Zmo&mime_type=audio_mpeg&qs=13&rc=Mzs2b3I5cnluOTMzaTU8NEBpMzs2b3I5cnluOTMzaTU8NEBjMWAxMmRrcmlhLS1kMTJzYSNjMWAxMmRrcmlhLS1kMTJzcw%3D%3D&vvpl=1&l=202603230344086EDFAC167D6B9800C67A&btag=e00078000"",""coverMediumUrl"":""https://p19-common-sign.tiktokcdn-us.com/tos-maliva-avt-0068/7327334179237003270~tplv-tiktokx-cropcenter:720:720.jpeg?dr=9640&refresh_token=74c73f9b&x-expires=1774407600&x-signature=zGeHVA83OZgYGmPkQbPTzeiE1zI%3D&t=4d5b0474&ps=13740610&shp=a5d48078&shcp=81f88b70&idc=useast8"",""musicId"":""7614266913228622622"",""originalCoverMediumUrl"":""https://p19-common-sign.tiktokcdn-us.com/tos-maliva-avt-0068/7327334179237003270~tplv-tiktokx-cropcenter:720:720.jpeg?dr=9640&refresh_token=74c73f9b&x-expires=1774407600&x-signature=zGeHVA83OZgYGmPkQbPTzeiE1zI%3D&t=4d5b0474&ps=13740610&shp=a5d48078&shcp=81f88b70&idc=useast8""}",https://www.tiktok.com/@thepattern/video/7614266884724182302,"{""height"":1280,""width"":720,""duration"":23,""coverUrl"":""https://p16-common-sign.tiktokcdn-us.com/tos-useast8-p-0068-tx2/oUsEAepIrS6BtCXTAeV30vidiEARCAq1oZLHAE~tplv-tiktokx-origin.image?dr=9636&x-expires=1774407600&x-signature=usgEvVM4oQ2YMPbUj58jKnIKiH8%3D&t=4d5b0474&ps=13740610&shp=81f88b70&shcp=43f4a2f9&idc=useast8"",""definition"":""720p"",""format"":""mp4"",""subtitleLinks"":[{""language"":""eng-US"",""downloadLink"":""https://v16m-webapp.tiktokcdn-us.com/60566a6f53881c2fbd81322c87768381/69c35a1f/video/tos/useast8/tos-useast8-v-0068-tx2/7a4836c1da0c42a7b2088a4a71d5ac4e/?a=1988&bti=ODszNWYuMDE6&ch=0&cr=3&dr=0&lr=all&cd=0%7C0%7C0%7C&cv=1&br=5538&bt=2769&cs=0&ds=4&ft=aEKq_qT0mIoPD12GU~ms3wUCdCAbMeF~O5&mime_type=video_mp4&qs=13&rc=anJkd285cjZuOTMzaTczNEBpanJkd285cjZuOTMzaTczNEA1bTBuMmRjbmlhLS1kMTJzYSM1bTBuMmRjbmlhLS1kMTJzcw%3D%3D&l=202603230344086EDFAC167D6B9800C67A&btag=e00078000"",""source"":""ASR"",""sourceUnabbreviated"":""automatic speech recognition"",""version"":""1:big_caption"",""tiktokLink"":""https://v16m-webapp.tiktokcdn-us.com/60566a6f53881c2fbd81322c87768381/69c35a1f/video/tos/useast8/tos-useast8-v-0068-tx2/7a4836c1da0c42a7b2088a4a71d5ac4e/?a=1988&bti=ODszNWYuMDE6&ch=0&cr=3&dr=0&lr=all&cd=0%7C0%7C0%7C&cv=1&br=5538&bt=2769&cs=0&ds=4&ft=aEKq_qT0mIoPD12GU~ms3wUCdCAbMeF~O5&mime_type=video_mp4&qs=13&rc=anJkd285cjZuOTMzaTczNEBpanJkd285cjZuOTMzaTczNEA1bTBuMmRjbmlhLS1kMTJzYSM1bTBuMmRjbmlhLS1kMTJzcw%3D%3D&l=202603230344086EDFAC167D6B9800C67A&btag=e00078000""}],""transcriptionLink"":null,""originalCoverUrl"":""https://p16-common-sign.tiktokcdn-us.com/tos-useast8-p-0068-tx2/oUsEAepIrS6BtCXTAeV30vidiEARCAq1oZLHAE~tplv-tiktokx-origin.image?dr=9636&x-expires=1774407600&x-signature=usgEvVM4oQ2YMPbUj58jKnIKiH8%3D&t=4d5b0474&ps=13740610&shp=81f88b70&shcp=43f4a2f9&idc=useast8""}",131,9,1813,11,1,0,[],[],"[{""name"":""venus""},{""name"":""relationships""},{""name"":""astrology""},{""name"":""fyp""}]",[],false,,false,false,[],thepattern,videos,
7612822100641877279,"Tomorrow’s full moon and lunar eclipse in Virgo is a time to trust yourself. 

#fullmoon #eclipse #astrology ",en,1772498290,2026-03-03T00:38:10.000Z,false,"{""id"":""6842344214664610822"",""name"":""thepattern"",""profileUrl"":""https://www.tiktok.com/@thepattern"",""nickName"":""The Pattern"",""verified"":true,""signature"":""Astrology that explains you + your relationships.\nSee your personal insights ↓"",""bioLink"":""https://linktr.ee/thepattern"",""avatar"":""https://p16-common-sign.tiktokcdn-us.com/tos-maliva-avt-0068/7327334179237003270~tplv-tiktokx-cropcenter:720:720.jpeg?dr=9640&refresh_token=293efb51&x-expires=1774407600&x-signature=l0fYlZz%2BNN2NrHX4kOOm1IM9O0A%3D&t=4d5b0474&ps=13740610&shp=a5d48078&shcp=81f88b70&idc=useast5"",""commerceUserInfo"":{""commerceUser"":true,""category"":""Software & Apps"",""categoryButton"":false},""privateAccount"":false,""roomId"":"""",""ttSeller"":false,""createTime"":1593107531,""following"":180,""friends"":70,""fans"":86500,""heart"":904400,""video"":109,""digg"":388,""originalAvatarUrl"":""https://p16-common-sign.tiktokcdn-us.com/tos-maliva-avt-0068/7327334179237003270~tplv-tiktokx-cropcenter:720:720.jpeg?dr=9640&refresh_token=293efb51&x-expires=1774407600&x-signature=l0fYlZz%2BNN2NrHX4kOOm1IM9O0A%3D&t=4d5b0474&ps=13740610&shp=a5d48078&shcp=81f88b70&idc=useast5""}","{""musicName"":""Universe"",""musicAuthor"":""GALAGA"",""musicOriginal"":false,""musicAlbum"":""Universe"",""playUrl"":""https://sf16-sign.tiktokcdn-us.com/obj/tos-alisg-ve-2774/oot5QQEDgGfBG50WHmwGtmoYOQFMaZCoyzBehg?lk3s=08d74b56&x-expires=1774259048&x-signature=27yB2OJuN2B4NcFhy1rNlE%2BI3sA%3D"",""coverMediumUrl"":""https://p16-common-sign.tiktokcdn-us.com/tos-alisg-v-2774/o8EAjzEWJAYAzwsv4rEBCiiAcDBinUAOkfn5no~tplv-tiktokx-cropcenter:200:200.jpeg?dr=9640&refresh_token=5a42f13b&x-expires=1774256400&x-signature=jwZ4LOrpdzqzcTZiDJSON0%2BRJkA%3D&t=4d5b0474&ps=13740610&shp=08d74b56&shcp=81f88b70&idc=useast8"",""musicId"":""7395770813695248385"",""originalCoverMediumUrl"":""https://p16-common-sign.tiktokcdn-us.com/tos-alisg-v-2774/o8EAjzEWJAYAzwsv4rEBCiiAcDBinUAOkfn5no~tplv-tiktokx-cropcenter:200:200.jpeg?dr=9640&refresh_token=5a42f13b&x-expires=1774256400&x-signature=jwZ4LOrpdzqzcTZiDJSON0%2BRJkA%3D&t=4d5b0474&ps=13740610&shp=08d74b56&shcp=81f88b70&idc=useast8""}",https://www.tiktok.com/@thepattern/video/7612822100641877279,"{""height"":1280,""width"":720,""duration"":15,""coverUrl"":""https://p16-common-sign.tiktokcdn-us.com/tos-useast8-p-0068-tx2/oYtECimPiYDAXCaILARMtlMAB0aBAN1cDELcA~tplv-tiktokx-origin.image?dr=9636&x-expires=1774407600&x-signature=JbCuLqhapjn6JDEQdaLT04efP2o%3D&t=4d5b0474&ps=13740610&shp=81f88b70&shcp=43f4a2f9&idc=useast8"",""definition"":""720p"",""format"":""mp4"",""subtitleLinks"":[{""language"":""eng-US"",""downloadLink"":""https://v16m-webapp.tiktokcdn-us.com/7b896bb2765e74b4acc0202a660de9bf/69c35a17/video/tos/useast8/tos-useast8-v-0068-tx2/3df43dd0ec3141c18ea25bdad994e148/?a=1988&bti=ODszNWYuMDE6&ch=0&cr=3&dr=0&lr=all&cd=0%7C0%7C0%7C&cv=1&br=6608&bt=3304&cs=0&ds=4&ft=aEKq_qT0mIoPD12GU~ms3wUCdCAbMeF~O5&mime_type=video_mp4&qs=13&rc=M2tydm45cjQ1OTMzaTczNEBpM2tydm45cjQ1OTMzaTczNEBwMDVqMmRzbmdhLS1kMTJzYSNwMDVqMmRzbmdhLS1kMTJzcw%3D%3D&l=202603230344086EDFAC167D6B9800C67A&btag=e00078000"",""source"":""ASR"",""sourceUnabbreviated"":""automatic speech recognition"",""version"":""1:big_caption"",""tiktokLink"":""https://v16m-webapp.tiktokcdn-us.com/7b896bb2765e74b4acc0202a660de9bf/69c35a17/video/tos/useast8/tos-useast8-v-0068-tx2/3df43dd0ec3141c18ea25bdad994e148/?a=1988&bti=ODszNWYuMDE6&ch=0&cr=3&dr=0&lr=all&cd=0%7C0%7C0%7C&cv=1&br=6608&bt=3304&cs=0&ds=4&ft=aEKq_qT0mIoPD12GU~ms3wUCdCAbMeF~O5&mime_type=video_mp4&qs=13&rc=M2tydm45cjQ1OTMzaTczNEBpM2tydm45cjQ1OTMzaTczNEBwMDVqMmRzbmdhLS1kMTJzYSNwMDVqMmRzbmdhLS1kMTJzcw%3D%3D&l=202603230344086EDFAC167D6B9800C67A&btag=e00078000""}],""transcriptionLink"":null,""originalCoverUrl"":""https://p16-common-sign.tiktokcdn-us.com/tos-useast8-p-0068-tx2/oYtECimPiYDAXCaILARMtlMAB0aBAN1cDELcA~tplv-tiktokx-origin.image?dr=9636&x-expires=1774407600&x-signature=JbCuLqhapjn6JDEQdaLT04efP2o%3D&t=4d5b0474&ps=13740610&shp=81f88b70&shcp=43f4a2f9&idc=useast8""}",306,21,5009,23,3,0,[],[],"[{""name"":""fullmoon""},{""name"":""eclipse""},{""name"":""astrology""}]",[],false,,false,false,[],thepattern,videos,
7612478413810502943,"This Full Moon and Lunar Eclipse in Virgo is trying to show where you're out of balance and perhaps not trusting yourself. 

Virgo sees the sacred patterns in everything. This moment is about letting ...",en,1772418262,2026-03-02T02:24:22.000Z,false,"{""id"":""6842344214664610822"",""name"":""thepattern"",""profileUrl"":""https://www.tiktok.com/@thepattern"",""nickName"":""The Pattern"",""verified"":true,""signature"":""Astrology that explains you + your relationships.\nSee your personal insights ↓"",""bioLink"":""https://linktr.ee/thepattern"",""avatar"":""https://p16-common-sign.tiktokcdn-us.com/tos-maliva-avt-0068/7327334179237003270~tplv-tiktokx-cropcenter:720:720.jpeg?dr=9640&refresh_token=293efb51&x-expires=1774407600&x-signature=l0fYlZz%2BNN2NrHX4kOOm1IM9O0A%3D&t=4d5b0474&ps=13740610&shp=a5d48078&shcp=81f88b70&idc=useast5"",""commerceUserInfo"":{""commerceUser"":true,""category"":""Software & Apps"",""categoryButton"":false},""privateAccount"":false,""roomId"":"""",""ttSeller"":false,""createTime"":1593107531,""following"":180,""friends"":70,""fans"":86500,""heart"":904400,""video"":109,""digg"":388,""originalAvatarUrl"":""https://p16-common-sign.tiktokcdn-us.com/tos-maliva-avt-0068/7327334179237003270~tplv-tiktokx-cropcenter:720:720.jpeg?dr=9640&refresh_token=293efb51&x-expires=1774407600&x-signature=l0fYlZz%2BNN2NrHX4kOOm1IM9O0A%3D&t=4d5b0474&ps=13740610&shp=a5d48078&shcp=81f88b70&idc=useast5""}","{""musicName"":""Divine Intervention"",""musicAuthor"":""Angelical Voices & Dee Piano & Melodia Simples & Dy Kamylle"",""musicOriginal"":false,""musicAlbum"":""Spiritual Voices"",""playUrl"":""https://sf16.tiktokcdn-us.com/obj/tos-alisg-ve-2774/ooDrMCLeIQGLjygVe6IAemIvKeYaN0eMAF988K"",""coverMediumUrl"":""https://p16-common.tiktokcdn-us.com/tos-alisg-v-2774/oUAGsAkAIChAI9LAKHtVG88eQefNKhreeIMnKJ~tplv-tiktokx-cropcenter:200:200.jpeg?dr=9584&t=4d5b0474&ps=933b5bde&shp=08d74b56&shcp=81f88b70&idc=useast8"",""musicId"":""7592773098472523793"",""originalCoverMediumUrl"":""https://p16-common.tiktokcdn-us.com/tos-alisg-v-2774/oUAGsAkAIChAI9LAKHtVG88eQefNKhreeIMnKJ~tplv-tiktokx-cropcenter:200:200.jpeg?dr=9584&t=4d5b0474&ps=933b5bde&shp=08d74b56&shcp=81f88b70&idc=useast8""}",https://www.tiktok.com/@thepattern/video/7612478413810502943,"{""height"":0,""width"":0,""duration"":0,""coverUrl"":""https://p19-common-sign.tiktokcdn-us.com/tos-useast8-i-photomode-tx2/7862edc4bb274c88a965938142d14a7a~tplv-photomode-image.jpeg?dr=9616&x-expires=1774407600&x-signature=0VaojFjTf4DoHD2yq1QDGWq2TIs%3D&t=4d5b0474&ps=13740610&shp=81f88b70&shcp=9b759fb9&idc=useast8&ftpl=1"",""transcriptionLink"":null,""originalCoverUrl"":""https://p19-common-sign.tiktokcdn-us.com/tos-useast8-i-photomode-tx2/7862edc4bb274c88a965938142d14a7a~tplv-photomode-image.jpeg?dr=9616&x-expires=1774407600&x-signature=0VaojFjTf4DoHD2yq1QDGWq2TIs%3D&t=4d5b0474&ps=13740610&shp=81f88b70&shcp=9b759fb9&idc=useast8&ftpl=1""}",101,11,1854,12,1,0,[],[],[],[],true,"[{""tiktokLink"":""https://p16-common-sign.tiktokcdn-us.com/tos-useast8-i-photomode-tx2/7862edc4bb274c88a965938142d14a7a~tplv-photomode-image.jpeg?dr=9616&x-expires=1774407600&x-signature=Ol%2FlaPgCcv4rAYmQg5s1vN1ruOw%3D&t=4d5b0474&ps=13740610&shp=81f88b70&shcp=9b759fb9&idc=useast8&ftpl=1"",""downloadLink"":""https://p16-common-sign.tiktokcdn-us.com/tos-useast8-i-photomode-tx2/7862edc4bb274c88a965938142d14a7a~tplv-photomode-image.jpeg?dr=9616&x-expires=1774407600&x-signature=Ol%2FlaPgCcv4rAYmQg5s1vN1ruOw%3D&t=4d5b0474&ps=13740610&shp=81f88b70&shcp=9b759fb9&idc=useast8&ftpl=1""},{""tiktokLink"":""https://p19-common-sign.tiktokcdn-us.com/tos-useast8-i-photomode-tx2/6ec7bb75fe9641e9a305194c71868e28~tplv-photomode-image.jpeg?dr=9616&x-expires=1774407600&x-signature=1AQOm1Y%2FyGl1VPWAsXfbc3CG5Xg%3D&t=4d5b0474&ps=13740610&shp=81f88b70&shcp=9b759fb9&idc=useast8&ftpl=1"",""downloadLink"":""https://p19-common-sign.tiktokcdn-us.com/tos-useast8-i-photomode-tx2/6ec7bb75fe9641e9a305194c71868e28~tplv-photomode-image.jpeg?dr=9616&x-expires=1774407600&x-signature=1AQOm1Y%2FyGl1VPWAsXfbc3CG5Xg%3D&t=4d5b0474&ps=13740610&shp=81f88b70&shcp=9b759fb9&idc=useast8&ftpl=1""},{""tiktokLink"":""https://p16-common-sign.tiktokcdn-us.com/tos-useast8-i-photomode-tx2/0cdecf0deea74077bca3b58f4f98cc07~tplv-photomode-image.jpeg?dr=9616&x-expires=1774407600&x-signature=5xje8jSsg7ZX%2FOg8n8sJe6OW%2Fhc%3D&t=4d5b0474&ps=13740610&shp=81f88b70&shcp=9b759fb9&idc=useast8&ftpl=1"",""downloadLink"":""https://p16-common-sign.tiktokcdn-us.com/tos-useast8-i-photomode-tx2/0cdecf0deea74077bca3b58f4f98cc07~tplv-photomode-image.jpeg?dr=9616&x-expires=1774407600&x-signature=5xje8jSsg7ZX%2FOg8n8sJe6OW%2Fhc%3D&t=4d5b0474&ps=13740610&shp=81f88b70&shcp=9b759fb9&idc=useast8&ftpl=1""},{""tiktokLink"":""https://p16-common-sign.tiktokcdn-us.com/tos-useast8-i-photomode-tx2/d0abded63da84de2b9746d7047d855ef~tplv-photomode-image.jpeg?dr=9616&x-expires=1774407600&x-signature=MKfNC%2BEkXshrZ3Nkne6pLieyxRc%3D&t=4d5b0474&ps=13740610&shp=81f88b70&shcp=9b759fb9&idc=useast8&ftpl=1"",""downloadLink"":""https://p16-common-sign.tiktokcdn-us.com/tos-useast8-i-photomode-tx2/d0abded63da84de2b9746d7047d855ef~tplv-photomode-image.jpeg?dr=9616&x-expires=1774407600&x-signature=MKfNC%2BEkXshrZ3Nkne6pLieyxRc%3D&t=4d5b0474&ps=13740610&shp=81f88b70&shcp=9b759fb9&idc=useast8&ftpl=1""},{""tiktokLink"":""https://p16-common-sign.tiktokcdn-us.com/tos-useast8-i-photomode-tx2/a11ac04f2c444868a99fd74ab41d9970~tplv-photomode-image.jpeg?dr=9616&x-expires=1774407600&x-signature=04XnW2d%2BAvFruLzSM%2BrDmfRs%2F1M%3D&t=4d5b0474&ps=13740610&shp=81f88b70&shcp=9b759fb9&idc=useast8&ftpl=1"",""downloadLink"":""https://p16-common-sign.tiktokcdn-us.com/tos-useast8-i-photomode-tx2/a11ac04f2c444868a99fd74ab41d9970~tplv-photomode-image.jpeg?dr=9616&x-expires=1774407600&x-signature=04XnW2d%2BAvFruLzSM%2BrDmfRs%2F1M%3D&t=4d5b0474&ps=13740610&shp=81f88b70&shcp=9b759fb9&idc=useast8&ftpl=1""},{""tiktokLink"":""https://p19-common-sign.tiktokcdn-us.com/tos-useast8-i-photomode-tx2/309200022f8442a1ac4b026b6ff5f0e0~tplv-photomode-image.jpeg?dr=9616&x-expires=1774407600&x-signature=9trdLiUhHv3jAs9sOWp7fJsLOq0%3D&t=4d5b0474&ps=13740610&shp=81f88b70&shcp=9b759fb9&idc=useast8&ftpl=1"",""downloadLink"":""https://p19-common-sign.tiktokcdn-us.com/tos-useast8-i-photomode-tx2/309200022f8442a1ac4b026b6ff5f0e0~tplv-photomode-image.jpeg?dr=9616&x-expires=1774407600&x-signature=9trdLiUhHv3jAs9sOWp7fJsLOq0%3D&t=4d5b0474&ps=13740610&shp=81f88b70&shcp=9b759fb9&idc=useast8&ftpl=1""},{""tiktokLink"":""https://p19-common-sign.tiktokcdn-us.com/tos-useast8-i-photomode-tx2/1435a42bec594ebcbfe7b95e1b6c995a~tplv-photomode-image.jpeg?dr=9616&x-expires=1774407600&x-signature=bOIGwMEFX%2Ba2p1SyvAroSVT%2Fu1w%3D&t=4d5b0474&ps=13740610&shp=81f88b70&shcp=9b759fb9&idc=useast8&ftpl=1"",""downloadLink"":""https://p19-common-sign.tiktokcdn-us.com/tos-useast8-i-photomode-tx2/1435a42bec594ebcbfe7b95e1b6c995a~tplv-photomode-image.jpeg?dr=9616&x-expires=1774407600&x-signature=bOIGwMEFX%2Ba2p1SyvAroSVT%2Fu1w%3D&t=4d5b0474&ps=13740610&shp=81f88b70&shcp=9b759fb9&idc=useast8&ftpl=1""},{""tiktokLink"":""https://p16-common-sign.tiktokcdn-us.com/tos-useast8-i-photomode-tx2/8667d5e7002f409ca598e9bb75e4e554~tplv-photomode-image.jpeg?dr=9616&x-expires=1774407600&x-signature=FcSv%2BAQNEo3ivG8lrNqwVyMXej8%3D&t=4d5b0474&ps=13740610&shp=81f88b70&shcp=9b759fb9&idc=useast8&ftpl=1"",""downloadLink"":""https://p16-common-sign.tiktokcdn-us.com/tos-useast8-i-photomode-tx2/8667d5e7002f409ca598e9bb75e4e554~tplv-photomode-image.jpeg?dr=9616&x-expires=1774407600&x-signature=FcSv%2BAQNEo3ivG8lrNqwVyMXej8%3D&t=4d5b0474&ps=13740610&shp=81f88b70&shcp=9b759fb9&idc=useast8&ftpl=1""},{""tiktokLink"":""https://p16-common-sign.tiktokcdn-us.com/tos-useast8-i-photomode-tx2/0b41d723b47b4ccbacc6aa4c0b8454d3~tplv-photomode-image.jpeg?dr=9616&x-expires=1774407600&x-signature=sBvJpa2MvQ8JAVn2fR8yiILrRpA%3D&t=4d5b0474&ps=13740610&shp=81f88b70&shcp=9b759fb9&idc=useast8&ftpl=1"",""downloadLink"":""https://p16-common-sign.tiktokcdn-us.com/tos-useast8-i-photomode-tx2/0b41d723b47b4ccbacc6aa4c0b8454d3~tplv-photomode-image.jpeg?dr=9616&x-expires=1774407600&x-signature=sBvJpa2MvQ8JAVn2fR8yiILrRpA%3D&t=4d5b0474&ps=13740610&shp=81f88b70&shcp=9b759fb9&idc=useast8&ftpl=1""},{""tiktokLink"":""https://p16-common-sign.tiktokcdn-us.com/tos-useast8-i-photomode-tx2/3299c7d5199640c1b83a061ecb3e2742~tplv-photomode-image.jpeg?dr=9616&x-expires=1774407600&x-signature=8jnPL12Ww7GxMBFrB7CHtKWg8zA%3D&t=4d5b0474&ps=13740610&shp=81f88b70&shcp=9b759fb9&idc=useast8&ftpl=1"",""downloadLink"":""https://p16-common-sign.tiktokcdn-us.com/tos-useast8-i-photomode-tx2/3299c7d5199640c1b83a061ecb3e2742~tplv-photomode-image.jpeg?dr=9616&x-expires=1774407600&x-signature=8jnPL12Ww7GxMBFrB7CHtKWg8zA%3D&t=4d5b0474&ps=13740610&shp=81f88b70&shcp=9b759fb9&idc=useast8&ftpl=1""},{""tiktokLink"":""https://p16-common-sign.tiktokcdn-us.com/tos-useast8-i-photomode-tx2/089d502f1da14403b0c81ac9da688fa6~tplv-photomode-image.jpeg?dr=9616&x-expires=1774407600&x-signature=BnpRcALumCl7GCRuXfFU%2BRwHv%2BU%3D&t=4d5b0474&ps=13740610&shp=81f88b70&shcp=9b759fb9&idc=useast8&ftpl=1"",""downloadLink"":""https://p16-common-sign.tiktokcdn-us.com/tos-useast8-i-photomode-tx2/089d502f1da14403b0c81ac9da688fa6~tplv-photomode-image.jpeg?dr=9616&x-expires=1774407600&x-signature=BnpRcALumCl7GCRuXfFU%2BRwHv%2BU%3D&t=4d5b0474&ps=13740610&shp=81f88b70&shcp=9b759fb9&idc=useast8&ftpl=1""},{""tiktokLink"":""https://p16-common-sign.tiktokcdn-us.com/tos-useast8-i-photomode-tx2/eba408023ad344ada0d42c9d166f9b99~tplv-photomode-image.jpeg?dr=9616&x-expires=1774407600&x-signature=nPpfxQh0SxlJ09GiV2wia7yBKLQ%3D&t=4d5b0474&ps=13740610&shp=81f88b70&shcp=9b759fb9&idc=useast8&ftpl=1"",""downloadLink"":""https://p16-common-sign.tiktokcdn-us.com/tos-useast8-i-photomode-tx2/eba408023ad344ada0d42c9d166f9b99~tplv-photomode-image.jpeg?dr=9616&x-expires=1774407600&x-signature=nPpfxQh0SxlJ09GiV2wia7yBKLQ%3D&t=4d5b0474&ps=13740610&shp=81f88b70&shcp=9b759fb9&idc=useast8&ftpl=1""},{""tiktokLink"":""https://p19-common-sign.tiktokcdn-us.com/tos-useast8-i-photomode-tx2/f76d9be3d6ed4d62bebd9129a3c2f8d9~tplv-photomode-image.jpeg?dr=9616&x-expires=1774407600&x-signature=vC9LRXj5FuK3MDkjOiqv4C3TgeI%3D&t=4d5b0474&ps=13740610&shp=81f88b70&shcp=9b759fb9&idc=useast8&ftpl=1"",""downloadLink"":""https://p19-common-sign.tiktokcdn-us.com/tos-useast8-i-photomode-tx2/f76d9be3d6ed4d62bebd9129a3c2f8d9~tplv-photomode-image.jpeg?dr=9616&x-expires=1774407600&x-signature=vC9LRXj5FuK3MDkjOiqv4C3TgeI%3D&t=4d5b0474&ps=13740610&shp=81f88b70&shcp=9b759fb9&idc=useast8&ftpl=1""}]",false,false,[],thepattern,videos,
7611736103434865951,"The Virgo Full Moon & Lunar Eclipse is about completing a major karmic cycle. 🌘 It’s helping you release something from your past that’s holding you back. 

Whether an old relationship, person, or pa...",en,1772245433,2026-02-28T02:23:53.000Z,false,"{""id"":""6842344214664610822"",""name"":""thepattern"",""profileUrl"":""https://www.tiktok.com/@thepattern"",""nickName"":""The Pattern"",""verified"":true,""signature"":""Astrology that explains you + your relationships.\nSee your personal insights ↓"",""bioLink"":""https://linktr.ee/thepattern"",""avatar"":""https://p16-common-sign.tiktokcdn-us.com/tos-maliva-avt-0068/7327334179237003270~tplv-tiktokx-cropcenter:720:720.jpeg?dr=9640&refresh_token=293efb51&x-expires=1774407600&x-signature=l0fYlZz%2BNN2NrHX4kOOm1IM9O0A%3D&t=4d5b0474&ps=13740610&shp=a5d48078&shcp=81f88b70&idc=useast5"",""commerceUserInfo"":{""commerceUser"":true,""category"":""Software & Apps"",""categoryButton"":false},""privateAccount"":false,""roomId"":"""",""ttSeller"":false,""createTime"":1593107531,""following"":180,""friends"":70,""fans"":86500,""heart"":904400,""video"":109,""digg"":388,""originalAvatarUrl"":""https://p16-common-sign.tiktokcdn-us.com/tos-maliva-avt-0068/7327334179237003270~tplv-tiktokx-cropcenter:720:720.jpeg?dr=9640&refresh_token=293efb51&x-expires=1774407600&x-signature=l0fYlZz%2BNN2NrHX4kOOm1IM9O0A%3D&t=4d5b0474&ps=13740610&shp=a5d48078&shcp=81f88b70&idc=useast5""}","{""musicName"":""The Champion"",""musicAuthor"":""Lux-Inspira"",""musicOriginal"":false,""musicAlbum"":""Adventurous Vol.1"",""playUrl"":""https://sf19.tiktokcdn-us.com/obj/tos-alisg-ve-2774/ocYUv6zMA3ziGHO9WhRbp7ZKiCtzT7AKBINQr"",""coverMediumUrl"":""https://p16-common.tiktokcdn-us.com/tos-alisg-v-2774/ownf3TtIABzjAQdQQCLQFWAGAAg7ADf3e1Ha7R~tplv-tiktokx-cropcenter:200:200.jpeg?dr=9584&t=4d5b0474&ps=933b5bde&shp=08d74b56&shcp=81f88b70&idc=useast8"",""musicId"":""7086103923752175617"",""originalCoverMediumUrl"":""https://p16-common.tiktokcdn-us.com/tos-alisg-v-2774/ownf3TtIABzjAQdQQCLQFWAGAAg7ADf3e1Ha7R~tplv-tiktokx-cropcenter:200:200.jpeg?dr=9584&t=4d5b0474&ps=933b5bde&shp=08d74b56&shcp=81f88b70&idc=useast8""}",https://www.tiktok.com/@thepattern/video/7611736103434865951,"{""height"":1280,""width"":720,""duration"":19,""coverUrl"":""https://p19-common-sign.tiktokcdn-us.com/tos-useast8-p-0068-tx2/o8oCQOi0YIBiX5AAicjAfRiY0iI5I7SiqobSUA~tplv-tiktokx-origin.image?dr=9636&x-expires=1774407600&x-signature=%2Fw3tCtK7ua%2FGK1JCEjnXq5LVL6k%3D&t=4d5b0474&ps=13740610&shp=81f88b70&shcp=43f4a2f9&idc=useast8"",""definition"":""720p"",""format"":""mp4"",""subtitleLinks"":[{""language"":""eng-US"",""downloadLink"":""https://v16m-webapp.tiktokcdn-us.com/d3fdf24e8349375cbe9c5c770e5e6fb8/69c35a1b/video/tos/useast8/tos-useast8-v-0068-tx2/0165544da2554407a75bdc5da786d173/?a=1988&bti=ODszNWYuMDE6&ch=0&cr=3&dr=0&lr=all&cd=0%7C0%7C0%7C&cv=1&br=8134&bt=4067&cs=0&ds=3&ft=aEKq_qT0mIoPD12GU~ms3wUCdCAbMeF~O5&mime_type=video_mp4&qs=13&rc=M3I8N3M5cmU4OTMzaTczNEBpM3I8N3M5cmU4OTMzaTczNEBiLV5gMmRzL2VhLS1kMTJzYSNiLV5gMmRzL2VhLS1kMTJzcw%3D%3D&l=202603230344086EDFAC167D6B9800C67A&btag=e00078000"",""source"":""ASR"",""sourceUnabbreviated"":""automatic speech recognition"",""version"":""1:big_caption"",""tiktokLink"":""https://v16m-webapp.tiktokcdn-us.com/d3fdf24e8349375cbe9c5c770e5e6fb8/69c35a1b/video/tos/useast8/tos-useast8-v-0068-tx2/0165544da2554407a75bdc5da786d173/?a=1988&bti=ODszNWYuMDE6&ch=0&cr=3&dr=0&lr=all&cd=0%7C0%7C0%7C&cv=1&br=8134&bt=4067&cs=0&ds=3&ft=aEKq_qT0mIoPD12GU~ms3wUCdCAbMeF~O5&mime_type=video_mp4&qs=13&rc=M3I8N3M5cmU4OTMzaTczNEBpM3I8N3M5cmU4OTMzaTczNEBiLV5gMmRzL2VhLS1kMTJzYSNiLV5gMmRzL2VhLS1kMTJzcw%3D%3D&l=202603230344086EDFAC167D6B9800C67A&btag=e00078000""}],""transcriptionLink"":null,""originalCoverUrl"":""https://p19-common-sign.tiktokcdn-us.com/tos-useast8-p-0068-tx2/o8oCQOi0YIBiX5AAicjAfRiY0iI5I7SiqobSUA~tplv-tiktokx-origin.image?dr=9636&x-expires=1774407600&x-signature=%2Fw3tCtK7ua%2FGK1JCEjnXq5LVL6k%3D&t=4d5b0474&ps=13740610&shp=81f88b70&shcp=43f4a2f9&idc=useast8""}",283,24,3708,18,3,0,[],[],[],[],false,,false,false,[],thepattern,videos,
7610998611773525278,"Mercury Retrograde in Pisces begins tomorrow, and you may already be feeling it.

This energy can feel confusing or emotional, but it’s not random. It’s revealing.

Your intuition might feel stronger ...",en,1772073724,2026-02-26T02:42:04.000Z,false,"{""id"":""6842344214664610822"",""name"":""thepattern"",""profileUrl"":""https://www.tiktok.com/@thepattern"",""nickName"":""The Pattern"",""verified"":true,""signature"":""Astrology that explains you + your relationships.\nSee your personal insights ↓"",""bioLink"":""https://linktr.ee/thepattern"",""avatar"":""https://p16-common-sign.tiktokcdn-us.com/tos-maliva-avt-0068/7327334179237003270~tplv-tiktokx-cropcenter:720:720.jpeg?dr=9640&refresh_token=293efb51&x-expires=1774407600&x-signature=l0fYlZz%2BNN2NrHX4kOOm1IM9O0A%3D&t=4d5b0474&ps=13740610&shp=a5d48078&shcp=81f88b70&idc=useast5"",""commerceUserInfo"":{""commerceUser"":true,""category"":""Software & Apps"",""categoryButton"":false},""privateAccount"":false,""roomId"":"""",""ttSeller"":false,""createTime"":1593107531,""following"":180,""friends"":70,""fans"":86500,""heart"":904400,""video"":109,""digg"":388,""originalAvatarUrl"":""https://p16-common-sign.tiktokcdn-us.com/tos-maliva-avt-0068/7327334179237003270~tplv-tiktokx-cropcenter:720:720.jpeg?dr=9640&refresh_token=293efb51&x-expires=1774407600&x-signature=l0fYlZz%2BNN2NrHX4kOOm1IM9O0A%3D&t=4d5b0474&ps=13740610&shp=a5d48078&shcp=81f88b70&idc=useast5""}","{""musicName"":""original sound"",""musicAuthor"":""The Pattern"",""musicOriginal"":true,""playUrl"":""https://v16m.tiktokcdn-us.com/aa4dcfe37bcef39768cf79d769303b14/69c10b77/video/tos/useast8/tos-useast8-v-27dcd7-tx2/oIoMYAeAQTLAgfXAM8sSDys8zvlNKfhfeggVZ0/?a=1233&bti=ODszNWYuMDE6&ch=0&cr=0&dr=0&er=0&lr=default&cd=0%7C0%7C0%7C0&br=250&bt=125&ds=5&ft=GSDrKInz7Ths8N-PXq8Zmo&mime_type=audio_mpeg&qs=13&rc=ajg0OXY5cnl1OTMzaTU8NEBpajg0OXY5cnl1OTMzaTU8NEBlcW1rMmRzMmNhLS1kMTJzYSNlcW1rMmRzMmNhLS1kMTJzcw%3D%3D&vvpl=1&l=202603230344086EDFAC167D6B9800C67A&btag=e00078000"",""coverMediumUrl"":""https://p19-common-sign.tiktokcdn-us.com/tos-maliva-avt-0068/7327334179237003270~tplv-tiktokx-cropcenter:720:720.jpeg?dr=9640&refresh_token=74c73f9b&x-expires=1774407600&x-signature=zGeHVA83OZgYGmPkQbPTzeiE1zI%3D&t=4d5b0474&ps=13740610&shp=a5d48078&shcp=81f88b70&idc=useast8"",""musicId"":""7610998652064090911"",""originalCoverMediumUrl"":""https://p19-common-sign.tiktokcdn-us.com/tos-maliva-avt-0068/7327334179237003270~tplv-tiktokx-cropcenter:720:720.jpeg?dr=9640&refresh_token=74c73f9b&x-expires=1774407600&x-signature=zGeHVA83OZgYGmPkQbPTzeiE1zI%3D&t=4d5b0474&ps=13740610&shp=a5d48078&shcp=81f88b70&idc=useast8""}",https://www.tiktok.com/@thepattern/video/7610998611773525278,"{""height"":1280,""width"":720,""duration"":15,""coverUrl"":""https://p19-common-sign.tiktokcdn-us.com/tos-useast8-p-0068-tx2/ogfZHMQERQyAwVLf1MQDM5DpRKIFEEu7BAoHsn~tplv-tiktokx-origin.image?dr=9636&x-expires=1774407600&x-signature=lBEk%2FFmyjsfKySYz8otH8SVRSkk%3D&t=4d5b0474&ps=13740610&shp=81f88b70&shcp=43f4a2f9&idc=useast8"",""definition"":""720p"",""format"":""mp4"",""subtitleLinks"":[{""language"":""eng-US"",""downloadLink"":""https://v16m-webapp.tiktokcdn-us.com/214a7e58fcfa3bc9d1c4d5ab68abebaf/69c35a17/video/tos/useast8/tos-useast8-v-0068-tx2/ce5ae883b89a4d8195c06307c6506911/?a=1988&bti=ODszNWYuMDE6&ch=0&cr=3&dr=0&lr=all&cd=0%7C0%7C0%7C&cv=1&br=15582&bt=7791&cs=0&ds=4&ft=aEKq_qT0mIoPD12GU~ms3wUCdCAbMeF~O5&mime_type=video_mp4&qs=13&rc=MzZsa3Q5cnV1OTMzaTczNEBpMzZsa3Q5cnV1OTMzaTczNEBmbWdwMmRrMGNhLS1kMTJzYSNmbWdwMmRrMGNhLS1kMTJzcw%3D%3D&l=202603230344086EDFAC167D6B9800C67A&btag=e00078000"",""source"":""ASR"",""sourceUnabbreviated"":""automatic speech recognition"",""version"":""1:big_caption"",""tiktokLink"":""https://v16m-webapp.tiktokcdn-us.com/214a7e58fcfa3bc9d1c4d5ab68abebaf/69c35a17/video/tos/useast8/tos-useast8-v-0068-tx2/ce5ae883b89a4d8195c06307c6506911/?a=1988&bti=ODszNWYuMDE6&ch=0&cr=3&dr=0&lr=all&cd=0%7C0%7C0%7C&cv=1&br=15582&bt=7791&cs=0&ds=4&ft=aEKq_qT0mIoPD12GU~ms3wUCdCAbMeF~O5&mime_type=video_mp4&qs=13&rc=MzZsa3Q5cnV1OTMzaTczNEBpMzZsa3Q5cnV1OTMzaTczNEBmbWdwMmRrMGNhLS1kMTJzYSNmbWdwMmRrMGNhLS1kMTJzcw%3D%3D&l=202603230344086EDFAC167D6B9800C67A&btag=e00078000""}],""transcriptionLink"":null,""originalCoverUrl"":""https://p19-common-sign.tiktokcdn-us.com/tos-useast8-p-0068-tx2/ogfZHMQERQyAwVLf1MQDM5DpRKIFEEu7BAoHsn~tplv-tiktokx-origin.image?dr=9636&x-expires=1774407600&x-signature=lBEk%2FFmyjsfKySYz8otH8SVRSkk%3D&t=4d5b0474&ps=13740610&shp=81f88b70&shcp=43f4a2f9&idc=useast8""}",174,13,2973,21,2,0,[],[],"[{""name"":""mercuryretrograde""},{""name"":""piscesenergy""},{""name"":""relationshippatterns""},{""name"":""astrology""}]",[],false,,false,false,[],thepattern,videos,
7609440934371052830,"This Karmic Eclipse Portal is meant to change your life. 

Right now, the universe is pushing you forward in powerful ways. But only if you stay open it.",en,1771711048,2026-02-21T21:57:28.000Z,false,"{""id"":""6842344214664610822"",""name"":""thepattern"",""profileUrl"":""https://www.tiktok.com/@thepattern"",""nickName"":""The Pattern"",""verified"":true,""signature"":""Astrology that explains you + your relationships.\nSee your personal insights ↓"",""bioLink"":""https://linktr.ee/thepattern"",""avatar"":""https://p16-common-sign.tiktokcdn-us.com/tos-maliva-avt-0068/7327334179237003270~tplv-tiktokx-cropcenter:720:720.jpeg?dr=9640&refresh_token=293efb51&x-expires=1774407600&x-signature=l0fYlZz%2BNN2NrHX4kOOm1IM9O0A%3D&t=4d5b0474&ps=13740610&shp=a5d48078&shcp=81f88b70&idc=useast5"",""commerceUserInfo"":{""commerceUser"":true,""category"":""Software & Apps"",""categoryButton"":false},""privateAccount"":false,""roomId"":"""",""ttSeller"":false,""createTime"":1593107531,""following"":180,""friends"":70,""fans"":86500,""heart"":904400,""video"":109,""digg"":388,""originalAvatarUrl"":""https://p16-common-sign.tiktokcdn-us.com/tos-maliva-avt-0068/7327334179237003270~tplv-tiktokx-cropcenter:720:720.jpeg?dr=9640&refresh_token=293efb51&x-expires=1774407600&x-signature=l0fYlZz%2BNN2NrHX4kOOm1IM9O0A%3D&t=4d5b0474&ps=13740610&shp=a5d48078&shcp=81f88b70&idc=useast5""}","{""musicName"":""ominous"",""musicAuthor"":""insensible"",""musicOriginal"":false,""musicAlbum"":""ominous"",""playUrl"":""https://sf16.tiktokcdn-us.com/obj/tos-alisg-ve-2774/ocsp7ATBB8VMNOiyKroiisypIABfM1oNvwBdWs"",""coverMediumUrl"":""https://p16-common.tiktokcdn-us.com/tos-alisg-v-2774/oEEZZcENvAEZANDeBgfBFaCQA1EUWARkBZDmnt~tplv-tiktokx-cropcenter:200:200.jpeg?dr=9584&t=4d5b0474&ps=933b5bde&shp=08d74b56&shcp=81f88b70&idc=useast8"",""musicId"":""7299618713351227393"",""originalCoverMediumUrl"":""https://p16-common.tiktokcdn-us.com/tos-alisg-v-2774/oEEZZcENvAEZANDeBgfBFaCQA1EUWARkBZDmnt~tplv-tiktokx-cropcenter:200:200.jpeg?dr=9584&t=4d5b0474&ps=933b5bde&shp=08d74b56&shcp=81f88b70&idc=useast8""}",https://www.tiktok.com/@thepattern/video/7609440934371052830,"{""height"":1280,""width"":720,""duration"":12,""coverUrl"":""https://p16-common-sign.tiktokcdn-us.com/tos-useast8-p-0068-tx2/ogZCAa9Ivkl4SEKiAOvk2ABYREiBARAbqaolh~tplv-tiktokx-dmt-logom:tos-useast8-i-0068-tx2/o8CRDEAdEspAqbEkICaAFVFAtmezKEfis1AZpG.image?dr=9634&x-expires=1774407600&x-signature=Qf9lUQOcnbDBNq41RVXb9sbdLow%3D&t=4d5b0474&ps=13740610&shp=81f88b70&shcp=43f4a2f9&idc=useast8"",""definition"":""720p"",""format"":""mp4"",""subtitleLinks"":[{""language"":""eng-US"",""downloadLink"":""https://v16m-webapp.tiktokcdn-us.com/c397cbee25e524cfdce35f8519e4e49c/69c35a15/video/tos/useast8/tos-useast8-v-0068-tx2/40cc91d0f3ff47b4aacc198af803e71a/?a=1988&bti=ODszNWYuMDE6&ch=0&cr=3&dr=0&lr=all&cd=0%7C0%7C0%7C&cv=1&br=1056&bt=528&ds=4&ft=aEKq_qT0mIoPD12GU~ms3wUCdCAbMeF~O5&mime_type=video_mp4&qs=13&rc=MzRvN2w5cjY1OTMzaTczNEBpMzRvN2w5cjY1OTMzaTczNEBkLjUvMmRjZWFhLS1kMTJzYSNkLjUvMmRjZWFhLS1kMTJzcw%3D%3D&l=202603230344086EDFAC167D6B9800C67A&btag=e00070000"",""source"":""ASR"",""sourceUnabbreviated"":""automatic speech recognition"",""version"":""1:big_caption"",""tiktokLink"":""https://v16m-webapp.tiktokcdn-us.com/c397cbee25e524cfdce35f8519e4e49c/69c35a15/video/tos/useast8/tos-useast8-v-0068-tx2/40cc91d0f3ff47b4aacc198af803e71a/?a=1988&bti=ODszNWYuMDE6&ch=0&cr=3&dr=0&lr=all&cd=0%7C0%7C0%7C&cv=1&br=1056&bt=528&ds=4&ft=aEKq_qT0mIoPD12GU~ms3wUCdCAbMeF~O5&mime_type=video_mp4&qs=13&rc=MzRvN2w5cjY1OTMzaTczNEBpMzRvN2w5cjY1OTMzaTczNEBkLjUvMmRjZWFhLS1kMTJzYSNkLjUvMmRjZWFhLS1kMTJzcw%3D%3D&l=202603230344086EDFAC167D6B9800C67A&btag=e00070000""}],""transcriptionLink"":null,""originalCoverUrl"":""https://p16-common-sign.tiktokcdn-us.com/tos-useast8-p-0068-tx2/ogZCAa9Ivkl4SEKiAOvk2ABYREiBARAbqaolh~tplv-tiktokx-dmt-logom:tos-useast8-i-0068-tx2/o8CRDEAdEspAqbEkICaAFVFAtmezKEfis1AZpG.image?dr=9634&x-expires=1774407600&x-signature=Qf9lUQOcnbDBNq41RVXb9sbdLow%3D&t=4d5b0474&ps=13740610&shp=81f88b70&shcp=43f4a2f9&idc=useast8""}",411,13,5765,50,7,0,[],[],[],[],false,,false,false,[],thepattern,videos,
7608628674627128607,"The most powerful moment of 2026 is here. 🔥

Saturn is meeting Neptune in the fiery sign of Aries. This rare event hasn’t happened in thousands of years.

Use this energy to radically reshape your li...",en,1771521941,2026-02-19T17:25:41.000Z,false,"{""id"":""6842344214664610822"",""name"":""thepattern"",""profileUrl"":""https://www.tiktok.com/@thepattern"",""nickName"":""The Pattern"",""verified"":true,""signature"":""Astrology that explains you + your relationships.\nSee your personal insights ↓"",""bioLink"":""https://linktr.ee/thepattern"",""avatar"":""https://p16-common-sign.tiktokcdn-us.com/tos-maliva-avt-0068/7327334179237003270~tplv-tiktokx-cropcenter:720:720.jpeg?dr=9640&refresh_token=293efb51&x-expires=1774407600&x-signature=l0fYlZz%2BNN2NrHX4kOOm1IM9O0A%3D&t=4d5b0474&ps=13740610&shp=a5d48078&shcp=81f88b70&idc=useast5"",""commerceUserInfo"":{""commerceUser"":true,""category"":""Software & Apps"",""categoryButton"":false},""privateAccount"":false,""roomId"":"""",""ttSeller"":false,""createTime"":1593107531,""following"":180,""friends"":70,""fans"":86500,""heart"":904400,""video"":109,""digg"":388,""originalAvatarUrl"":""https://p16-common-sign.tiktokcdn-us.com/tos-maliva-avt-0068/7327334179237003270~tplv-tiktokx-cropcenter:720:720.jpeg?dr=9640&refresh_token=293efb51&x-expires=1774407600&x-signature=l0fYlZz%2BNN2NrHX4kOOm1IM9O0A%3D&t=4d5b0474&ps=13740610&shp=a5d48078&shcp=81f88b70&idc=useast5""}","{""musicName"":""Blue Notes"",""musicAuthor"":""Michael Yanis"",""musicOriginal"":false,""musicAlbum"":""Blue Notes"",""playUrl"":""https://sf16.tiktokcdn-us.com/obj/tos-alisg-ve-2774/oIMDoZOfJmCStBqopZSB0IQCEBQIl51I1gfFZJ"",""coverMediumUrl"":""https://p16-common.tiktokcdn-us.com/tos-alisg-v-2774/oIr7WcaBi5Yd4tAuAAzAx4AEQt1PCJihUYEbF~tplv-tiktokx-cropcenter:200:200.jpeg?dr=9584&t=4d5b0474&ps=933b5bde&shp=08d74b56&shcp=81f88b70&idc=useast8"",""musicId"":""7491592476258109441"",""originalCoverMediumUrl"":""https://p16-common.tiktokcdn-us.com/tos-alisg-v-2774/oIr7WcaBi5Yd4tAuAAzAx4AEQt1PCJihUYEbF~tplv-tiktokx-cropcenter:200:200.jpeg?dr=9584&t=4d5b0474&ps=933b5bde&shp=08d74b56&shcp=81f88b70&idc=useast8""}",https://www.tiktok.com/@thepattern/video/7608628674627128607,"{""height"":1280,""width"":720,""duration"":16,""coverUrl"":""https://p16-common-sign.tiktokcdn-us.com/tos-useast8-p-0068-tx2/o4mZEG6eQAf2JffRIdAzPQAvAGWI4U8tYAxMEQ~tplv-tiktokx-origin.image?dr=9636&x-expires=1774407600&x-signature=%2Bs%2Fhv9jwxNqsk1q7OfZRzWbdol8%3D&t=4d5b0474&ps=13740610&shp=81f88b70&shcp=43f4a2f9&idc=useast8"",""definition"":""720p"",""format"":""mp4"",""subtitleLinks"":[{""language"":""eng-US"",""downloadLink"":""https://v16m-webapp.tiktokcdn-us.com/3afff411f62c559ec65029b45e51c5dc/69c35a18/video/tos/useast8/tos-useast8-v-0068-tx2/7382fad5d9934bebabedbe58db5894eb/?a=1988&bti=ODszNWYuMDE6&ch=0&cr=3&dr=0&lr=all&cd=0%7C0%7C0%7C&cv=1&br=7508&bt=3754&ds=4&ft=aEKq_qT0mIoPD12GU~ms3wUCdCAbMeF~O5&mime_type=video_mp4&qs=13&rc=MztlZHU5cjpuOTMzaTczNEBpMztlZHU5cjpuOTMzaTczNEBuYmY2MmQ0Nl9hLS1kMTJzYSNuYmY2MmQ0Nl9hLS1kMTJzcw%3D%3D&l=202603230344086EDFAC167D6B9800C67A&btag=e00078000"",""source"":""ASR"",""sourceUnabbreviated"":""automatic speech recognition"",""version"":""1:big_caption"",""tiktokLink"":""https://v16m-webapp.tiktokcdn-us.com/3afff411f62c559ec65029b45e51c5dc/69c35a18/video/tos/useast8/tos-useast8-v-0068-tx2/7382fad5d9934bebabedbe58db5894eb/?a=1988&bti=ODszNWYuMDE6&ch=0&cr=3&dr=0&lr=all&cd=0%7C0%7C0%7C&cv=1&br=7508&bt=3754&ds=4&ft=aEKq_qT0mIoPD12GU~ms3wUCdCAbMeF~O5&mime_type=video_mp4&qs=13&rc=MztlZHU5cjpuOTMzaTczNEBpMztlZHU5cjpuOTMzaTczNEBuYmY2MmQ0Nl9hLS1kMTJzYSNuYmY2MmQ0Nl9hLS1kMTJzcw%3D%3D&l=202603230344086EDFAC167D6B9800C67A&btag=e00078000""}],""transcriptionLink"":null,""originalCoverUrl"":""https://p16-common-sign.tiktokcdn-us.com/tos-useast8-p-0068-tx2/o4mZEG6eQAf2JffRIdAzPQAvAGWI4U8tYAxMEQ~tplv-tiktokx-origin.image?dr=9636&x-expires=1774407600&x-signature=%2Bs%2Fhv9jwxNqsk1q7OfZRzWbdol8%3D&t=4d5b0474&ps=13740610&shp=81f88b70&shcp=43f4a2f9&idc=useast8""}",190,9,2948,22,2,0,[],[],[],[],false,,false,false,[],thepattern,videos,
7607909126005361951,"The first Eclipse Portal of 2026 is open. The next 2 weeks are a powerful time for your future. 

See what the Eclipse Portal means for you - tap link in bio!

#eclipseseason #eclipseportal #eclipse #...",en,1771354404,2026-02-17T18:53:24.000Z,false,"{""id"":""6842344214664610822"",""name"":""thepattern"",""profileUrl"":""https://www.tiktok.com/@thepattern"",""nickName"":""The Pattern"",""verified"":true,""signature"":""Astrology that explains you + your relationships.\nSee your personal insights ↓"",""bioLink"":""https://linktr.ee/thepattern"",""avatar"":""https://p16-common-sign.tiktokcdn-us.com/tos-maliva-avt-0068/7327334179237003270~tplv-tiktokx-cropcenter:720:720.jpeg?dr=9640&refresh_token=293efb51&x-expires=1774407600&x-signature=l0fYlZz%2BNN2NrHX4kOOm1IM9O0A%3D&t=4d5b0474&ps=13740610&shp=a5d48078&shcp=81f88b70&idc=useast5"",""commerceUserInfo"":{""commerceUser"":true,""category"":""Software & Apps"",""categoryButton"":false},""privateAccount"":false,""roomId"":"""",""ttSeller"":false,""createTime"":1593107531,""following"":180,""friends"":70,""fans"":86500,""heart"":904400,""video"":109,""digg"":388,""originalAvatarUrl"":""https://p16-common-sign.tiktokcdn-us.com/tos-maliva-avt-0068/7327334179237003270~tplv-tiktokx-cropcenter:720:720.jpeg?dr=9640&refresh_token=293efb51&x-expires=1774407600&x-signature=l0fYlZz%2BNN2NrHX4kOOm1IM9O0A%3D&t=4d5b0474&ps=13740610&shp=a5d48078&shcp=81f88b70&idc=useast5""}","{""musicName"":""original sound"",""musicAuthor"":""The Pattern"",""musicOriginal"":true,""playUrl"":""https://v16m.tiktokcdn-us.com/862d3981757e9bf05b407dd346a0b979/69c10b84/video/tos/useast8/tos-useast8-v-27dcd7-tx2/oIaQEhfDVEfyJApUauYTClZLUBSC1EkAFAAmEA/?a=1233&bti=ODszNWYuMDE6&ch=0&cr=0&dr=0&er=0&lr=default&cd=0%7C0%7C0%7C0&br=250&bt=125&ds=5&ft=GSDrKInz7Ths8N-PXq8Zmo&mime_type=audio_mpeg&qs=13&rc=anM3N3k5cjxlOTMzaTU8NEBpanM3N3k5cjxlOTMzaTU8NEA2LTFhMmRrZl5hLS1kMTJzYSM2LTFhMmRrZl5hLS1kMTJzcw%3D%3D&vvpl=1&l=202603230344086EDFAC167D6B9800C67A&btag=e00078000"",""coverMediumUrl"":""https://p19-common-sign.tiktokcdn-us.com/tos-maliva-avt-0068/7327334179237003270~tplv-tiktokx-cropcenter:720:720.jpeg?dr=9640&refresh_token=74c73f9b&x-expires=1774407600&x-signature=zGeHVA83OZgYGmPkQbPTzeiE1zI%3D&t=4d5b0474&ps=13740610&shp=a5d48078&shcp=81f88b70&idc=useast8"",""musicId"":""7607909148667169566"",""originalCoverMediumUrl"":""https://p19-common-sign.tiktokcdn-us.com/tos-maliva-avt-0068/7327334179237003270~tplv-tiktokx-cropcenter:720:720.jpeg?dr=9640&refresh_token=74c73f9b&x-expires=1774407600&x-signature=zGeHVA83OZgYGmPkQbPTzeiE1zI%3D&t=4d5b0474&ps=13740610&shp=a5d48078&shcp=81f88b70&idc=useast8""}",https://www.tiktok.com/@thepattern/video/7607909126005361951,"{""height"":1280,""width"":720,""duration"":28,""coverUrl"":""https://p16-common-sign.tiktokcdn-us.com/tos-useast8-p-0068-tx2/o0XVAyBAAI0AiCo3VKPBIqpT6y6QteCOAiiN8E~tplv-tiktokx-origin.image?dr=9636&x-expires=1774407600&x-signature=Yw0UYF%2BIboP3mug1IYqk9a92Bk4%3D&t=4d5b0474&ps=13740610&shp=81f88b70&shcp=43f4a2f9&idc=useast8"",""definition"":""720p"",""format"":""mp4"",""subtitleLinks"":[{""language"":""eng-US"",""downloadLink"":""https://v16m-webapp.tiktokcdn-us.com/1d0b8fb54dc995fbe59258b0809c7d95/69c35a24/video/tos/useast8/tos-useast8-v-0068-tx2/3d8c5d6ea53b4dbeb35b57a6b9b404ae/?a=1988&bti=ODszNWYuMDE6&ch=0&cr=3&dr=0&lr=all&cd=0%7C0%7C0%7C&cv=1&br=4284&bt=2142&cs=0&ds=4&ft=aEKq_qT0mIoPD12GU~ms3wUCdCAbMeF~O5&mime_type=video_mp4&qs=13&rc=ajVlN2w5cjllOTMzaTczNEBpajVlN2w5cjllOTMzaTczNEBkNl4vMmRrZl5hLS1kMTJzYSNkNl4vMmRrZl5hLS1kMTJzcw%3D%3D&l=202603230344086EDFAC167D6B9800C67A&btag=e00078000"",""source"":""ASR"",""sourceUnabbreviated"":""automatic speech recognition"",""version"":""1:big_caption"",""tiktokLink"":""https://v16m-webapp.tiktokcdn-us.com/1d0b8fb54dc995fbe59258b0809c7d95/69c35a24/video/tos/useast8/tos-useast8-v-0068-tx2/3d8c5d6ea53b4dbeb35b57a6b9b404ae/?a=1988&bti=ODszNWYuMDE6&ch=0&cr=3&dr=0&lr=all&cd=0%7C0%7C0%7C&cv=1&br=4284&bt=2142&cs=0&ds=4&ft=aEKq_qT0mIoPD12GU~ms3wUCdCAbMeF~O5&mime_type=video_mp4&qs=13&rc=ajVlN2w5cjllOTMzaTczNEBpajVlN2w5cjllOTMzaTczNEBkNl4vMmRrZl5hLS1kMTJzYSNkNl4vMmRrZl5hLS1kMTJzcw%3D%3D&l=202603230344086EDFAC167D6B9800C67A&btag=e00078000""}],""transcriptionLink"":null,""originalCoverUrl"":""https://p16-common-sign.tiktokcdn-us.com/tos-useast8-p-0068-tx2/o0XVAyBAAI0AiCo3VKPBIqpT6y6QteCOAiiN8E~tplv-tiktokx-origin.image?dr=9636&x-expires=1774407600&x-signature=Yw0UYF%2BIboP3mug1IYqk9a92Bk4%3D&t=4d5b0474&ps=13740610&shp=81f88b70&shcp=43f4a2f9&idc=useast8""}",323,13,4803,47,8,0,[],[],"[{""name"":""eclipseseason""},{""name"":""eclipseportal""},{""name"":""eclipse""},{""name"":""astrology""}]",[],false,,false,false,[],thepattern,videos,
7606604134233558303,"This is the ideal date for each zodiac sign, based on their emotional needs. 

Spoiler: It’s not about where you go. It’s about the vibe. ✨

#zodiacsigns #datingadvice #astrology ",en,1771050551,2026-02-14T06:29:11.000Z,false,"{""id"":""6842344214664610822"",""name"":""thepattern"",""profileUrl"":""https://www.tiktok.com/@thepattern"",""nickName"":""The Pattern"",""verified"":true,""signature"":""Astrology that explains you + your relationships.\nSee your personal insights ↓"",""bioLink"":""https://linktr.ee/thepattern"",""avatar"":""https://p16-common-sign.tiktokcdn-us.com/tos-maliva-avt-0068/7327334179237003270~tplv-tiktokx-cropcenter:720:720.jpeg?dr=9640&refresh_token=293efb51&x-expires=1774407600&x-signature=l0fYlZz%2BNN2NrHX4kOOm1IM9O0A%3D&t=4d5b0474&ps=13740610&shp=a5d48078&shcp=81f88b70&idc=useast5"",""commerceUserInfo"":{""commerceUser"":true,""category"":""Software & Apps"",""categoryButton"":false},""privateAccount"":false,""roomId"":"""",""ttSeller"":false,""createTime"":1593107531,""following"":180,""friends"":70,""fans"":86500,""heart"":904400,""video"":109,""digg"":388,""originalAvatarUrl"":""https://p16-common-sign.tiktokcdn-us.com/tos-maliva-avt-0068/7327334179237003270~tplv-tiktokx-cropcenter:720:720.jpeg?dr=9640&refresh_token=293efb51&x-expires=1774407600&x-signature=l0fYlZz%2BNN2NrHX4kOOm1IM9O0A%3D&t=4d5b0474&ps=13740610&shp=a5d48078&shcp=81f88b70&idc=useast5""}","{""musicName"":""Candy"",""musicAuthor"":""The Wildcardz & dazeychain"",""musicOriginal"":false,""musicAlbum"":""Reach the Stars"",""playUrl"":""https://sf19.tiktokcdn-us.com/obj/tos-alisg-ve-2774/oQ70GuFi1Bn2Os0KwIiUBgoBuf1CgvMiAWAQJM"",""coverMediumUrl"":""https://p19-common.tiktokcdn-us.com/tos-alisg-v-2774/o88tLfUhSgEZBaAEAMziCgBQTBIiEOFZosfpAA~tplv-tiktokx-cropcenter:200:200.jpeg?dr=9584&t=4d5b0474&ps=933b5bde&shp=08d74b56&shcp=81f88b70&idc=useast8"",""musicId"":""6958188635543996418"",""originalCoverMediumUrl"":""https://p19-common.tiktokcdn-us.com/tos-alisg-v-2774/o88tLfUhSgEZBaAEAMziCgBQTBIiEOFZosfpAA~tplv-tiktokx-cropcenter:200:200.jpeg?dr=9584&t=4d5b0474&ps=933b5bde&shp=08d74b56&shcp=81f88b70&idc=useast8""}",https://www.tiktok.com/@thepattern/video/7606604134233558303,"{""height"":0,""width"":0,""duration"":0,""coverUrl"":""https://p16-common-sign.tiktokcdn-us.com/tos-useast8-i-photomode-tx2/9e4f6de86e9b4bb7b7b99760e65d8015~tplv-photomode-image.jpeg?dr=9616&x-expires=1774407600&x-signature=Xf3G2ijWy9dFMs4xhy0w9FxOux8%3D&t=4d5b0474&ps=13740610&shp=81f88b70&shcp=9b759fb9&idc=useast8&ftpl=1"",""transcriptionLink"":null,""originalCoverUrl"":""https://p16-common-sign.tiktokcdn-us.com/tos-useast8-i-photomode-tx2/9e4f6de86e9b4bb7b7b99760e65d8015~tplv-photomode-image.jpeg?dr=9616&x-expires=1774407600&x-signature=Xf3G2ijWy9dFMs4xhy0w9FxOux8%3D&t=4d5b0474&ps=13740610&shp=81f88b70&shcp=9b759fb9&idc=useast8&ftpl=1""}",4745,147,71300,1787,30,0,[],[],"[{""name"":""zodiacsigns""},{""name"":""datingadvice""},{""name"":""astrology""}]",[],true,"[{""tiktokLink"":""https://p19-common-sign.tiktokcdn-us.com/tos-useast8-i-photomode-tx2/9e4f6de86e9b4bb7b7b99760e65d8015~tplv-photomode-image.jpeg?dr=9616&x-expires=1774407600&x-signature=DrV230oKYLH7DvOQD09abcE1onQ%3D&t=4d5b0474&ps=13740610&shp=81f88b70&shcp=9b759fb9&idc=useast8&ftpl=1"",""downloadLink"":""https://p19-common-sign.tiktokcdn-us.com/tos-useast8-i-photomode-tx2/9e4f6de86e9b4bb7b7b99760e65d8015~tplv-photomode-image.jpeg?dr=9616&x-expires=1774407600&x-signature=DrV230oKYLH7DvOQD09abcE1onQ%3D&t=4d5b0474&ps=13740610&shp=81f88b70&shcp=9b759fb9&idc=useast8&ftpl=1""},{""tiktokLink"":""https://p16-common-sign.tiktokcdn-us.com/tos-useast8-i-photomode-tx2/413989bf4de04b1c8a94cfd5ba6fe7fd~tplv-photomode-image.jpeg?dr=9616&x-expires=1774407600&x-signature=5fFobqfJg1U3BPeL0HwTM%2FE1a%2B8%3D&t=4d5b0474&ps=13740610&shp=81f88b70&shcp=9b759fb9&idc=useast8&ftpl=1"",""downloadLink"":""https://p16-common-sign.tiktokcdn-us.com/tos-useast8-i-photomode-tx2/413989bf4de04b1c8a94cfd5ba6fe7fd~tplv-photomode-image.jpeg?dr=9616&x-expires=1774407600&x-signature=5fFobqfJg1U3BPeL0HwTM%2FE1a%2B8%3D&t=4d5b0474&ps=13740610&shp=81f88b70&shcp=9b759fb9&idc=useast8&ftpl=1""},{""tiktokLink"":""https://p19-common-sign.tiktokcdn-us.com/tos-useast8-i-photomode-tx2/e3a4a95f0a7d45708451269457939c6d~tplv-photomode-image.jpeg?dr=9616&x-expires=1774407600&x-signature=il%2BnYNOi3llAQobjlquqFz5yKrc%3D&t=4d5b0474&ps=13740610&shp=81f88b70&shcp=9b759fb9&idc=useast8&ftpl=1"",""downloadLink"":""https://p19-common-sign.tiktokcdn-us.com/tos-useast8-i-photomode-tx2/e3a4a95f0a7d45708451269457939c6d~tplv-photomode-image.jpeg?dr=9616&x-expires=1774407600&x-signature=il%2BnYNOi3llAQobjlquqFz5yKrc%3D&t=4d5b0474&ps=13740610&shp=81f88b70&shcp=9b759fb9&idc=useast8&ftpl=1""},{""tiktokLink"":""https://p19-common-sign.tiktokcdn-us.com/tos-useast8-i-photomode-tx2/9c91fc08e3ed4b069dcae32c52abd4d7~tplv-photomode-image.jpeg?dr=9616&x-expires=1774407600&x-signature=w%2BfoH15B5BcnEylOn7DeSAKBWWY%3D&t=4d5b0474&ps=13740610&shp=81f88b70&shcp=9b759fb9&idc=useast8&ftpl=1"",""downloadLink"":""https://p19-common-sign.tiktokcdn-us.com/tos-useast8-i-photomode-tx2/9c91fc08e3ed4b069dcae32c52abd4d7~tplv-photomode-image.jpeg?dr=9616&x-expires=1774407600&x-signature=w%2BfoH15B5BcnEylOn7DeSAKBWWY%3D&t=4d5b0474&ps=13740610&shp=81f88b70&shcp=9b759fb9&idc=useast8&ftpl=1""},{""tiktokLink"":""https://p16-common-sign.tiktokcdn-us.com/tos-useast8-i-photomode-tx2/6cee37db7dea426f982b74d43b569cd1~tplv-photomode-image.jpeg?dr=9616&x-expires=1774407600&x-signature=HRwMUgD6UmlEDLF5a4q%2B6HlHOzM%3D&t=4d5b0474&ps=13740610&shp=81f88b70&shcp=9b759fb9&idc=useast8&ftpl=1"",""downloadLink"":""https://p16-common-sign.tiktokcdn-us.com/tos-useast8-i-photomode-tx2/6cee37db7dea426f982b74d43b569cd1~tplv-photomode-image.jpeg?dr=9616&x-expires=1774407600&x-signature=HRwMUgD6UmlEDLF5a4q%2B6HlHOzM%3D&t=4d5b0474&ps=13740610&shp=81f88b70&shcp=9b759fb9&idc=useast8&ftpl=1""},{""tiktokLink"":""https://p19-common-sign.tiktokcdn-us.com/tos-useast8-i-photomode-tx2/0743ecb9b325413db2741eaf344f8533~tplv-photomode-image.jpeg?dr=9616&x-expires=1774407600&x-signature=deU48BJbkdqHIkggNe3NyK%2B2K%2FI%3D&t=4d5b0474&ps=13740610&shp=81f88b70&shcp=9b759fb9&idc=useast8&ftpl=1"",""downloadLink"":""https://p19-common-sign.tiktokcdn-us.com/tos-useast8-i-photomode-tx2/0743ecb9b325413db2741eaf344f8533~tplv-photomode-image.jpeg?dr=9616&x-expires=1774407600&x-signature=deU48BJbkdqHIkggNe3NyK%2B2K%2FI%3D&t=4d5b0474&ps=13740610&shp=81f88b70&shcp=9b759fb9&idc=useast8&ftpl=1""},{""tiktokLink"":""https://p16-common-sign.tiktokcdn-us.com/tos-useast8-i-photomode-tx2/cb3904fe0aac4c689b268deec3be8bd3~tplv-photomode-image.jpeg?dr=9616&x-expires=1774407600&x-signature=wygZmJW7W7Q%2BVEmJcYX37OEbTrw%3D&t=4d5b0474&ps=13740610&shp=81f88b70&shcp=9b759fb9&idc=useast8&ftpl=1"",""downloadLink"":""https://p16-common-sign.tiktokcdn-us.com/tos-useast8-i-photomode-tx2/cb3904fe0aac4c689b268deec3be8bd3~tplv-photomode-image.jpeg?dr=9616&x-expires=1774407600&x-signature=wygZmJW7W7Q%2BVEmJcYX37OEbTrw%3D&t=4d5b0474&ps=13740610&shp=81f88b70&shcp=9b759fb9&idc=useast8&ftpl=1""},{""tiktokLink"":""https://p16-common-sign.tiktokcdn-us.com/tos-useast8-i-photomode-tx2/6160bdd65b974949b705685ce5e1330f~tplv-photomode-image.jpeg?dr=9616&x-expires=1774407600&x-signature=aZpYDgDBl9sTtUCFozKmOLlhQd4%3D&t=4d5b0474&ps=13740610&shp=81f88b70&shcp=9b759fb9&idc=useast8&ftpl=1"",""downloadLink"":""https://p16-common-sign.tiktokcdn-us.com/tos-useast8-i-photomode-tx2/6160bdd65b974949b705685ce5e1330f~tplv-photomode-image.jpeg?dr=9616&x-expires=1774407600&x-signature=aZpYDgDBl9sTtUCFozKmOLlhQd4%3D&t=4d5b0474&ps=13740610&shp=81f88b70&shcp=9b759fb9&idc=useast8&ftpl=1""},{""tiktokLink"":""https://p19-common-sign.tiktokcdn-us.com/tos-useast8-i-photomode-tx2/2c86b3910eb64fa28840dd600e28f1f4~tplv-photomode-image.jpeg?dr=9616&x-expires=1774407600&x-signature=38bNMudfJkxHmlIBQ2prC5ckzIY%3D&t=4d5b0474&ps=13740610&shp=81f88b70&shcp=9b759fb9&idc=useast8&ftpl=1"",""downloadLink"":""https://p19-common-sign.tiktokcdn-us.com/tos-useast8-i-photomode-tx2/2c86b3910eb64fa28840dd600e28f1f4~tplv-photomode-image.jpeg?dr=9616&x-expires=1774407600&x-signature=38bNMudfJkxHmlIBQ2prC5ckzIY%3D&t=4d5b0474&ps=13740610&shp=81f88b70&shcp=9b759fb9&idc=useast8&ftpl=1""},{""tiktokLink"":""https://p19-common-sign.tiktokcdn-us.com/tos-useast8-i-photomode-tx2/92ce042494ed4d5c8469c41da0d92264~tplv-photomode-image.jpeg?dr=9616&x-expires=1774407600&x-signature=SMK0MX5Rgxr9sWRwxmiI6LKzIuM%3D&t=4d5b0474&ps=13740610&shp=81f88b70&shcp=9b759fb9&idc=useast8&ftpl=1"",""downloadLink"":""https://p19-common-sign.tiktokcdn-us.com/tos-useast8-i-photomode-tx2/92ce042494ed4d5c8469c41da0d92264~tplv-photomode-image.jpeg?dr=9616&x-expires=1774407600&x-signature=SMK0MX5Rgxr9sWRwxmiI6LKzIuM%3D&t=4d5b0474&ps=13740610&shp=81f88b70&shcp=9b759fb9&idc=useast8&ftpl=1""},{""tiktokLink"":""https://p16-common-sign.tiktokcdn-us.com/tos-useast8-i-photomode-tx2/c011ecfbfa574ab0a0a0e6b79610b347~tplv-photomode-image.jpeg?dr=9616&x-expires=1774407600&x-signature=VZonbf8eqRilP9iG5LFrOKkNrR0%3D&t=4d5b0474&ps=13740610&shp=81f88b70&shcp=9b759fb9&idc=useast8&ftpl=1"",""downloadLink"":""https://p16-common-sign.tiktokcdn-us.com/tos-useast8-i-photomode-tx2/c011ecfbfa574ab0a0a0e6b79610b347~tplv-photomode-image.jpeg?dr=9616&x-expires=1774407600&x-signature=VZonbf8eqRilP9iG5LFrOKkNrR0%3D&t=4d5b0474&ps=13740610&shp=81f88b70&shcp=9b759fb9&idc=useast8&ftpl=1""},{""tiktokLink"":""https://p16-common-sign.tiktokcdn-us.com/tos-useast8-i-photomode-tx2/e4941cdf24b74e95a03f86846130d56b~tplv-photomode-image.jpeg?dr=9616&x-expires=1774407600&x-signature=uzDggKD7%2B%2BXIjcfUOJmJy3oPfO4%3D&t=4d5b0474&ps=13740610&shp=81f88b70&shcp=9b759fb9&idc=useast8&ftpl=1"",""downloadLink"":""https://p16-common-sign.tiktokcdn-us.com/tos-useast8-i-photomode-tx2/e4941cdf24b74e95a03f86846130d56b~tplv-photomode-image.jpeg?dr=9616&x-expires=1774407600&x-signature=uzDggKD7%2B%2BXIjcfUOJmJy3oPfO4%3D&t=4d5b0474&ps=13740610&shp=81f88b70&shcp=9b759fb9&idc=useast8&ftpl=1""},{""tiktokLink"":""https://p16-common-sign.tiktokcdn-us.com/tos-useast8-i-photomode-tx2/1539cfdf1d6b4db6bf1a8005a9ddd01d~tplv-photomode-image.jpeg?dr=9616&x-expires=1774407600&x-signature=q%2FIAYWklIC05gA8ujuX4LrvilbE%3D&t=4d5b0474&ps=13740610&shp=81f88b70&shcp=9b759fb9&idc=useast8&ftpl=1"",""downloadLink"":""https://p16-common-sign.tiktokcdn-us.com/tos-useast8-i-photomode-tx2/1539cfdf1d6b4db6bf1a8005a9ddd01d~tplv-photomode-image.jpeg?dr=9616&x-expires=1774407600&x-signature=q%2FIAYWklIC05gA8ujuX4LrvilbE%3D&t=4d5b0474&ps=13740610&shp=81f88b70&shcp=9b759fb9&idc=useast8&ftpl=1""}]",false,false,[],thepattern,videos,
7604979252798246175,"Me, being carried into my next era by the universe.✨

#fyp #vibecheck #badbunny #trusttheprocess #maincharacterenergy 
     ",en,1770672242,2026-02-09T21:24:02.000Z,false,"{""id"":""6842344214664610822"",""name"":""thepattern"",""profileUrl"":""https://www.tiktok.com/@thepattern"",""nickName"":""The Pattern"",""verified"":true,""signature"":""Astrology that explains you + your relationships.\nSee your personal insights ↓"",""bioLink"":""https://linktr.ee/thepattern"",""avatar"":""https://p16-common-sign.tiktokcdn-us.com/tos-maliva-avt-0068/7327334179237003270~tplv-tiktokx-cropcenter:720:720.jpeg?dr=9640&refresh_token=293efb51&x-expires=1774407600&x-signature=l0fYlZz%2BNN2NrHX4kOOm1IM9O0A%3D&t=4d5b0474&ps=13740610&shp=a5d48078&shcp=81f88b70&idc=useast5"",""commerceUserInfo"":{""commerceUser"":true,""category"":""Software & Apps"",""categoryButton"":false},""privateAccount"":false,""roomId"":"""",""ttSeller"":false,""createTime"":1593107531,""following"":180,""friends"":70,""fans"":86500,""heart"":904400,""video"":109,""digg"":388,""originalAvatarUrl"":""https://p16-common-sign.tiktokcdn-us.com/tos-maliva-avt-0068/7327334179237003270~tplv-tiktokx-cropcenter:720:720.jpeg?dr=9640&refresh_token=293efb51&x-expires=1774407600&x-signature=l0fYlZz%2BNN2NrHX4kOOm1IM9O0A%3D&t=4d5b0474&ps=13740610&shp=a5d48078&shcp=81f88b70&idc=useast5""}","{""musicName"":""Dança Kuduro"",""musicAuthor"":""DJ ML da Vila"",""musicOriginal"":false,""musicAlbum"":""Dança Kuduro"",""playUrl"":""https://sf16.tiktokcdn-us.com/obj/tos-alisg-ve-2774/oseG1fADeFI71d27QGzLS7CiAIDgLaTtdACMJH"",""coverMediumUrl"":""https://p16-common.tiktokcdn-us.com/tos-alisg-v-2774/owCBAoJfJimIfBEAiGD1BICRQ3XZE6FgAMctko~tplv-tiktokx-cropcenter:200:200.jpeg?dr=9584&t=4d5b0474&ps=933b5bde&shp=08d74b56&shcp=81f88b70&idc=useast8"",""musicId"":""7315537737233942529"",""originalCoverMediumUrl"":""https://p16-common.tiktokcdn-us.com/tos-alisg-v-2774/owCBAoJfJimIfBEAiGD1BICRQ3XZE6FgAMctko~tplv-tiktokx-cropcenter:200:200.jpeg?dr=9584&t=4d5b0474&ps=933b5bde&shp=08d74b56&shcp=81f88b70&idc=useast8""}",https://www.tiktok.com/@thepattern/video/7604979252798246175,"{""height"":0,""width"":0,""duration"":0,""coverUrl"":""https://p16-common-sign.tiktokcdn-us.com/tos-useast8-i-photomode-tx2/e7dd420c7b494f3c93b790d1abb54b33~tplv-photomode-image.jpeg?dr=9616&x-expires=1774407600&x-signature=meCdeE1UH2CKtBvqk2LkxG0uvp0%3D&t=4d5b0474&ps=13740610&shp=81f88b70&shcp=9b759fb9&idc=useast8&ftpl=1"",""transcriptionLink"":null,""originalCoverUrl"":""https://p16-common-sign.tiktokcdn-us.com/tos-useast8-i-photomode-tx2/e7dd420c7b494f3c93b790d1abb54b33~tplv-photomode-image.jpeg?dr=9616&x-expires=1774407600&x-signature=meCdeE1UH2CKtBvqk2LkxG0uvp0%3D&t=4d5b0474&ps=13740610&shp=81f88b70&shcp=9b759fb9&idc=useast8&ftpl=1""}",111,13,1418,2,0,0,[],[],"[{""name"":""fyp""},{""name"":""vibecheck""},{""name"":""badbunny""},{""name"":""trusttheprocess""},{""name"":""maincharacterenergy""}]",[],true,"[{""tiktokLink"":""https://p16-common-sign.tiktokcdn-us.com/tos-useast8-i-photomode-tx2/e7dd420c7b494f3c93b790d1abb54b33~tplv-photomode-image.jpeg?dr=9616&x-expires=1774407600&x-signature=meCdeE1UH2CKtBvqk2LkxG0uvp0%3D&t=4d5b0474&ps=13740610&shp=81f88b70&shcp=9b759fb9&idc=useast8&ftpl=1"",""downloadLink"":""https://p16-common-sign.tiktokcdn-us.com/tos-useast8-i-photomode-tx2/e7dd420c7b494f3c93b790d1abb54b33~tplv-photomode-image.jpeg?dr=9616&x-expires=1774407600&x-signature=meCdeE1UH2CKtBvqk2LkxG0uvp0%3D&t=4d5b0474&ps=13740610&shp=81f88b70&shcp=9b759fb9&idc=useast8&ftpl=1""}]",false,false,[],thepattern,videos,
7602826056604618014,"Right now, you might feel called to revisit what security means to you - whether that's material resources or your relationships. 

Because today, the electric planet Uranus stations direct in the sig...",en,1770170897,2026-02-04T02:08:17.000Z,false,"{""id"":""6842344214664610822"",""name"":""thepattern"",""profileUrl"":""https://www.tiktok.com/@thepattern"",""nickName"":""The Pattern"",""verified"":true,""signature"":""Astrology that explains you + your relationships.\nSee your personal insights ↓"",""bioLink"":""https://linktr.ee/thepattern"",""avatar"":""https://p16-common-sign.tiktokcdn-us.com/tos-maliva-avt-0068/7327334179237003270~tplv-tiktokx-cropcenter:720:720.jpeg?dr=9640&refresh_token=293efb51&x-expires=1774407600&x-signature=l0fYlZz%2BNN2NrHX4kOOm1IM9O0A%3D&t=4d5b0474&ps=13740610&shp=a5d48078&shcp=81f88b70&idc=useast5"",""commerceUserInfo"":{""commerceUser"":true,""category"":""Software & Apps"",""categoryButton"":false},""privateAccount"":false,""roomId"":"""",""ttSeller"":false,""createTime"":1593107531,""following"":180,""friends"":70,""fans"":86500,""heart"":904400,""video"":109,""digg"":388,""originalAvatarUrl"":""https://p16-common-sign.tiktokcdn-us.com/tos-maliva-avt-0068/7327334179237003270~tplv-tiktokx-cropcenter:720:720.jpeg?dr=9640&refresh_token=293efb51&x-expires=1774407600&x-signature=l0fYlZz%2BNN2NrHX4kOOm1IM9O0A%3D&t=4d5b0474&ps=13740610&shp=a5d48078&shcp=81f88b70&idc=useast5""}","{""musicName"":""original sound"",""musicAuthor"":""The Pattern"",""musicOriginal"":true,""playUrl"":""https://v16m.tiktokcdn-us.com/e66c01ae82a8cfb9b06ab7c8d7169190/69c10b75/video/tos/useast8/tos-useast8-v-27dcd7-tx2/ogxvYvqaUj5AiCCAAERAalhCVEAEAEKBiqHtK/?a=1233&bti=ODszNWYuMDE6&ch=0&cr=0&dr=0&er=0&lr=default&cd=0%7C0%7C0%7C0&br=250&bt=125&ds=5&ft=GSDrKInz7Ths8N-PXq8Zmo&mime_type=audio_mpeg&qs=13&rc=Mzo1a2s5cjdkOTMzaTU8NEBpMzo1a2s5cjdkOTMzaTU8NEBeci1wMmRraC5hLS1kMTJzYSNeci1wMmRraC5hLS1kMTJzcw%3D%3D&vvpl=1&l=202603230344086EDFAC167D6B9800C67A&btag=e00070000"",""coverMediumUrl"":""https://p19-common-sign.tiktokcdn-us.com/tos-maliva-avt-0068/7327334179237003270~tplv-tiktokx-cropcenter:720:720.jpeg?dr=9640&refresh_token=74c73f9b&x-expires=1774407600&x-signature=zGeHVA83OZgYGmPkQbPTzeiE1zI%3D&t=4d5b0474&ps=13740610&shp=a5d48078&shcp=81f88b70&idc=useast8"",""musicId"":""7602826022865652511"",""originalCoverMediumUrl"":""https://p19-common-sign.tiktokcdn-us.com/tos-maliva-avt-0068/7327334179237003270~tplv-tiktokx-cropcenter:720:720.jpeg?dr=9640&refresh_token=74c73f9b&x-expires=1774407600&x-signature=zGeHVA83OZgYGmPkQbPTzeiE1zI%3D&t=4d5b0474&ps=13740610&shp=a5d48078&shcp=81f88b70&idc=useast8""}",https://www.tiktok.com/@thepattern/video/7602826056604618014,"{""height"":1280,""width"":720,""duration"":13,""coverUrl"":""https://p16-common-sign.tiktokcdn-us.com/tos-useast8-p-0068-tx2/oQiUrElPhRqiCBABtqgCAAAEAaWIAKY9EH5Wq~tplv-tiktokx-origin.image?dr=9636&x-expires=1774407600&x-signature=EH6kXQzzjuXZf%2BTcA0P4DDy%2Bjpw%3D&t=4d5b0474&ps=13740610&shp=81f88b70&shcp=43f4a2f9&idc=useast8"",""definition"":""720p"",""format"":""mp4"",""subtitleLinks"":[{""language"":""eng-US"",""downloadLink"":""https://v16m-webapp.tiktokcdn-us.com/35be63c7a6e6b70a1368f43fe0f43304/69c35a15/video/tos/useast8/tos-useast8-v-0068-tx2/942da42cbf7d40dcbd2ab0754179b95e/?a=1988&bti=ODszNWYuMDE6&ch=0&cr=3&dr=0&lr=all&cd=0%7C0%7C0%7C&cv=1&br=1416&bt=708&cs=0&ds=4&ft=aEKq_qT0mIoPD12GU~ms3wUCdCAbMeF~O5&mime_type=video_mp4&qs=13&rc=Mzt4aWw5cjZkOTMzaTczNEBpMzt4aWw5cjZkOTMzaTczNEBubmNsMmRjaC5hLS1kMTJzYSNubmNsMmRjaC5hLS1kMTJzcw%3D%3D&l=202603230344086EDFAC167D6B9800C67A&btag=e00070000"",""source"":""ASR"",""sourceUnabbreviated"":""automatic speech recognition"",""version"":""1:big_caption"",""tiktokLink"":""https://v16m-webapp.tiktokcdn-us.com/35be63c7a6e6b70a1368f43fe0f43304/69c35a15/video/tos/useast8/tos-useast8-v-0068-tx2/942da42cbf7d40dcbd2ab0754179b95e/?a=1988&bti=ODszNWYuMDE6&ch=0&cr=3&dr=0&lr=all&cd=0%7C0%7C0%7C&cv=1&br=1416&bt=708&cs=0&ds=4&ft=aEKq_qT0mIoPD12GU~ms3wUCdCAbMeF~O5&mime_type=video_mp4&qs=13&rc=Mzt4aWw5cjZkOTMzaTczNEBpMzt4aWw5cjZkOTMzaTczNEBubmNsMmRjaC5hLS1kMTJzYSNubmNsMmRjaC5hLS1kMTJzcw%3D%3D&l=202603230344086EDFAC167D6B9800C67A&btag=e00070000""}],""transcriptionLink"":null,""originalCoverUrl"":""https://p16-common-sign.tiktokcdn-us.com/tos-useast8-p-0068-tx2/oQiUrElPhRqiCBABtqgCAAAEAaWIAKY9EH5Wq~tplv-tiktokx-origin.image?dr=9636&x-expires=1774407600&x-signature=EH6kXQzzjuXZf%2BTcA0P4DDy%2Bjpw%3D&t=4d5b0474&ps=13740610&shp=81f88b70&shcp=43f4a2f9&idc=useast8""}",102,4,11500,8,0,0,[],[],"[{""name"":""astrology""},{""name"":""uranus""},{""name"":""taurus""}]",[],false,,false,false,[],thepattern,videos,
7601934552625450295,This is how today’s Full Moon in Leo helps each sign reclaim its inner power and shine its light in the world. ✨,en,1769963345,2026-02-01T16:29:05.000Z,false,"{""id"":""6842344214664610822"",""name"":""thepattern"",""profileUrl"":""https://www.tiktok.com/@thepattern"",""nickName"":""The Pattern"",""verified"":true,""signature"":""Astrology that explains you + your relationships.\nSee your personal insights ↓"",""bioLink"":""https://linktr.ee/thepattern"",""avatar"":""https://p16-common-sign.tiktokcdn-us.com/tos-maliva-avt-0068/7327334179237003270~tplv-tiktokx-cropcenter:720:720.jpeg?dr=9640&refresh_token=293efb51&x-expires=1774407600&x-signature=l0fYlZz%2BNN2NrHX4kOOm1IM9O0A%3D&t=4d5b0474&ps=13740610&shp=a5d48078&shcp=81f88b70&idc=useast5"",""commerceUserInfo"":{""commerceUser"":true,""category"":""Software & Apps"",""categoryButton"":false},""privateAccount"":false,""roomId"":"""",""ttSeller"":false,""createTime"":1593107531,""following"":180,""friends"":70,""fans"":86500,""heart"":904400,""video"":109,""digg"":388,""originalAvatarUrl"":""https://p16-common-sign.tiktokcdn-us.com/tos-maliva-avt-0068/7327334179237003270~tplv-tiktokx-cropcenter:720:720.jpeg?dr=9640&refresh_token=293efb51&x-expires=1774407600&x-signature=l0fYlZz%2BNN2NrHX4kOOm1IM9O0A%3D&t=4d5b0474&ps=13740610&shp=a5d48078&shcp=81f88b70&idc=useast5""}","{""musicName"":""cosmic dream"",""musicAuthor"":""leadwave"",""musicOriginal"":false,""musicAlbum"":""cosmic dream"",""playUrl"":""https://sf19.tiktokcdn-us.com/obj/tos-alisg-ve-2774/owJ6ThGlILFjMoCAOOIgaRa1DfoFezCBSbH0Af"",""coverMediumUrl"":""https://p16-common.tiktokcdn-us.com/tos-alisg-v-2774/owMqYAUiaPzWABx8AbEGqAEjB3QAEAFtrRitm~tplv-tiktokx-cropcenter:200:200.jpeg?dr=9584&t=4d5b0474&ps=933b5bde&shp=08d74b56&shcp=81f88b70&idc=useast8"",""musicId"":""7322647777815660545"",""originalCoverMediumUrl"":""https://p16-common.tiktokcdn-us.com/tos-alisg-v-2774/owMqYAUiaPzWABx8AbEGqAEjB3QAEAFtrRitm~tplv-tiktokx-cropcenter:200:200.jpeg?dr=9584&t=4d5b0474&ps=933b5bde&shp=08d74b56&shcp=81f88b70&idc=useast8""}",https://www.tiktok.com/@thepattern/video/7601934552625450295,"{""height"":0,""width"":0,""duration"":0,""coverUrl"":""https://p19-common-sign.tiktokcdn-us.com/tos-useast5-i-photomode-tx/5baad5fa38014a8e890d1e3f768e7e27~tplv-photomode-image.jpeg?dr=9616&x-expires=1774407600&x-signature=krcTvKgxoQnd%2FHMTXL7XAfSv3cg%3D&t=4d5b0474&ps=13740610&shp=81f88b70&shcp=9b759fb9&idc=useast8&ftpl=1"",""transcriptionLink"":null,""originalCoverUrl"":""https://p19-common-sign.tiktokcdn-us.com/tos-useast5-i-photomode-tx/5baad5fa38014a8e890d1e3f768e7e27~tplv-photomode-image.jpeg?dr=9616&x-expires=1774407600&x-signature=krcTvKgxoQnd%2FHMTXL7XAfSv3cg%3D&t=4d5b0474&ps=13740610&shp=81f88b70&shcp=9b759fb9&idc=useast8&ftpl=1""}",446,61,25900,58,5,0,[],[],[],[],true,"[{""tiktokLink"":""https://p16-common-sign.tiktokcdn-us.com/tos-useast5-i-photomode-tx/5baad5fa38014a8e890d1e3f768e7e27~tplv-photomode-image.jpeg?dr=9616&x-expires=1774407600&x-signature=vc%2B05hFgq76%2BxDURVLG%2F46vDvlg%3D&t=4d5b0474&ps=13740610&shp=81f88b70&shcp=9b759fb9&idc=useast8&ftpl=1"",""downloadLink"":""https://p16-common-sign.tiktokcdn-us.com/tos-useast5-i-photomode-tx/5baad5fa38014a8e890d1e3f768e7e27~tplv-photomode-image.jpeg?dr=9616&x-expires=1774407600&x-signature=vc%2B05hFgq76%2BxDURVLG%2F46vDvlg%3D&t=4d5b0474&ps=13740610&shp=81f88b70&shcp=9b759fb9&idc=useast8&ftpl=1""},{""tiktokLink"":""https://p19-common-sign.tiktokcdn-us.com/tos-useast5-i-photomode-tx/cf8c26efde6b445b8c6163e46882ecc0~tplv-photomode-image.jpeg?dr=9616&x-expires=1774407600&x-signature=PFavrcFP%2Belfns110hDDRj2sRJc%3D&t=4d5b0474&ps=13740610&shp=81f88b70&shcp=9b759fb9&idc=useast8&ftpl=1"",""downloadLink"":""https://p19-common-sign.tiktokcdn-us.com/tos-useast5-i-photomode-tx/cf8c26efde6b445b8c6163e46882ecc0~tplv-photomode-image.jpeg?dr=9616&x-expires=1774407600&x-signature=PFavrcFP%2Belfns110hDDRj2sRJc%3D&t=4d5b0474&ps=13740610&shp=81f88b70&shcp=9b759fb9&idc=useast8&ftpl=1""},{""tiktokLink"":""https://p16-common-sign.tiktokcdn-us.com/tos-useast5-i-photomode-tx/8e0e744b7a1049c69e29de2900613630~tplv-photomode-image.jpeg?dr=9616&x-expires=1774407600&x-signature=NrE4erwhOFCUpb%2Fdsccrh2vn0UA%3D&t=4d5b0474&ps=13740610&shp=81f88b70&shcp=9b759fb9&idc=useast8&ftpl=1"",""downloadLink"":""https://p16-common-sign.tiktokcdn-us.com/tos-useast5-i-photomode-tx/8e0e744b7a1049c69e29de2900613630~tplv-photomode-image.jpeg?dr=9616&x-expires=1774407600&x-signature=NrE4erwhOFCUpb%2Fdsccrh2vn0UA%3D&t=4d5b0474&ps=13740610&shp=81f88b70&shcp=9b759fb9&idc=useast8&ftpl=1""},{""tiktokLink"":""https://p19-common-sign.tiktokcdn-us.com/tos-useast5-i-photomode-tx/1eb4adb4b5514fef96d13c5bea3e98da~tplv-photomode-image.jpeg?dr=9616&x-expires=1774407600&x-signature=Zd8ZAdVpq2x0nxrQ8RcCvnYjip0%3D&t=4d5b0474&ps=13740610&shp=81f88b70&shcp=9b759fb9&idc=useast8&ftpl=1"",""downloadLink"":""https://p19-common-sign.tiktokcdn-us.com/tos-useast5-i-photomode-tx/1eb4adb4b5514fef96d13c5bea3e98da~tplv-photomode-image.jpeg?dr=9616&x-expires=1774407600&x-signature=Zd8ZAdVpq2x0nxrQ8RcCvnYjip0%3D&t=4d5b0474&ps=13740610&shp=81f88b70&shcp=9b759fb9&idc=useast8&ftpl=1""},{""tiktokLink"":""https://p16-common-sign.tiktokcdn-us.com/tos-useast5-i-photomode-tx/329a0964800c4e2d9073a75eaaed844b~tplv-photomode-image.jpeg?dr=9616&x-expires=1774407600&x-signature=Y%2FPmHqehVz40nBkIlZSZaFU7xm0%3D&t=4d5b0474&ps=13740610&shp=81f88b70&shcp=9b759fb9&idc=useast8&ftpl=1"",""downloadLink"":""https://p16-common-sign.tiktokcdn-us.com/tos-useast5-i-photomode-tx/329a0964800c4e2d9073a75eaaed844b~tplv-photomode-image.jpeg?dr=9616&x-expires=1774407600&x-signature=Y%2FPmHqehVz40nBkIlZSZaFU7xm0%3D&t=4d5b0474&ps=13740610&shp=81f88b70&shcp=9b759fb9&idc=useast8&ftpl=1""},{""tiktokLink"":""https://p16-common-sign.tiktokcdn-us.com/tos-useast5-i-photomode-tx/50bccaad1ec74d6c9104efe72feb779a~tplv-photomode-image.jpeg?dr=9616&x-expires=1774407600&x-signature=F1T4BjbKRPWILN4gb3U0pVPBA48%3D&t=4d5b0474&ps=13740610&shp=81f88b70&shcp=9b759fb9&idc=useast8&ftpl=1"",""downloadLink"":""https://p16-common-sign.tiktokcdn-us.com/tos-useast5-i-photomode-tx/50bccaad1ec74d6c9104efe72feb779a~tplv-photomode-image.jpeg?dr=9616&x-expires=1774407600&x-signature=F1T4BjbKRPWILN4gb3U0pVPBA48%3D&t=4d5b0474&ps=13740610&shp=81f88b70&shcp=9b759fb9&idc=useast8&ftpl=1""},{""tiktokLink"":""https://p16-common-sign.tiktokcdn-us.com/tos-useast5-i-photomode-tx/3a284ec348f34c58b9ee8930b2821d70~tplv-photomode-image.jpeg?dr=9616&x-expires=1774407600&x-signature=YEB6bdm79uGm%2FgwPfttmXrOCr%2BU%3D&t=4d5b0474&ps=13740610&shp=81f88b70&shcp=9b759fb9&idc=useast8&ftpl=1"",""downloadLink"":""https://p16-common-sign.tiktokcdn-us.com/tos-useast5-i-photomode-tx/3a284ec348f34c58b9ee8930b2821d70~tplv-photomode-image.jpeg?dr=9616&x-expires=1774407600&x-signature=YEB6bdm79uGm%2FgwPfttmXrOCr%2BU%3D&t=4d5b0474&ps=13740610&shp=81f88b70&shcp=9b759fb9&idc=useast8&ftpl=1""},{""tiktokLink"":""https://p16-common-sign.tiktokcdn-us.com/tos-useast5-i-photomode-tx/7b8832713e8a4af7a5ba297c7fcaa3fa~tplv-photomode-image.jpeg?dr=9616&x-expires=1774407600&x-signature=aNL5EeYlLYPNVE9Z29Ww%2FcAiG9o%3D&t=4d5b0474&ps=13740610&shp=81f88b70&shcp=9b759fb9&idc=useast8&ftpl=1"",""downloadLink"":""https://p16-common-sign.tiktokcdn-us.com/tos-useast5-i-photomode-tx/7b8832713e8a4af7a5ba297c7fcaa3fa~tplv-photomode-image.jpeg?dr=9616&x-expires=1774407600&x-signature=aNL5EeYlLYPNVE9Z29Ww%2FcAiG9o%3D&t=4d5b0474&ps=13740610&shp=81f88b70&shcp=9b759fb9&idc=useast8&ftpl=1""},{""tiktokLink"":""https://p16-common-sign.tiktokcdn-us.com/tos-useast5-i-photomode-tx/74bc449925564bd1adf899c25c467871~tplv-photomode-image.jpeg?dr=9616&x-expires=1774407600&x-signature=5d6%2BEwTCtT2g90g1UJKCXlW6OCQ%3D&t=4d5b0474&ps=13740610&shp=81f88b70&shcp=9b759fb9&idc=useast8&ftpl=1"",""downloadLink"":""https://p16-common-sign.tiktokcdn-us.com/tos-useast5-i-photomode-tx/74bc449925564bd1adf899c25c467871~tplv-photomode-image.jpeg?dr=9616&x-expires=1774407600&x-signature=5d6%2BEwTCtT2g90g1UJKCXlW6OCQ%3D&t=4d5b0474&ps=13740610&shp=81f88b70&shcp=9b759fb9&idc=useast8&ftpl=1""},{""tiktokLink"":""https://p16-common-sign.tiktokcdn-us.com/tos-useast5-i-photomode-tx/6adc485464d74ca6a0849ef3f1424431~tplv-photomode-image.jpeg?dr=9616&x-expires=1774407600&x-signature=wEj5aR%2BoLYoNNot8ZHrM3TXrNR8%3D&t=4d5b0474&ps=13740610&shp=81f88b70&shcp=9b759fb9&idc=useast8&ftpl=1"",""downloadLink"":""https://p16-common-sign.tiktokcdn-us.com/tos-useast5-i-photomode-tx/6adc485464d74ca6a0849ef3f1424431~tplv-photomode-image.jpeg?dr=9616&x-expires=1774407600&x-signature=wEj5aR%2BoLYoNNot8ZHrM3TXrNR8%3D&t=4d5b0474&ps=13740610&shp=81f88b70&shcp=9b759fb9&idc=useast8&ftpl=1""},{""tiktokLink"":""https://p16-common-sign.tiktokcdn-us.com/tos-useast5-i-photomode-tx/496604fe64ba4459af9bb6276a31d893~tplv-photomode-image.jpeg?dr=9616&x-expires=1774407600&x-signature=jalFQ5TC3T7UHBdd6oCEQwcaKdI%3D&t=4d5b0474&ps=13740610&shp=81f88b70&shcp=9b759fb9&idc=useast8&ftpl=1"",""downloadLink"":""https://p16-common-sign.tiktokcdn-us.com/tos-useast5-i-photomode-tx/496604fe64ba4459af9bb6276a31d893~tplv-photomode-image.jpeg?dr=9616&x-expires=1774407600&x-signature=jalFQ5TC3T7UHBdd6oCEQwcaKdI%3D&t=4d5b0474&ps=13740610&shp=81f88b70&shcp=9b759fb9&idc=useast8&ftpl=1""},{""tiktokLink"":""https://p19-common-sign.tiktokcdn-us.com/tos-useast5-i-photomode-tx/47101e91a3d3426ab1ac9f653229b247~tplv-photomode-image.jpeg?dr=9616&x-expires=1774407600&x-signature=R%2Bfyce7CUdb4COW29LMnXLfLfPQ%3D&t=4d5b0474&ps=13740610&shp=81f88b70&shcp=9b759fb9&idc=useast8&ftpl=1"",""downloadLink"":""https://p19-common-sign.tiktokcdn-us.com/tos-useast5-i-photomode-tx/47101e91a3d3426ab1ac9f653229b247~tplv-photomode-image.jpeg?dr=9616&x-expires=1774407600&x-signature=R%2Bfyce7CUdb4COW29LMnXLfLfPQ%3D&t=4d5b0474&ps=13740610&shp=81f88b70&shcp=9b759fb9&idc=useast8&ftpl=1""},{""tiktokLink"":""https://p16-common-sign.tiktokcdn-us.com/tos-useast5-i-photomode-tx/a6a146319d664863b355f466f7cbbb91~tplv-photomode-image.jpeg?dr=9616&x-expires=1774407600&x-signature=6NjNv4MaVpRw1UlBVj5qpbrW8aY%3D&t=4d5b0474&ps=13740610&shp=81f88b70&shcp=9b759fb9&idc=useast8&ftpl=1"",""downloadLink"":""https://p16-common-sign.tiktokcdn-us.com/tos-useast5-i-photomode-tx/a6a146319d664863b355f466f7cbbb91~tplv-photomode-image.jpeg?dr=9616&x-expires=1774407600&x-signature=6NjNv4MaVpRw1UlBVj5qpbrW8aY%3D&t=4d5b0474&ps=13740610&shp=81f88b70&shcp=9b759fb9&idc=useast8&ftpl=1""}]",false,false,[],thepattern,videos,
7601287410126703902,"The Full Moon in Leo on February 1st is here to help you reclaim your light.✨

#fullmoon #leoenergy #astrology",en,1769812659,2026-01-30T22:37:39.000Z,false,"{""id"":""6842344214664610822"",""name"":""thepattern"",""profileUrl"":""https://www.tiktok.com/@thepattern"",""nickName"":""The Pattern"",""verified"":true,""signature"":""Astrology that explains you + your relationships.\nSee your personal insights ↓"",""bioLink"":""https://linktr.ee/thepattern"",""avatar"":""https://p16-common-sign.tiktokcdn-us.com/tos-maliva-avt-0068/7327334179237003270~tplv-tiktokx-cropcenter:720:720.jpeg?dr=9640&refresh_token=293efb51&x-expires=1774407600&x-signature=l0fYlZz%2BNN2NrHX4kOOm1IM9O0A%3D&t=4d5b0474&ps=13740610&shp=a5d48078&shcp=81f88b70&idc=useast5"",""commerceUserInfo"":{""commerceUser"":true,""category"":""Software & Apps"",""categoryButton"":false},""privateAccount"":false,""roomId"":"""",""ttSeller"":false,""createTime"":1593107531,""following"":180,""friends"":70,""fans"":86500,""heart"":904400,""video"":109,""digg"":388,""originalAvatarUrl"":""https://p16-common-sign.tiktokcdn-us.com/tos-maliva-avt-0068/7327334179237003270~tplv-tiktokx-cropcenter:720:720.jpeg?dr=9640&refresh_token=293efb51&x-expires=1774407600&x-signature=l0fYlZz%2BNN2NrHX4kOOm1IM9O0A%3D&t=4d5b0474&ps=13740610&shp=a5d48078&shcp=81f88b70&idc=useast5""}","{""musicName"":""original sound - The Pattern"",""musicAuthor"":""The Pattern"",""musicOriginal"":true,""playUrl"":""https://v16m.tiktokcdn-us.com/e090e672a9402c2a3101d04e71ed66a0/69c10b74/video/tos/useast8/tos-useast8-v-27dcd7-tx2/o0AfTFKXErDTaDzvEkMI2uAfB3EofSwqAAC9E8/?a=1233&bti=ODszNWYuMDE6&ch=0&cr=0&dr=0&er=0&lr=default&cd=0%7C0%7C0%7C0&br=250&bt=125&ds=5&ft=GSDrKInz7Ths8N-PXq8Zmo&mime_type=audio_mpeg&qs=13&rc=M2l2cXM5cmdtODMzaTU8NEBpM2l2cXM5cmdtODMzaTU8NEBmNGdvMmRrMnJhLS1kMTJzYSNmNGdvMmRrMnJhLS1kMTJzcw%3D%3D&vvpl=1&l=202603230344086EDFAC167D6B9800C67A&btag=e00070000"",""coverMediumUrl"":""https://p19-common-sign.tiktokcdn-us.com/tos-maliva-avt-0068/7327334179237003270~tplv-tiktokx-cropcenter:720:720.jpeg?dr=9640&refresh_token=74c73f9b&x-expires=1774407600&x-signature=zGeHVA83OZgYGmPkQbPTzeiE1zI%3D&t=4d5b0474&ps=13740610&shp=a5d48078&shcp=81f88b70&idc=useast8"",""musicId"":""7601287383509994271"",""originalCoverMediumUrl"":""https://p19-common-sign.tiktokcdn-us.com/tos-maliva-avt-0068/7327334179237003270~tplv-tiktokx-cropcenter:720:720.jpeg?dr=9640&refresh_token=74c73f9b&x-expires=1774407600&x-signature=zGeHVA83OZgYGmPkQbPTzeiE1zI%3D&t=4d5b0474&ps=13740610&shp=a5d48078&shcp=81f88b70&idc=useast8""}",https://www.tiktok.com/@thepattern/video/7601287410126703902,"{""height"":1280,""width"":720,""duration"":12,""coverUrl"":""https://p19-common-sign.tiktokcdn-us.com/tos-useast8-p-0068-tx2/oYBIKqDaFAFmfM9CArTjAEFEe46EIqAfASTwtE~tplv-tiktokx-origin.image?dr=9636&x-expires=1774407600&x-signature=x6vUuo9w9jP8aOf3Nq6Tvsa1RzU%3D&t=4d5b0474&ps=13740610&shp=81f88b70&shcp=43f4a2f9&idc=useast8"",""definition"":""720p"",""format"":""mp4"",""subtitleLinks"":[{""language"":""eng-US"",""downloadLink"":""https://v16m-webapp.tiktokcdn-us.com/f2008892cad97c4b7a2a088889e20887/69c35a14/video/tos/useast8/tos-useast8-v-0068-tx2/c48cdd87c3244c20b129369c0354e593/?a=1988&bti=ODszNWYuMDE6&ch=0&cr=3&dr=0&lr=all&cd=0%7C0%7C0%7C&cv=1&br=23838&bt=11919&cs=0&ds=4&ft=aEKq_qT0mIoPD12GU~ms3wUCdCAbMeF~O5&mime_type=video_mp4&qs=13&rc=amh4ZHg5cmhtODMzaTgzNEBpamh4ZHg5cmhtODMzaTgzNEBkbGQuMmRrMXJhLS1kLzJzYSNkbGQuMmRrMXJhLS1kLzJzcw%3D%3D&l=202603230344086EDFAC167D6B9800C67A&btag=e00070000"",""source"":""ASR"",""sourceUnabbreviated"":""automatic speech recognition"",""version"":""1:big_caption"",""tiktokLink"":""https://v16m-webapp.tiktokcdn-us.com/f2008892cad97c4b7a2a088889e20887/69c35a14/video/tos/useast8/tos-useast8-v-0068-tx2/c48cdd87c3244c20b129369c0354e593/?a=1988&bti=ODszNWYuMDE6&ch=0&cr=3&dr=0&lr=all&cd=0%7C0%7C0%7C&cv=1&br=23838&bt=11919&cs=0&ds=4&ft=aEKq_qT0mIoPD12GU~ms3wUCdCAbMeF~O5&mime_type=video_mp4&qs=13&rc=amh4ZHg5cmhtODMzaTgzNEBpamh4ZHg5cmhtODMzaTgzNEBkbGQuMmRrMXJhLS1kLzJzYSNkbGQuMmRrMXJhLS1kLzJzcw%3D%3D&l=202603230344086EDFAC167D6B9800C67A&btag=e00070000""}],""transcriptionLink"":null,""originalCoverUrl"":""https://p19-common-sign.tiktokcdn-us.com/tos-useast8-p-0068-tx2/oYBIKqDaFAFmfM9CArTjAEFEe46EIqAfASTwtE~tplv-tiktokx-origin.image?dr=9636&x-expires=1774407600&x-signature=x6vUuo9w9jP8aOf3Nq6Tvsa1RzU%3D&t=4d5b0474&ps=13740610&shp=81f88b70&shcp=43f4a2f9&idc=useast8""}",388,19,5255,36,4,0,[],[],"[{""name"":""fullmoon""},{""name"":""leoenergy""},{""name"":""astrology""}]",[],false,,false,false,[],thepattern,videos,
7598627781915725086,"Ready for a power shift?

Today, Mars moves into Aquarius, and it’s serving up a single message:

Your power is amplified when it’s aligned with what makes you different, rather than what makes you ac...",en,1769193419,2026-01-23T18:36:59.000Z,false,"{""id"":""6842344214664610822"",""name"":""thepattern"",""profileUrl"":""https://www.tiktok.com/@thepattern"",""nickName"":""The Pattern"",""verified"":true,""signature"":""Astrology that explains you + your relationships.\nSee your personal insights ↓"",""bioLink"":""https://linktr.ee/thepattern"",""avatar"":""https://p16-common-sign.tiktokcdn-us.com/tos-maliva-avt-0068/7327334179237003270~tplv-tiktokx-cropcenter:720:720.jpeg?dr=9640&refresh_token=293efb51&x-expires=1774407600&x-signature=l0fYlZz%2BNN2NrHX4kOOm1IM9O0A%3D&t=4d5b0474&ps=13740610&shp=a5d48078&shcp=81f88b70&idc=useast5"",""commerceUserInfo"":{""commerceUser"":true,""category"":""Software & Apps"",""categoryButton"":false},""privateAccount"":false,""roomId"":"""",""ttSeller"":false,""createTime"":1593107531,""following"":180,""friends"":70,""fans"":86500,""heart"":904400,""video"":109,""digg"":388,""originalAvatarUrl"":""https://p16-common-sign.tiktokcdn-us.com/tos-maliva-avt-0068/7327334179237003270~tplv-tiktokx-cropcenter:720:720.jpeg?dr=9640&refresh_token=293efb51&x-expires=1774407600&x-signature=l0fYlZz%2BNN2NrHX4kOOm1IM9O0A%3D&t=4d5b0474&ps=13740610&shp=a5d48078&shcp=81f88b70&idc=useast5""}","{""musicName"":""stellar (Sped Up)"",""musicAuthor"":"".diedlonely & énouement"",""musicOriginal"":false,""musicAlbum"":""stellar (Remixes)"",""playUrl"":""https://sf16.tiktokcdn-us.com/obj/tos-alisg-ve-2774/oUSDHQb8IIGtQVtBj3FnbBbZO7CeOn0g1PtkMf"",""coverMediumUrl"":""https://p16-common.tiktokcdn-us.com/tos-alisg-v-2774/oQAEqXnJE53tQYEBfSDDfBvZyQCFAAlgA5hnE7~tplv-tiktokx-cropcenter:200:200.jpeg?dr=9584&t=4d5b0474&ps=933b5bde&shp=08d74b56&shcp=81f88b70&idc=useast8"",""musicId"":""7257339264492472322"",""originalCoverMediumUrl"":""https://p16-common.tiktokcdn-us.com/tos-alisg-v-2774/oQAEqXnJE53tQYEBfSDDfBvZyQCFAAlgA5hnE7~tplv-tiktokx-cropcenter:200:200.jpeg?dr=9584&t=4d5b0474&ps=933b5bde&shp=08d74b56&shcp=81f88b70&idc=useast8""}",https://www.tiktok.com/@thepattern/video/7598627781915725086,"{""height"":1280,""width"":720,""duration"":15,""coverUrl"":""https://p19-common-sign.tiktokcdn-us.com/tos-useast8-p-0068-tx2/ooVE9v98IVfIqA5CPz2DfIRjfEAFFM3AqGHSIM~tplv-tiktokx-origin.image?dr=9636&x-expires=1774407600&x-signature=k076%2BotBNZjNtw4399bq800C6B4%3D&t=4d5b0474&ps=13740610&shp=81f88b70&shcp=43f4a2f9&idc=useast8"",""definition"":""720p"",""format"":""mp4"",""subtitleLinks"":[{""language"":""eng-US"",""downloadLink"":""https://v16m-webapp.tiktokcdn-us.com/6e9e53b323952e376201828cc58e3f2b/69c35a17/video/tos/useast8/tos-useast8-v-0068-tx2/46dbe33417194930ab1f98aae63da108/?a=1988&bti=ODszNWYuMDE6&ch=0&cr=3&dr=0&lr=all&cd=0%7C0%7C0%7C&cv=1&br=5756&bt=2878&cs=0&ds=4&ft=aEKq_qT0mIoPD12GU~ms3wUCdCAbMeF~O5&mime_type=video_mp4&qs=13&rc=amlxbXk5cmt1ODMzaTczNEBpamlxbXk5cmt1ODMzaTczNEA1bjReMmQ0c21hLS1kMTJzYSM1bjReMmQ0c21hLS1kMTJzcw%3D%3D&l=202603230344086EDFAC167D6B9800C67A&btag=e00078000"",""source"":""ASR"",""sourceUnabbreviated"":""automatic speech recognition"",""version"":""1:big_caption"",""tiktokLink"":""https://v16m-webapp.tiktokcdn-us.com/6e9e53b323952e376201828cc58e3f2b/69c35a17/video/tos/useast8/tos-useast8-v-0068-tx2/46dbe33417194930ab1f98aae63da108/?a=1988&bti=ODszNWYuMDE6&ch=0&cr=3&dr=0&lr=all&cd=0%7C0%7C0%7C&cv=1&br=5756&bt=2878&cs=0&ds=4&ft=aEKq_qT0mIoPD12GU~ms3wUCdCAbMeF~O5&mime_type=video_mp4&qs=13&rc=amlxbXk5cmt1ODMzaTczNEBpamlxbXk5cmt1ODMzaTczNEA1bjReMmQ0c21hLS1kMTJzYSM1bjReMmQ0c21hLS1kMTJzcw%3D%3D&l=202603230344086EDFAC167D6B9800C67A&btag=e00078000""}],""transcriptionLink"":null,""originalCoverUrl"":""https://p19-common-sign.tiktokcdn-us.com/tos-useast8-p-0068-tx2/ooVE9v98IVfIqA5CPz2DfIRjfEAFFM3AqGHSIM~tplv-tiktokx-origin.image?dr=9636&x-expires=1774407600&x-signature=k076%2BotBNZjNtw4399bq800C6B4%3D&t=4d5b0474&ps=13740610&shp=81f88b70&shcp=43f4a2f9&idc=useast8""}",165,7,3652,12,2,0,[],[],"[{""name"":""astrologytiktok""},{""name"":""aquarius""},{""name"":""powerful""}]",[],false,,false,false,[],thepattern,videos,
7596872581639097630,"Today’s New Moon in Capricorn is setting the tone for 2026. 🌙

This is a powerful moment to get clear on what you want to build long-term. Capricorn energy, asks for commitment, consistency, and grou...",en,1768784749,2026-01-19T01:05:49.000Z,false,"{""id"":""6842344214664610822"",""name"":""thepattern"",""profileUrl"":""https://www.tiktok.com/@thepattern"",""nickName"":""The Pattern"",""verified"":true,""signature"":""Astrology that explains you + your relationships.\nSee your personal insights ↓"",""bioLink"":""https://linktr.ee/thepattern"",""avatar"":""https://p16-common-sign.tiktokcdn-us.com/tos-maliva-avt-0068/7327334179237003270~tplv-tiktokx-cropcenter:720:720.jpeg?dr=9640&refresh_token=293efb51&x-expires=1774407600&x-signature=l0fYlZz%2BNN2NrHX4kOOm1IM9O0A%3D&t=4d5b0474&ps=13740610&shp=a5d48078&shcp=81f88b70&idc=useast5"",""commerceUserInfo"":{""commerceUser"":true,""category"":""Software & Apps"",""categoryButton"":false},""privateAccount"":false,""roomId"":"""",""ttSeller"":false,""createTime"":1593107531,""following"":180,""friends"":70,""fans"":86500,""heart"":904400,""video"":109,""digg"":388,""originalAvatarUrl"":""https://p16-common-sign.tiktokcdn-us.com/tos-maliva-avt-0068/7327334179237003270~tplv-tiktokx-cropcenter:720:720.jpeg?dr=9640&refresh_token=293efb51&x-expires=1774407600&x-signature=l0fYlZz%2BNN2NrHX4kOOm1IM9O0A%3D&t=4d5b0474&ps=13740610&shp=a5d48078&shcp=81f88b70&idc=useast5""}","{""musicName"":""original sound"",""musicAuthor"":""Ashley Ward"",""musicOriginal"":true,""playUrl"":""https://v16m.tiktokcdn-us.com/c64591946d7724e57c4bd2c36b4bfe17/69c10b8b/video/tos/useast5/tos-useast5-v-27dcd7-tx/fa1b5caf39ca490db32244553c2a0d6b/?a=1233&bti=ODszNWYuMDE6&ch=0&cr=0&dr=0&er=0&lr=default&cd=0%7C0%7C0%7C0&br=228&bt=114&ds=5&ft=GSDrKInz7Ths8N-PXq8Zmo&mime_type=audio_mp4&qs=13&rc=ajg2MzhzZDw8dTMzOjU8M0Bpajg2MzhzZDw8dTMzOjU8M0BzYTQuYi5zL2dfLS1jMTZzYSNzYTQuYi5zL2dfLS1jMTZzcw%3D%3D&vvpl=1&l=202603230344086EDFAC167D6B9800C67A&btag=e00048000"",""coverMediumUrl"":""https://p16-common-sign.tiktokcdn-us.com/tos-useast5-avt-0068-tx/7324518954930864171~tplv-tiktokx-cropcenter:720:720.jpeg?dr=9640&refresh_token=68666c3c&x-expires=1774407600&x-signature=ebjxFIrHJMFtTIYG%2F%2BM4g40hG%2BE%3D&t=4d5b0474&ps=13740610&shp=a5d48078&shcp=81f88b70&idc=useast8"",""musicId"":""6838312657276193542"",""originalCoverMediumUrl"":""https://p16-common-sign.tiktokcdn-us.com/tos-useast5-avt-0068-tx/7324518954930864171~tplv-tiktokx-cropcenter:720:720.jpeg?dr=9640&refresh_token=68666c3c&x-expires=1774407600&x-signature=ebjxFIrHJMFtTIYG%2F%2BM4g40hG%2BE%3D&t=4d5b0474&ps=13740610&shp=a5d48078&shcp=81f88b70&idc=useast8""}",https://www.tiktok.com/@thepattern/video/7596872581639097630,"{""height"":0,""width"":0,""duration"":0,""coverUrl"":""https://p16-common-sign.tiktokcdn-us.com/tos-useast8-i-photomode-tx2/a292ae7480484786958398c7dcc8ac6b~tplv-photomode-image.jpeg?dr=9616&x-expires=1774407600&x-signature=h1V7MNB%2FWESRGSgFhlt%2BVN2%2BDWI%3D&t=4d5b0474&ps=13740610&shp=81f88b70&shcp=9b759fb9&idc=useast8&ftpl=1"",""transcriptionLink"":null,""originalCoverUrl"":""https://p16-common-sign.tiktokcdn-us.com/tos-useast8-i-photomode-tx2/a292ae7480484786958398c7dcc8ac6b~tplv-photomode-image.jpeg?dr=9616&x-expires=1774407600&x-signature=h1V7MNB%2FWESRGSgFhlt%2BVN2%2BDWI%3D&t=4d5b0474&ps=13740610&shp=81f88b70&shcp=9b759fb9&idc=useast8&ftpl=1""}",78,7,1813,10,6,0,[],[],"[{""name"":""newmoonincapricorn""},{""name"":""newmoon""},{""name"":""astrologytiktok""},{""name"":""2026energy""},{""name"":""newmoonritual""}]",[],true,"[{""tiktokLink"":""https://p16-common-sign.tiktokcdn-us.com/tos-useast8-i-photomode-tx2/a292ae7480484786958398c7dcc8ac6b~tplv-photomode-image.jpeg?dr=9616&x-expires=1774407600&x-signature=h1V7MNB%2FWESRGSgFhlt%2BVN2%2BDWI%3D&t=4d5b0474&ps=13740610&shp=81f88b70&shcp=9b759fb9&idc=useast8&ftpl=1"",""downloadLink"":""https://p16-common-sign.tiktokcdn-us.com/tos-useast8-i-photomode-tx2/a292ae7480484786958398c7dcc8ac6b~tplv-photomode-image.jpeg?dr=9616&x-expires=1774407600&x-signature=h1V7MNB%2FWESRGSgFhlt%2BVN2%2BDWI%3D&t=4d5b0474&ps=13740610&shp=81f88b70&shcp=9b759fb9&idc=useast8&ftpl=1""},{""tiktokLink"":""https://p16-common-sign.tiktokcdn-us.com/tos-useast8-i-photomode-tx2/6d9b11e6e51444698c09a9a655bb91c7~tplv-photomode-image.jpeg?dr=9616&x-expires=1774407600&x-signature=umweYnC7kkCGn9pqT6zuILO2jg4%3D&t=4d5b0474&ps=13740610&shp=81f88b70&shcp=9b759fb9&idc=useast8&ftpl=1"",""downloadLink"":""https://p16-common-sign.tiktokcdn-us.com/tos-useast8-i-photomode-tx2/6d9b11e6e51444698c09a9a655bb91c7~tplv-photomode-image.jpeg?dr=9616&x-expires=1774407600&x-signature=umweYnC7kkCGn9pqT6zuILO2jg4%3D&t=4d5b0474&ps=13740610&shp=81f88b70&shcp=9b759fb9&idc=useast8&ftpl=1""},{""tiktokLink"":""https://p16-common-sign.tiktokcdn-us.com/tos-useast8-i-photomode-tx2/f090f3f0f94a48328c7ae9728cb5e580~tplv-photomode-image.jpeg?dr=9616&x-expires=1774407600&x-signature=lfblxJyyaD9Y7a%2Fo2DYZPQDWJ3Y%3D&t=4d5b0474&ps=13740610&shp=81f88b70&shcp=9b759fb9&idc=useast8&ftpl=1"",""downloadLink"":""https://p16-common-sign.tiktokcdn-us.com/tos-useast8-i-photomode-tx2/f090f3f0f94a48328c7ae9728cb5e580~tplv-photomode-image.jpeg?dr=9616&x-expires=1774407600&x-signature=lfblxJyyaD9Y7a%2Fo2DYZPQDWJ3Y%3D&t=4d5b0474&ps=13740610&shp=81f88b70&shcp=9b759fb9&idc=useast8&ftpl=1""},{""tiktokLink"":""https://p16-common-sign.tiktokcdn-us.com/tos-useast8-i-photomode-tx2/d82cac61b78048a89cb020d382d0ae15~tplv-photomode-image.jpeg?dr=9616&x-expires=1774407600&x-signature=NyrfSp4iM85GrUIKMbK6fZxsjm4%3D&t=4d5b0474&ps=13740610&shp=81f88b70&shcp=9b759fb9&idc=useast8&ftpl=1"",""downloadLink"":""https://p16-common-sign.tiktokcdn-us.com/tos-useast8-i-photomode-tx2/d82cac61b78048a89cb020d382d0ae15~tplv-photomode-image.jpeg?dr=9616&x-expires=1774407600&x-signature=NyrfSp4iM85GrUIKMbK6fZxsjm4%3D&t=4d5b0474&ps=13740610&shp=81f88b70&shcp=9b759fb9&idc=useast8&ftpl=1""}]",false,false,[],thepattern,videos,
7595541286128602398,"The Capricorn New Moon is setting the tone for the entire year.🌙 

This is a powerful time to set intentions for 2026. What you set in motion on January 18th matters.

✨ See how this New Moon will im...",en,1768588200,2026-01-16T18:30:00.000Z,false,"{""id"":""6842344214664610822"",""name"":""thepattern"",""profileUrl"":""https://www.tiktok.com/@thepattern"",""nickName"":""The Pattern"",""verified"":true,""signature"":""Astrology that explains you + your relationships.\nSee your personal insights ↓"",""bioLink"":""https://linktr.ee/thepattern"",""avatar"":""https://p16-common-sign.tiktokcdn-us.com/tos-maliva-avt-0068/7327334179237003270~tplv-tiktokx-cropcenter:720:720.jpeg?dr=9640&refresh_token=293efb51&x-expires=1774407600&x-signature=l0fYlZz%2BNN2NrHX4kOOm1IM9O0A%3D&t=4d5b0474&ps=13740610&shp=a5d48078&shcp=81f88b70&idc=useast5"",""commerceUserInfo"":{""commerceUser"":true,""category"":""Software & Apps"",""categoryButton"":false},""privateAccount"":false,""roomId"":"""",""ttSeller"":false,""createTime"":1593107531,""following"":180,""friends"":70,""fans"":86500,""heart"":904400,""video"":109,""digg"":388,""originalAvatarUrl"":""https://p16-common-sign.tiktokcdn-us.com/tos-maliva-avt-0068/7327334179237003270~tplv-tiktokx-cropcenter:720:720.jpeg?dr=9640&refresh_token=293efb51&x-expires=1774407600&x-signature=l0fYlZz%2BNN2NrHX4kOOm1IM9O0A%3D&t=4d5b0474&ps=13740610&shp=a5d48078&shcp=81f88b70&idc=useast5""}","{""musicName"":""original sound - The Pattern"",""musicAuthor"":""The Pattern"",""musicOriginal"":true,""playUrl"":""https://v16m.tiktokcdn-us.com/f7b898388f4293600a2d22d33d43b511/69c10b79/video/tos/useast8/tos-useast8-v-27dcd7-tx2/osRPQIlZ6oBECAVyNABpLis64AKWyiEaAjBAk/?a=1233&bti=ODszNWYuMDE6&ch=0&cr=0&dr=0&er=0&lr=default&cd=0%7C0%7C0%7C0&br=250&bt=125&ds=5&ft=GSDrKInz7Ths8N-PXq8Zmo&mime_type=audio_mpeg&qs=13&rc=M2w6bHQ5cjxmODMzaTU8NEBpM2w6bHQ5cjxmODMzaTU8NEBwaWxgMmQ0ZWhhLS1kMTJzYSNwaWxgMmQ0ZWhhLS1kMTJzcw%3D%3D&vvpl=1&l=202603230344086EDFAC167D6B9800C67A&btag=e00078000"",""coverMediumUrl"":""https://p19-common-sign.tiktokcdn-us.com/tos-maliva-avt-0068/7327334179237003270~tplv-tiktokx-cropcenter:720:720.jpeg?dr=9640&refresh_token=74c73f9b&x-expires=1774407600&x-signature=zGeHVA83OZgYGmPkQbPTzeiE1zI%3D&t=4d5b0474&ps=13740610&shp=a5d48078&shcp=81f88b70&idc=useast8"",""musicId"":""7595541126937955102"",""originalCoverMediumUrl"":""https://p19-common-sign.tiktokcdn-us.com/tos-maliva-avt-0068/7327334179237003270~tplv-tiktokx-cropcenter:720:720.jpeg?dr=9640&refresh_token=74c73f9b&x-expires=1774407600&x-signature=zGeHVA83OZgYGmPkQbPTzeiE1zI%3D&t=4d5b0474&ps=13740610&shp=a5d48078&shcp=81f88b70&idc=useast8""}",https://www.tiktok.com/@thepattern/video/7595541286128602398,"{""height"":1280,""width"":720,""duration"":17,""coverUrl"":""https://p16-common-sign.tiktokcdn-us.com/tos-useast8-p-0068-tx2/ogqj027rmIPHEi4IISYA8jGeLveAAEOADQfRAa~tplv-tiktokx-origin.image?dr=9636&x-expires=1774407600&x-signature=UEBngHlT1jymPk6wyfpekTHpZbc%3D&t=4d5b0474&ps=13740610&shp=81f88b70&shcp=43f4a2f9&idc=useast8"",""definition"":""720p"",""format"":""mp4"",""subtitleLinks"":[{""language"":""eng-US"",""downloadLink"":""https://v16m-webapp.tiktokcdn-us.com/9170f63810b3ccb85bcb1daa49f0e3eb/69c35a19/video/tos/useast8/tos-useast8-v-0068-tx2/c95f533932f544428a57ade2d9144600/?a=1988&bti=ODszNWYuMDE6&ch=0&cr=3&dr=0&lr=all&cd=0%7C0%7C0%7C&cv=1&br=18900&bt=9450&cs=0&ds=4&ft=aEKq_qT0mIoPD12GU~ms3wUCdCAbMeF~O5&mime_type=video_mp4&qs=13&rc=ank4a245cmxmODMzaTgzNEBpank4a245cmxmODMzaTgzNEBfa2cuMmRrNWhhLS1kLzJzYSNfa2cuMmRrNWhhLS1kLzJzcw%3D%3D&l=202603230344086EDFAC167D6B9800C67A&btag=e00078000"",""source"":""ASR"",""sourceUnabbreviated"":""automatic speech recognition"",""version"":""1:big_caption"",""tiktokLink"":""https://v16m-webapp.tiktokcdn-us.com/9170f63810b3ccb85bcb1daa49f0e3eb/69c35a19/video/tos/useast8/tos-useast8-v-0068-tx2/c95f533932f544428a57ade2d9144600/?a=1988&bti=ODszNWYuMDE6&ch=0&cr=3&dr=0&lr=all&cd=0%7C0%7C0%7C&cv=1&br=18900&bt=9450&cs=0&ds=4&ft=aEKq_qT0mIoPD12GU~ms3wUCdCAbMeF~O5&mime_type=video_mp4&qs=13&rc=ank4a245cmxmODMzaTgzNEBpank4a245cmxmODMzaTgzNEBfa2cuMmRrNWhhLS1kLzJzYSNfa2cuMmRrNWhhLS1kLzJzcw%3D%3D&l=202603230344086EDFAC167D6B9800C67A&btag=e00078000""}],""transcriptionLink"":null,""originalCoverUrl"":""https://p16-common-sign.tiktokcdn-us.com/tos-useast8-p-0068-tx2/ogqj027rmIPHEi4IISYA8jGeLveAAEOADQfRAa~tplv-tiktokx-origin.image?dr=9636&x-expires=1774407600&x-signature=UEBngHlT1jymPk6wyfpekTHpZbc%3D&t=4d5b0474&ps=13740610&shp=81f88b70&shcp=43f4a2f9&idc=useast8""}",246,27,3321,24,2,0,[],[],"[{""name"":""newmoon""},{""name"":""capricornenergy""},{""name"":""manifestation""},{""name"":""astrologytiktok""},{""name"":""thepattern""}]",[],false,,false,false,[],thepattern,videos,
7595375598130744607,"Are you playing it safe in relationships?

Venus enters Aquarius on January 17, and this shift asks for the real you.

If you’ve been editing yourself, this is your moment to show up as you actually a...",en,1768436207,2026-01-15T00:16:47.000Z,false,"{""id"":""6842344214664610822"",""name"":""thepattern"",""profileUrl"":""https://www.tiktok.com/@thepattern"",""nickName"":""The Pattern"",""verified"":true,""signature"":""Astrology that explains you + your relationships.\nSee your personal insights ↓"",""bioLink"":""https://linktr.ee/thepattern"",""avatar"":""https://p16-common-sign.tiktokcdn-us.com/tos-maliva-avt-0068/7327334179237003270~tplv-tiktokx-cropcenter:720:720.jpeg?dr=9640&refresh_token=293efb51&x-expires=1774407600&x-signature=l0fYlZz%2BNN2NrHX4kOOm1IM9O0A%3D&t=4d5b0474&ps=13740610&shp=a5d48078&shcp=81f88b70&idc=useast5"",""commerceUserInfo"":{""commerceUser"":true,""category"":""Software & Apps"",""categoryButton"":false},""privateAccount"":false,""roomId"":"""",""ttSeller"":false,""createTime"":1593107531,""following"":180,""friends"":70,""fans"":86500,""heart"":904400,""video"":109,""digg"":388,""originalAvatarUrl"":""https://p16-common-sign.tiktokcdn-us.com/tos-maliva-avt-0068/7327334179237003270~tplv-tiktokx-cropcenter:720:720.jpeg?dr=9640&refresh_token=293efb51&x-expires=1774407600&x-signature=l0fYlZz%2BNN2NrHX4kOOm1IM9O0A%3D&t=4d5b0474&ps=13740610&shp=a5d48078&shcp=81f88b70&idc=useast5""}","{""musicName"":""original sound - The Pattern"",""musicAuthor"":""The Pattern"",""musicOriginal"":true,""playUrl"":""https://v16m.tiktokcdn-us.com/39e7b8e03e92b63bf446d7b1c9e1a4d2/69c10b76/video/tos/useast8/tos-useast8-v-27dcd7-tx2/oYIAQSeoWCGAGATaAFIEDLIIPYGHK0AGDe0jfq/?a=1233&bti=ODszNWYuMDE6&ch=0&cr=0&dr=0&er=0&lr=default&cd=0%7C0%7C0%7C0&br=250&bt=125&ds=5&ft=GSDrKInz7Ths8N-PXq8Zmo&mime_type=audio_mpeg&qs=13&rc=Mzg4Z2o5cnY2ODMzaTU8NEBpMzg4Z2o5cnY2ODMzaTU8NEBhcmgtMmRjMGhhLS1kMTJzYSNhcmgtMmRjMGhhLS1kMTJzcw%3D%3D&vvpl=1&l=202603230344086EDFAC167D6B9800C67A&btag=e00070000"",""coverMediumUrl"":""https://p19-common-sign.tiktokcdn-us.com/tos-maliva-avt-0068/7327334179237003270~tplv-tiktokx-cropcenter:720:720.jpeg?dr=9640&refresh_token=74c73f9b&x-expires=1774407600&x-signature=zGeHVA83OZgYGmPkQbPTzeiE1zI%3D&t=4d5b0474&ps=13740610&shp=a5d48078&shcp=81f88b70&idc=useast8"",""musicId"":""7595375569945037598"",""originalCoverMediumUrl"":""https://p19-common-sign.tiktokcdn-us.com/tos-maliva-avt-0068/7327334179237003270~tplv-tiktokx-cropcenter:720:720.jpeg?dr=9640&refresh_token=74c73f9b&x-expires=1774407600&x-signature=zGeHVA83OZgYGmPkQbPTzeiE1zI%3D&t=4d5b0474&ps=13740610&shp=a5d48078&shcp=81f88b70&idc=useast8""}",https://www.tiktok.com/@thepattern/video/7595375598130744607,"{""height"":1280,""width"":720,""duration"":14,""coverUrl"":""https://p19-common-sign.tiktokcdn-us.com/tos-useast8-p-0068-tx2/osB2IAKKABcBABByiAAimtKDEfMY0TiBCAhwoA~tplv-tiktokx-origin.image?dr=9636&x-expires=1774407600&x-signature=k%2FQghYkIZpALphrpCyx71wjDjoQ%3D&t=4d5b0474&ps=13740610&shp=81f88b70&shcp=43f4a2f9&idc=useast8"",""definition"":""720p"",""format"":""mp4"",""subtitleLinks"":[{""language"":""eng-US"",""downloadLink"":""https://v16m-webapp.tiktokcdn-us.com/238bbf05842dffc5ad0ef802425abc25/69c35a16/video/tos/useast8/tos-useast8-v-0068-tx2/5bfc5e7b58af4b7ea68a4ad7a0302f81/?a=1988&bti=ODszNWYuMDE6&ch=0&cr=3&dr=0&lr=all&cd=0%7C0%7C0%7C&cv=1&br=20428&bt=10214&cs=0&ds=4&ft=aEKq_qT0mIoPD12GU~ms3wUCdCAbMeF~O5&mime_type=video_mp4&qs=13&rc=amg4b3I5cnc1ODMzaTgzNEBpamg4b3I5cnc1ODMzaTgzNEAuY2QzMmRzcWhhLS1kLzJzYSMuY2QzMmRzcWhhLS1kLzJzcw%3D%3D&l=202603230344086EDFAC167D6B9800C67A&btag=e00070000"",""source"":""ASR"",""sourceUnabbreviated"":""automatic speech recognition"",""version"":""1:big_caption"",""tiktokLink"":""https://v16m-webapp.tiktokcdn-us.com/238bbf05842dffc5ad0ef802425abc25/69c35a16/video/tos/useast8/tos-useast8-v-0068-tx2/5bfc5e7b58af4b7ea68a4ad7a0302f81/?a=1988&bti=ODszNWYuMDE6&ch=0&cr=3&dr=0&lr=all&cd=0%7C0%7C0%7C&cv=1&br=20428&bt=10214&cs=0&ds=4&ft=aEKq_qT0mIoPD12GU~ms3wUCdCAbMeF~O5&mime_type=video_mp4&qs=13&rc=amg4b3I5cnc1ODMzaTgzNEBpamg4b3I5cnc1ODMzaTgzNEAuY2QzMmRzcWhhLS1kLzJzYSMuY2QzMmRzcWhhLS1kLzJzcw%3D%3D&l=202603230344086EDFAC167D6B9800C67A&btag=e00070000""}],""transcriptionLink"":null,""originalCoverUrl"":""https://p19-common-sign.tiktokcdn-us.com/tos-useast8-p-0068-tx2/osB2IAKKABcBABByiAAimtKDEfMY0TiBCAhwoA~tplv-tiktokx-origin.image?dr=9636&x-expires=1774407600&x-signature=k%2FQghYkIZpALphrpCyx71wjDjoQ%3D&t=4d5b0474&ps=13740610&shp=81f88b70&shcp=43f4a2f9&idc=useast8""}",126,5,2087,11,1,0,[],[],"[{""name"":""venusinaquarius""},{""name"":""relationships""},{""name"":""relationshippatterns""},{""name"":""authenticity""},{""name"":""healingjourney""},{""name"":""selfawareness""},{""name"":""fyp""}]",[],false,,false,false,[],thepattern,videos,
7593837015410494750,"2026 is a turning point. 

These 7 events mark moments of personal power shifts, growth, and transformation.

Each will help you release old patterns and uncover new paths that can no longer be ignore...",en,1768077979,2026-01-10T20:46:19.000Z,false,"{""id"":""6842344214664610822"",""name"":""thepattern"",""profileUrl"":""https://www.tiktok.com/@thepattern"",""nickName"":""The Pattern"",""verified"":true,""signature"":""Astrology that explains you + your relationships.\nSee your personal insights ↓"",""bioLink"":""https://linktr.ee/thepattern"",""avatar"":""https://p16-common-sign.tiktokcdn-us.com/tos-maliva-avt-0068/7327334179237003270~tplv-tiktokx-cropcenter:720:720.jpeg?dr=9640&refresh_token=293efb51&x-expires=1774407600&x-signature=l0fYlZz%2BNN2NrHX4kOOm1IM9O0A%3D&t=4d5b0474&ps=13740610&shp=a5d48078&shcp=81f88b70&idc=useast5"",""commerceUserInfo"":{""commerceUser"":true,""category"":""Software & Apps"",""categoryButton"":false},""privateAccount"":false,""roomId"":"""",""ttSeller"":false,""createTime"":1593107531,""following"":180,""friends"":70,""fans"":86500,""heart"":904400,""video"":109,""digg"":388,""originalAvatarUrl"":""https://p16-common-sign.tiktokcdn-us.com/tos-maliva-avt-0068/7327334179237003270~tplv-tiktokx-cropcenter:720:720.jpeg?dr=9640&refresh_token=293efb51&x-expires=1774407600&x-signature=l0fYlZz%2BNN2NrHX4kOOm1IM9O0A%3D&t=4d5b0474&ps=13740610&shp=a5d48078&shcp=81f88b70&idc=useast5""}","{""musicName"":""Glow"",""musicAuthor"":""nimino"",""musicOriginal"":false,""musicAlbum"":""Creek"",""playUrl"":""https://sf16.tiktokcdn-us.com/obj/tos-alisg-ve-2774/oQVzDffgtEKQMWNCBOngFBOPI5ZzCmnVnBM1ms"",""coverMediumUrl"":""https://p16-common.tiktokcdn-us.com/tos-alisg-v-2774/o8EAX0QWiAeAMws6xqEBAiiA9vBo3CAhmP2KSo~tplv-tiktokx-cropcenter:200:200.jpeg?dr=9584&t=4d5b0474&ps=933b5bde&shp=08d74b56&shcp=81f88b70&idc=useast8"",""musicId"":""7467591415728801793"",""originalCoverMediumUrl"":""https://p16-common.tiktokcdn-us.com/tos-alisg-v-2774/o8EAX0QWiAeAMws6xqEBAiiA9vBo3CAhmP2KSo~tplv-tiktokx-cropcenter:200:200.jpeg?dr=9584&t=4d5b0474&ps=933b5bde&shp=08d74b56&shcp=81f88b70&idc=useast8""}",https://www.tiktok.com/@thepattern/video/7593837015410494750,"{""height"":0,""width"":0,""duration"":0,""coverUrl"":""https://p16-common-sign.tiktokcdn-us.com/tos-useast8-i-photomode-tx2/44a44b59346949c8a1b624c88613288f~tplv-photomode-image.jpeg?dr=9616&x-expires=1774407600&x-signature=410R6aZ9ddFdxOq1PVrW5c8vYto%3D&t=4d5b0474&ps=13740610&shp=81f88b70&shcp=9b759fb9&idc=useast8&ftpl=1"",""transcriptionLink"":null,""originalCoverUrl"":""https://p16-common-sign.tiktokcdn-us.com/tos-useast8-i-photomode-tx2/44a44b59346949c8a1b624c88613288f~tplv-photomode-image.jpeg?dr=9616&x-expires=1774407600&x-signature=410R6aZ9ddFdxOq1PVrW5c8vYto%3D&t=4d5b0474&ps=13740610&shp=81f88b70&shcp=9b759fb9&idc=useast8&ftpl=1""}",258,10,4828,81,2,0,[],[],"[{""name"":""2026""},{""name"":""astrology""},{""name"":""astrologytiktok""},{""name"":""selfgrowth""},{""name"":""thepattern""}]",[],true,"[{""tiktokLink"":""https://p19-common-sign.tiktokcdn-us.com/tos-useast8-i-photomode-tx2/44a44b59346949c8a1b624c88613288f~tplv-photomode-image.jpeg?dr=9616&x-expires=1774407600&x-signature=Pk2kc8IcjsO4iOlpKTr2R93mrAI%3D&t=4d5b0474&ps=13740610&shp=81f88b70&shcp=9b759fb9&idc=useast8&ftpl=1"",""downloadLink"":""https://p19-common-sign.tiktokcdn-us.com/tos-useast8-i-photomode-tx2/44a44b59346949c8a1b624c88613288f~tplv-photomode-image.jpeg?dr=9616&x-expires=1774407600&x-signature=Pk2kc8IcjsO4iOlpKTr2R93mrAI%3D&t=4d5b0474&ps=13740610&shp=81f88b70&shcp=9b759fb9&idc=useast8&ftpl=1""},{""tiktokLink"":""https://p19-common-sign.tiktokcdn-us.com/tos-useast8-i-photomode-tx2/c7ea5115e600494ea8568e0c4ae5f2e4~tplv-photomode-image.jpeg?dr=9616&x-expires=1774407600&x-signature=xltx8vV00BBaVIPFrGd9MU%2FH%2Bb8%3D&t=4d5b0474&ps=13740610&shp=81f88b70&shcp=9b759fb9&idc=useast8&ftpl=1"",""downloadLink"":""https://p19-common-sign.tiktokcdn-us.com/tos-useast8-i-photomode-tx2/c7ea5115e600494ea8568e0c4ae5f2e4~tplv-photomode-image.jpeg?dr=9616&x-expires=1774407600&x-signature=xltx8vV00BBaVIPFrGd9MU%2FH%2Bb8%3D&t=4d5b0474&ps=13740610&shp=81f88b70&shcp=9b759fb9&idc=useast8&ftpl=1""},{""tiktokLink"":""https://p16-common-sign.tiktokcdn-us.com/tos-useast8-i-photomode-tx2/94dec452789c4ebe9681ed7bb09fff85~tplv-photomode-image.jpeg?dr=9616&x-expires=1774407600&x-signature=FPXFx6vsnypyh9%2Fp7naV7dxpwFo%3D&t=4d5b0474&ps=13740610&shp=81f88b70&shcp=9b759fb9&idc=useast8&ftpl=1"",""downloadLink"":""https://p16-common-sign.tiktokcdn-us.com/tos-useast8-i-photomode-tx2/94dec452789c4ebe9681ed7bb09fff85~tplv-photomode-image.jpeg?dr=9616&x-expires=1774407600&x-signature=FPXFx6vsnypyh9%2Fp7naV7dxpwFo%3D&t=4d5b0474&ps=13740610&shp=81f88b70&shcp=9b759fb9&idc=useast8&ftpl=1""},{""tiktokLink"":""https://p16-common-sign.tiktokcdn-us.com/tos-useast8-i-photomode-tx2/1a2a838af541426d8cb90953462f580e~tplv-photomode-image.jpeg?dr=9616&x-expires=1774407600&x-signature=C%2B7UVnCz%2B5sDg23RIiWXyOoG3R4%3D&t=4d5b0474&ps=13740610&shp=81f88b70&shcp=9b759fb9&idc=useast8&ftpl=1"",""downloadLink"":""https://p16-common-sign.tiktokcdn-us.com/tos-useast8-i-photomode-tx2/1a2a838af541426d8cb90953462f580e~tplv-photomode-image.jpeg?dr=9616&x-expires=1774407600&x-signature=C%2B7UVnCz%2B5sDg23RIiWXyOoG3R4%3D&t=4d5b0474&ps=13740610&shp=81f88b70&shcp=9b759fb9&idc=useast8&ftpl=1""},{""tiktokLink"":""https://p16-common-sign.tiktokcdn-us.com/tos-useast8-i-photomode-tx2/1bf7702f75644bde9cf587b9656a1fef~tplv-photomode-image.jpeg?dr=9616&x-expires=1774407600&x-signature=Lmdt1B070V92cVHHBWtOfXShStc%3D&t=4d5b0474&ps=13740610&shp=81f88b70&shcp=9b759fb9&idc=useast8&ftpl=1"",""downloadLink"":""https://p16-common-sign.tiktokcdn-us.com/tos-useast8-i-photomode-tx2/1bf7702f75644bde9cf587b9656a1fef~tplv-photomode-image.jpeg?dr=9616&x-expires=1774407600&x-signature=Lmdt1B070V92cVHHBWtOfXShStc%3D&t=4d5b0474&ps=13740610&shp=81f88b70&shcp=9b759fb9&idc=useast8&ftpl=1""},{""tiktokLink"":""https://p16-common-sign.tiktokcdn-us.com/tos-useast8-i-photomode-tx2/d3adf321874f4c5ca58860c43a70f990~tplv-photomode-image.jpeg?dr=9616&x-expires=1774407600&x-signature=aOtaIBRB0ibIP3qFNO52osVokDg%3D&t=4d5b0474&ps=13740610&shp=81f88b70&shcp=9b759fb9&idc=useast8&ftpl=1"",""downloadLink"":""https://p16-common-sign.tiktokcdn-us.com/tos-useast8-i-photomode-tx2/d3adf321874f4c5ca58860c43a70f990~tplv-photomode-image.jpeg?dr=9616&x-expires=1774407600&x-signature=aOtaIBRB0ibIP3qFNO52osVokDg%3D&t=4d5b0474&ps=13740610&shp=81f88b70&shcp=9b759fb9&idc=useast8&ftpl=1""},{""tiktokLink"":""https://p16-common-sign.tiktokcdn-us.com/tos-useast8-i-photomode-tx2/c5db6bcdb3eb42b7ac92140ffdbdc59c~tplv-photomode-image.jpeg?dr=9616&x-expires=1774407600&x-signature=HvQyLKDK8fkswUVHY6WNZQJvgSs%3D&t=4d5b0474&ps=13740610&shp=81f88b70&shcp=9b759fb9&idc=useast8&ftpl=1"",""downloadLink"":""https://p16-common-sign.tiktokcdn-us.com/tos-useast8-i-photomode-tx2/c5db6bcdb3eb42b7ac92140ffdbdc59c~tplv-photomode-image.jpeg?dr=9616&x-expires=1774407600&x-signature=HvQyLKDK8fkswUVHY6WNZQJvgSs%3D&t=4d5b0474&ps=13740610&shp=81f88b70&shcp=9b759fb9&idc=useast8&ftpl=1""},{""tiktokLink"":""https://p16-common-sign.tiktokcdn-us.com/tos-useast8-i-photomode-tx2/2fbaaf8b54854940945b85499e9732a6~tplv-photomode-image.jpeg?dr=9616&x-expires=1774407600&x-signature=m1iLq5F%2Fy%2BSdzjiBKteerB7PGmU%3D&t=4d5b0474&ps=13740610&shp=81f88b70&shcp=9b759fb9&idc=useast8&ftpl=1"",""downloadLink"":""https://p16-common-sign.tiktokcdn-us.com/tos-useast8-i-photomode-tx2/2fbaaf8b54854940945b85499e9732a6~tplv-photomode-image.jpeg?dr=9616&x-expires=1774407600&x-signature=m1iLq5F%2Fy%2BSdzjiBKteerB7PGmU%3D&t=4d5b0474&ps=13740610&shp=81f88b70&shcp=9b759fb9&idc=useast8&ftpl=1""}]",false,false,[],thepattern,videos,
7593086858939075871,"We’re being offered a reset on our masculine energy right now. Today, Mars meets the Sun, in a rare event called a Cazimi.✨ This is a time to reset your personal power, your drive, and how you take ac...",en,1767903310,2026-01-08T20:15:10.000Z,false,"{""id"":""6842344214664610822"",""name"":""thepattern"",""profileUrl"":""https://www.tiktok.com/@thepattern"",""nickName"":""The Pattern"",""verified"":true,""signature"":""Astrology that explains you + your relationships.\nSee your personal insights ↓"",""bioLink"":""https://linktr.ee/thepattern"",""avatar"":""https://p16-common-sign.tiktokcdn-us.com/tos-maliva-avt-0068/7327334179237003270~tplv-tiktokx-cropcenter:720:720.jpeg?dr=9640&refresh_token=293efb51&x-expires=1774407600&x-signature=l0fYlZz%2BNN2NrHX4kOOm1IM9O0A%3D&t=4d5b0474&ps=13740610&shp=a5d48078&shcp=81f88b70&idc=useast5"",""commerceUserInfo"":{""commerceUser"":true,""category"":""Software & Apps"",""categoryButton"":false},""privateAccount"":false,""roomId"":"""",""ttSeller"":false,""createTime"":1593107531,""following"":180,""friends"":70,""fans"":86500,""heart"":904400,""video"":109,""digg"":388,""originalAvatarUrl"":""https://p16-common-sign.tiktokcdn-us.com/tos-maliva-avt-0068/7327334179237003270~tplv-tiktokx-cropcenter:720:720.jpeg?dr=9640&refresh_token=293efb51&x-expires=1774407600&x-signature=l0fYlZz%2BNN2NrHX4kOOm1IM9O0A%3D&t=4d5b0474&ps=13740610&shp=a5d48078&shcp=81f88b70&idc=useast5""}","{""musicName"":""original sound - The Pattern"",""musicAuthor"":""The Pattern"",""musicOriginal"":true,""playUrl"":""https://v16m.tiktokcdn-us.com/0627582f507b34d4dd839fc11c8a8ec7/69c10b80/video/tos/useast8/tos-useast8-v-27dcd7-tx2/oMFBFAApYCqZEyQAEeWBBJEBVBgfE68AUSkAED/?a=1233&bti=ODszNWYuMDE6&ch=0&cr=0&dr=0&er=0&lr=default&cd=0%7C0%7C0%7C0&br=250&bt=125&ds=5&ft=GSDrKInz7Ths8N-PXq8Zmo&mime_type=audio_mpeg&qs=13&rc=M2xrOHg5cm40ODMzaTU8NEBpM2xrOHg5cm40ODMzaTU8NEBmZ2s2MmQ0LWRhLS1kMTJzYSNmZ2s2MmQ0LWRhLS1kMTJzcw%3D%3D&vvpl=1&l=202603230344086EDFAC167D6B9800C67A&btag=e00078000"",""coverMediumUrl"":""https://p19-common-sign.tiktokcdn-us.com/tos-maliva-avt-0068/7327334179237003270~tplv-tiktokx-cropcenter:720:720.jpeg?dr=9640&refresh_token=74c73f9b&x-expires=1774407600&x-signature=zGeHVA83OZgYGmPkQbPTzeiE1zI%3D&t=4d5b0474&ps=13740610&shp=a5d48078&shcp=81f88b70&idc=useast8"",""musicId"":""7593086765934709535"",""originalCoverMediumUrl"":""https://p19-common-sign.tiktokcdn-us.com/tos-maliva-avt-0068/7327334179237003270~tplv-tiktokx-cropcenter:720:720.jpeg?dr=9640&refresh_token=74c73f9b&x-expires=1774407600&x-signature=zGeHVA83OZgYGmPkQbPTzeiE1zI%3D&t=4d5b0474&ps=13740610&shp=a5d48078&shcp=81f88b70&idc=useast8""}",https://www.tiktok.com/@thepattern/video/7593086858939075871,"{""height"":1280,""width"":720,""duration"":24,""coverUrl"":""https://p19-common-sign.tiktokcdn-us.com/tos-useast8-p-0068-tx2/owfe6zAgIEX1wHAIGbSEADrEwQQ7qEAfAAkFDr~tplv-tiktokx-origin.image?dr=9636&x-expires=1774407600&x-signature=IYxoHz%2Be1%2BoPsKT%2B%2FBMR2Bm7vSE%3D&t=4d5b0474&ps=13740610&shp=81f88b70&shcp=43f4a2f9&idc=useast8"",""definition"":""720p"",""format"":""mp4"",""subtitleLinks"":[{""language"":""eng-US"",""downloadLink"":""https://v16m-webapp.tiktokcdn-us.com/f9f72b68f3f2468c838fd77ac2e48605/69c35a20/video/tos/useast8/tos-useast8-v-0068-tx2/ac515aaae1b84ebe9a2c8cef00fd02b7/?a=1988&bti=ODszNWYuMDE6&ch=0&cr=3&dr=0&lr=all&cd=0%7C0%7C0%7C&cv=1&br=10826&bt=5413&cs=0&ds=4&ft=aEKq_qT0mIoPD12GU~ms3wUCdCAbMeF~O5&mime_type=video_mp4&qs=13&rc=anRzb3g5cm8zODMzaTgzNEBpanRzb3g5cm8zODMzaTgzNEBqa2ZiMmRrcWRhLS1kLzJzYSNqa2ZiMmRrcWRhLS1kLzJzcw%3D%3D&l=202603230344086EDFAC167D6B9800C67A&btag=e00078000"",""source"":""ASR"",""sourceUnabbreviated"":""automatic speech recognition"",""version"":""1:big_caption"",""tiktokLink"":""https://v16m-webapp.tiktokcdn-us.com/f9f72b68f3f2468c838fd77ac2e48605/69c35a20/video/tos/useast8/tos-useast8-v-0068-tx2/ac515aaae1b84ebe9a2c8cef00fd02b7/?a=1988&bti=ODszNWYuMDE6&ch=0&cr=3&dr=0&lr=all&cd=0%7C0%7C0%7C&cv=1&br=10826&bt=5413&cs=0&ds=4&ft=aEKq_qT0mIoPD12GU~ms3wUCdCAbMeF~O5&mime_type=video_mp4&qs=13&rc=anRzb3g5cm8zODMzaTgzNEBpanRzb3g5cm8zODMzaTgzNEBqa2ZiMmRrcWRhLS1kLzJzYSNqa2ZiMmRrcWRhLS1kLzJzcw%3D%3D&l=202603230344086EDFAC167D6B9800C67A&btag=e00078000""}],""transcriptionLink"":null,""originalCoverUrl"":""https://p19-common-sign.tiktokcdn-us.com/tos-useast8-p-0068-tx2/owfe6zAgIEX1wHAIGbSEADrEwQQ7qEAfAAkFDr~tplv-tiktokx-origin.image?dr=9636&x-expires=1774407600&x-signature=IYxoHz%2Be1%2BoPsKT%2B%2FBMR2Bm7vSE%3D&t=4d5b0474&ps=13740610&shp=81f88b70&shcp=43f4a2f9&idc=useast8""}",102,5,1867,13,0,0,[],[],"[{""name"":""astrology""},{""name"":""astrologytiktok""},{""name"":""mars""},{""name"":""cosmicenergy""},{""name"":""energyhealing""},{""name"":""personalpower""},{""name"":""masculineenergy""},{""name"":""thepattern""},{""name"":""thepatternapp""}]",[],false,,false,false,[],thepattern,videos,
7592032023376645407,"This rare moment rewrites the cultural script on relationships. It's meant to redefine our understanding of love and self worth. 

This Venus Cazimi reminds us that the most magnetic thing you can do ...",en,1767657723,2026-01-06T00:02:03.000Z,false,"{""id"":""6842344214664610822"",""name"":""thepattern"",""profileUrl"":""https://www.tiktok.com/@thepattern"",""nickName"":""The Pattern"",""verified"":true,""signature"":""Astrology that explains you + your relationships.\nSee your personal insights ↓"",""bioLink"":""https://linktr.ee/thepattern"",""avatar"":""https://p16-common-sign.tiktokcdn-us.com/tos-maliva-avt-0068/7327334179237003270~tplv-tiktokx-cropcenter:720:720.jpeg?dr=9640&refresh_token=293efb51&x-expires=1774407600&x-signature=l0fYlZz%2BNN2NrHX4kOOm1IM9O0A%3D&t=4d5b0474&ps=13740610&shp=a5d48078&shcp=81f88b70&idc=useast5"",""commerceUserInfo"":{""commerceUser"":true,""category"":""Software & Apps"",""categoryButton"":false},""privateAccount"":false,""roomId"":"""",""ttSeller"":false,""createTime"":1593107531,""following"":180,""friends"":70,""fans"":86500,""heart"":904400,""video"":109,""digg"":388,""originalAvatarUrl"":""https://p16-common-sign.tiktokcdn-us.com/tos-maliva-avt-0068/7327334179237003270~tplv-tiktokx-cropcenter:720:720.jpeg?dr=9640&refresh_token=293efb51&x-expires=1774407600&x-signature=l0fYlZz%2BNN2NrHX4kOOm1IM9O0A%3D&t=4d5b0474&ps=13740610&shp=a5d48078&shcp=81f88b70&idc=useast5""}","{""musicName"":""original sound - The Pattern"",""musicAuthor"":""The Pattern"",""musicOriginal"":true,""playUrl"":""https://v16m.tiktokcdn-us.com/a980a470a3155b873efd1658e8a3e1bb/69c10b7f/video/tos/useast8/tos-useast8-v-27dcd7-tx2/o8ihPAI0rBLDiQfAi99iBEUAq4cvELiAKopAEB/?a=1233&bti=ODszNWYuMDE6&ch=0&cr=0&dr=0&er=0&lr=default&cd=0%7C0%7C0%7C0&br=250&bt=125&ds=5&ft=GSDrKInz7Ths8N-PXq8Zmo&mime_type=audio_mpeg&qs=13&rc=amo7aXc5cnk4ODMzaTU8NEBpamo7aXc5cnk4ODMzaTU8NEBoM2BoMmRrLmJhLS1kMTJzYSNoM2BoMmRrLmJhLS1kMTJzcw%3D%3D&vvpl=1&l=202603230344086EDFAC167D6B9800C67A&btag=e00078000"",""coverMediumUrl"":""https://p19-common-sign.tiktokcdn-us.com/tos-maliva-avt-0068/7327334179237003270~tplv-tiktokx-cropcenter:720:720.jpeg?dr=9640&refresh_token=74c73f9b&x-expires=1774407600&x-signature=zGeHVA83OZgYGmPkQbPTzeiE1zI%3D&t=4d5b0474&ps=13740610&shp=a5d48078&shcp=81f88b70&idc=useast8"",""musicId"":""7592031964358626078"",""originalCoverMediumUrl"":""https://p19-common-sign.tiktokcdn-us.com/tos-maliva-avt-0068/7327334179237003270~tplv-tiktokx-cropcenter:720:720.jpeg?dr=9640&refresh_token=74c73f9b&x-expires=1774407600&x-signature=zGeHVA83OZgYGmPkQbPTzeiE1zI%3D&t=4d5b0474&ps=13740610&shp=a5d48078&shcp=81f88b70&idc=useast8""}",https://www.tiktok.com/@thepattern/video/7592032023376645407,"{""height"":1280,""width"":720,""duration"":23,""coverUrl"":""https://p16-common-sign.tiktokcdn-us.com/tos-useast8-p-0068-tx2/oIlParBCAExIlQiVqRli1tAxcUYALA3nBAAUH~tplv-tiktokx-origin.image?dr=9636&x-expires=1774407600&x-signature=kfoqWyabkV0vthdcCEMA3iE24C8%3D&t=4d5b0474&ps=13740610&shp=81f88b70&shcp=43f4a2f9&idc=useast8"",""definition"":""720p"",""format"":""mp4"",""subtitleLinks"":[{""language"":""eng-US"",""downloadLink"":""https://v16m-webapp.tiktokcdn-us.com/bd7d5d048c45ff4062bb07cc8e209194/69c35a1f/video/tos/useast8/tos-useast8-v-0068-tx2/96c26f53966b405dafc7744760b63fc7/?a=1988&bti=ODszNWYuMDE6&ch=0&cr=3&dr=0&lr=all&cd=0%7C0%7C0%7C&cv=1&br=9732&bt=4866&cs=0&ds=4&ft=aEKq_qT0mIoPD12GU~ms3wUCdCAbMeF~O5&mime_type=video_mp4&qs=13&rc=ajNxaGo5cjc4ODMzaTgzNEBpajNxaGo5cjc4ODMzaTgzNEBkamBsMmRrLWJhLS1kLzJzYSNkamBsMmRrLWJhLS1kLzJzcw%3D%3D&l=202603230344086EDFAC167D6B9800C67A&btag=e00078000"",""source"":""ASR"",""sourceUnabbreviated"":""automatic speech recognition"",""version"":""1:big_caption"",""tiktokLink"":""https://v16m-webapp.tiktokcdn-us.com/bd7d5d048c45ff4062bb07cc8e209194/69c35a1f/video/tos/useast8/tos-useast8-v-0068-tx2/96c26f53966b405dafc7744760b63fc7/?a=1988&bti=ODszNWYuMDE6&ch=0&cr=3&dr=0&lr=all&cd=0%7C0%7C0%7C&cv=1&br=9732&bt=4866&cs=0&ds=4&ft=aEKq_qT0mIoPD12GU~ms3wUCdCAbMeF~O5&mime_type=video_mp4&qs=13&rc=ajNxaGo5cjc4ODMzaTgzNEBpajNxaGo5cjc4ODMzaTgzNEBkamBsMmRrLWJhLS1kLzJzYSNkamBsMmRrLWJhLS1kLzJzcw%3D%3D&l=202603230344086EDFAC167D6B9800C67A&btag=e00078000""}],""transcriptionLink"":null,""originalCoverUrl"":""https://p16-common-sign.tiktokcdn-us.com/tos-useast8-p-0068-tx2/oIlParBCAExIlQiVqRli1tAxcUYALA3nBAAUH~tplv-tiktokx-origin.image?dr=9636&x-expires=1774407600&x-signature=kfoqWyabkV0vthdcCEMA3iE24C8%3D&t=4d5b0474&ps=13740610&shp=81f88b70&shcp=43f4a2f9&idc=useast8""}",498,27,6463,59,4,0,[],[],"[{""name"":""astrology""},{""name"":""astro""},{""name"":""relationships""},{""name"":""love""},{""name"":""selfworth""},{""name"":""relationshiptips""},{""name"":""venus""},{""name"":""selflovejourney""},{""name"":""thepattern""},{""name"":""thepatternapp""}]",[],false,,false,false,[],thepattern,videos,
7590950407287999799,"The Cancer Full Moon teaches us that sensitivity is our superpower.
✨ How will the Cancer Full Moon impact you? Tap link in bio to get your personal insights.",en,1767405904,2026-01-03T02:05:04.000Z,false,"{""id"":""6842344214664610822"",""name"":""thepattern"",""profileUrl"":""https://www.tiktok.com/@thepattern"",""nickName"":""The Pattern"",""verified"":true,""signature"":""Astrology that explains you + your relationships.\nSee your personal insights ↓"",""bioLink"":""https://linktr.ee/thepattern"",""avatar"":""https://p16-common-sign.tiktokcdn-us.com/tos-maliva-avt-0068/7327334179237003270~tplv-tiktokx-cropcenter:720:720.jpeg?dr=9640&refresh_token=293efb51&x-expires=1774407600&x-signature=l0fYlZz%2BNN2NrHX4kOOm1IM9O0A%3D&t=4d5b0474&ps=13740610&shp=a5d48078&shcp=81f88b70&idc=useast5"",""commerceUserInfo"":{""commerceUser"":true,""category"":""Software & Apps"",""categoryButton"":false},""privateAccount"":false,""roomId"":"""",""ttSeller"":false,""createTime"":1593107531,""following"":180,""friends"":70,""fans"":86500,""heart"":904400,""video"":109,""digg"":388,""originalAvatarUrl"":""https://p16-common-sign.tiktokcdn-us.com/tos-maliva-avt-0068/7327334179237003270~tplv-tiktokx-cropcenter:720:720.jpeg?dr=9640&refresh_token=293efb51&x-expires=1774407600&x-signature=l0fYlZz%2BNN2NrHX4kOOm1IM9O0A%3D&t=4d5b0474&ps=13740610&shp=a5d48078&shcp=81f88b70&idc=useast5""}","{""musicName"":""original sound - The Pattern"",""musicAuthor"":""The Pattern"",""musicOriginal"":true,""playUrl"":""https://v16m.tiktokcdn-us.com/87496e17765eeb6749ac3144de133f7b/69c10b7c/video/tos/useast5/tos-useast5-v-27dcd7-tx/oU5ovIwGA7AC4KBLeASTHAEPQUhiUsQfPlvFfk/?a=1233&bti=ODszNWYuMDE6&ch=0&cr=0&dr=0&er=0&lr=default&cd=0%7C0%7C0%7C0&br=250&bt=125&ds=5&ft=GSDrKInz7Ths8N-PXq8Zmo&mime_type=audio_mpeg&qs=13&rc=M3hybG05cm46ODMzZzU8NEBpM3hybG05cm46ODMzZzU8NEByLTJuMmRrZmBhLS1kMS9zYSNyLTJuMmRrZmBhLS1kMS9zcw%3D%3D&vvpl=1&l=202603230344086EDFAC167D6B9800C67A&btag=e00078000"",""coverMediumUrl"":""https://p19-common-sign.tiktokcdn-us.com/tos-maliva-avt-0068/7327334179237003270~tplv-tiktokx-cropcenter:720:720.jpeg?dr=9640&refresh_token=74c73f9b&x-expires=1774407600&x-signature=zGeHVA83OZgYGmPkQbPTzeiE1zI%3D&t=4d5b0474&ps=13740610&shp=a5d48078&shcp=81f88b70&idc=useast8"",""musicId"":""7590950501781490487"",""originalCoverMediumUrl"":""https://p19-common-sign.tiktokcdn-us.com/tos-maliva-avt-0068/7327334179237003270~tplv-tiktokx-cropcenter:720:720.jpeg?dr=9640&refresh_token=74c73f9b&x-expires=1774407600&x-signature=zGeHVA83OZgYGmPkQbPTzeiE1zI%3D&t=4d5b0474&ps=13740610&shp=a5d48078&shcp=81f88b70&idc=useast8""}",https://www.tiktok.com/@thepattern/video/7590950407287999799,"{""height"":1280,""width"":720,""duration"":20,""coverUrl"":""https://p16-common-sign.tiktokcdn-us.com/tos-useast5-p-85c255-tx/o4eVwmn8eQBLLgQKCws4cKA5feb1UCQXN4YeA3~tplv-tiktokx-origin.image?dr=9636&x-expires=1774407600&x-signature=Jofj85G2MX8N%2FlTtdeDC6B1Gyto%3D&t=4d5b0474&ps=13740610&shp=81f88b70&shcp=43f4a2f9&idc=useast8"",""definition"":""720p"",""format"":""mp4"",""subtitleLinks"":[{""language"":""eng-US"",""downloadLink"":""https://v16m-webapp.tiktokcdn-us.com/80dfb28abd2e8e9941ffe293eb4c13a0/69c35a1c/video/tos/useast5/tos-useast5-v-85c255-tx/7d2dad6230014322931b37f8a7fc2906/?a=1988&bti=ODszNWYuMDE6&ch=0&cr=3&dr=0&lr=all&cd=0%7C0%7C0%7C&cv=1&br=19460&bt=9730&cs=0&ds=3&ft=aEKq_qT0mIoPD12GU~ms3wUCdCAbMeF~O5&mime_type=video_mp4&qs=13&rc=anllaW05cm06ODQzZzM2NEBpanllaW05cm06ODQzZzM2NEBkZ3BtMmRjZmBhLS1kLS9zYSNkZ3BtMmRjZmBhLS1kLS9zcw%3D%3D&l=202603230344086EDFAC167D6B9800C67A&btag=e00078000"",""source"":""ASR"",""sourceUnabbreviated"":""automatic speech recognition"",""version"":""1:big_caption"",""tiktokLink"":""https://v16m-webapp.tiktokcdn-us.com/80dfb28abd2e8e9941ffe293eb4c13a0/69c35a1c/video/tos/useast5/tos-useast5-v-85c255-tx/7d2dad6230014322931b37f8a7fc2906/?a=1988&bti=ODszNWYuMDE6&ch=0&cr=3&dr=0&lr=all&cd=0%7C0%7C0%7C&cv=1&br=19460&bt=9730&cs=0&ds=3&ft=aEKq_qT0mIoPD12GU~ms3wUCdCAbMeF~O5&mime_type=video_mp4&qs=13&rc=anllaW05cm06ODQzZzM2NEBpanllaW05cm06ODQzZzM2NEBkZ3BtMmRjZmBhLS1kLS9zYSNkZ3BtMmRjZmBhLS1kLS9zcw%3D%3D&l=202603230344086EDFAC167D6B9800C67A&btag=e00078000""}],""transcriptionLink"":null,""originalCoverUrl"":""https://p16-common-sign.tiktokcdn-us.com/tos-useast5-p-85c255-tx/o4eVwmn8eQBLLgQKCws4cKA5feb1UCQXN4YeA3~tplv-tiktokx-origin.image?dr=9636&x-expires=1774407600&x-signature=Jofj85G2MX8N%2FlTtdeDC6B1Gyto%3D&t=4d5b0474&ps=13740610&shp=81f88b70&shcp=43f4a2f9&idc=useast8""}",789,93,14200,73,5,0,[],[],[],[],false,,false,false,[],thepattern,videos,
7590533709476941111,"2026 is the year to discover that personal transformation isn't selfish—it's essential. This is the year when you become who you're meant to be.
✨ What will 2026 look like for you personally? Tap link...",en,1767308883,2026-01-01T23:08:03.000Z,false,"{""id"":""6842344214664610822"",""name"":""thepattern"",""profileUrl"":""https://www.tiktok.com/@thepattern"",""nickName"":""The Pattern"",""verified"":true,""signature"":""Astrology that explains you + your relationships.\nSee your personal insights ↓"",""bioLink"":""https://linktr.ee/thepattern"",""avatar"":""https://p16-common-sign.tiktokcdn-us.com/tos-maliva-avt-0068/7327334179237003270~tplv-tiktokx-cropcenter:720:720.jpeg?dr=9640&refresh_token=293efb51&x-expires=1774407600&x-signature=l0fYlZz%2BNN2NrHX4kOOm1IM9O0A%3D&t=4d5b0474&ps=13740610&shp=a5d48078&shcp=81f88b70&idc=useast5"",""commerceUserInfo"":{""commerceUser"":true,""category"":""Software & Apps"",""categoryButton"":false},""privateAccount"":false,""roomId"":"""",""ttSeller"":false,""createTime"":1593107531,""following"":180,""friends"":70,""fans"":86500,""heart"":904400,""video"":109,""digg"":388,""originalAvatarUrl"":""https://p16-common-sign.tiktokcdn-us.com/tos-maliva-avt-0068/7327334179237003270~tplv-tiktokx-cropcenter:720:720.jpeg?dr=9640&refresh_token=293efb51&x-expires=1774407600&x-signature=l0fYlZz%2BNN2NrHX4kOOm1IM9O0A%3D&t=4d5b0474&ps=13740610&shp=a5d48078&shcp=81f88b70&idc=useast5""}","{""musicName"":""original sound - The Pattern"",""musicAuthor"":""The Pattern"",""musicOriginal"":true,""playUrl"":""https://v16m.tiktokcdn-us.com/76d15edc687e973c67501e0574c6ecf0/69c10b73/video/tos/useast5/tos-useast5-v-27dcd7-tx/o0bV5rAQIEFgVaADvfpUtDlBVIxQSzAfgC1FCJ/?a=1233&bti=ODszNWYuMDE6&ch=0&cr=0&dr=0&er=0&lr=default&cd=0%7C0%7C0%7C0&br=250&bt=125&ds=5&ft=GSDrKInz7Ths8N-PXq8Zmo&mime_type=audio_mpeg&qs=13&rc=MzU0ZG85cm9pODMzZzU8NEBpMzU0ZG85cm9pODMzZzU8NEBoZy9xMmRjcF9hLS1kMS9zYSNoZy9xMmRjcF9hLS1kMS9zcw%3D%3D&vvpl=1&l=202603230344086EDFAC167D6B9800C67A&btag=e00070000"",""coverMediumUrl"":""https://p19-common-sign.tiktokcdn-us.com/tos-maliva-avt-0068/7327334179237003270~tplv-tiktokx-cropcenter:720:720.jpeg?dr=9640&refresh_token=74c73f9b&x-expires=1774407600&x-signature=zGeHVA83OZgYGmPkQbPTzeiE1zI%3D&t=4d5b0474&ps=13740610&shp=a5d48078&shcp=81f88b70&idc=useast8"",""musicId"":""7590533799096896269"",""originalCoverMediumUrl"":""https://p19-common-sign.tiktokcdn-us.com/tos-maliva-avt-0068/7327334179237003270~tplv-tiktokx-cropcenter:720:720.jpeg?dr=9640&refresh_token=74c73f9b&x-expires=1774407600&x-signature=zGeHVA83OZgYGmPkQbPTzeiE1zI%3D&t=4d5b0474&ps=13740610&shp=a5d48078&shcp=81f88b70&idc=useast8""}",https://www.tiktok.com/@thepattern/video/7590533709476941111,"{""height"":1280,""width"":720,""duration"":11,""coverUrl"":""https://p16-common-sign.tiktokcdn-us.com/tos-useast5-p-85c255-tx/o8VDRTMhQWTyQbFWeBQI8fAQOIf68Gdtlel6Ay~tplv-tiktokx-origin.image?dr=9636&x-expires=1774407600&x-signature=Ad4l050DSsqqwLisG9nNRBPcVvU%3D&t=4d5b0474&ps=13740610&shp=81f88b70&shcp=43f4a2f9&idc=useast8"",""definition"":""720p"",""format"":""mp4"",""subtitleLinks"":[{""language"":""eng-US"",""downloadLink"":""https://v16m-webapp.tiktokcdn-us.com/8cc317dbcca8829bc99435dda38df27c/69c35a13/video/tos/useast5/tos-useast5-v-85c255-tx/3b6f8d3307bd4678b01f9b4c93b1169c/?a=1988&bti=ODszNWYuMDE6&ch=0&cr=3&dr=0&lr=all&cd=0%7C0%7C0%7C&cv=1&br=5042&bt=2521&cs=0&ds=3&ft=aEKq_qT0mIoPD12GU~ms3wUCdCAbMeF~O5&mime_type=video_mp4&qs=13&rc=anZ3ZWs5cm5pODQzZzM2NEBpanZ3ZWs5cm5pODQzZzM2NEBrLnAuMmQ0cF9hLS1kLS9zYSNrLnAuMmQ0cF9hLS1kLS9zcw%3D%3D&l=202603230344086EDFAC167D6B9800C67A&btag=e00070000"",""source"":""ASR"",""sourceUnabbreviated"":""automatic speech recognition"",""version"":""1:big_caption"",""tiktokLink"":""https://v16m-webapp.tiktokcdn-us.com/8cc317dbcca8829bc99435dda38df27c/69c35a13/video/tos/useast5/tos-useast5-v-85c255-tx/3b6f8d3307bd4678b01f9b4c93b1169c/?a=1988&bti=ODszNWYuMDE6&ch=0&cr=3&dr=0&lr=all&cd=0%7C0%7C0%7C&cv=1&br=5042&bt=2521&cs=0&ds=3&ft=aEKq_qT0mIoPD12GU~ms3wUCdCAbMeF~O5&mime_type=video_mp4&qs=13&rc=anZ3ZWs5cm5pODQzZzM2NEBpanZ3ZWs5cm5pODQzZzM2NEBrLnAuMmQ0cF9hLS1kLS9zYSNrLnAuMmQ0cF9hLS1kLS9zcw%3D%3D&l=202603230344086EDFAC167D6B9800C67A&btag=e00070000""}],""transcriptionLink"":null,""originalCoverUrl"":""https://p16-common-sign.tiktokcdn-us.com/tos-useast5-p-85c255-tx/o8VDRTMhQWTyQbFWeBQI8fAQOIf68Gdtlel6Ay~tplv-tiktokx-origin.image?dr=9636&x-expires=1774407600&x-signature=Ad4l050DSsqqwLisG9nNRBPcVvU%3D&t=4d5b0474&ps=13740610&shp=81f88b70&shcp=43f4a2f9&idc=useast8""}",212,10,2620,19,2,0,[],[],"[{""name"":""astrologytiktok""},{""name"":""2026astrology""},{""name"":""personaltransformation""},{""name"":""futureyouiscalling""},{""name"":""thepattern""},{""name"":""thepatternapp""}]",[],false,,false,false,[],thepattern,videos,
7589456493485870367,"The Cancer Super Full Moon reminds us that true strength lies in the courage to remain open. On January 3rd, it's going to illuminate the walls we've built around our hearts.

✨See how the Cancer Full...",en,1767058063,2025-12-30T01:27:43.000Z,false,"{""id"":""6842344214664610822"",""name"":""thepattern"",""profileUrl"":""https://www.tiktok.com/@thepattern"",""nickName"":""The Pattern"",""verified"":true,""signature"":""Astrology that explains you + your relationships.\nSee your personal insights ↓"",""bioLink"":""https://linktr.ee/thepattern"",""avatar"":""https://p16-common-sign.tiktokcdn-us.com/tos-maliva-avt-0068/7327334179237003270~tplv-tiktokx-cropcenter:720:720.jpeg?dr=9640&refresh_token=293efb51&x-expires=1774407600&x-signature=l0fYlZz%2BNN2NrHX4kOOm1IM9O0A%3D&t=4d5b0474&ps=13740610&shp=a5d48078&shcp=81f88b70&idc=useast5"",""commerceUserInfo"":{""commerceUser"":true,""category"":""Software & Apps"",""categoryButton"":false},""privateAccount"":false,""roomId"":"""",""ttSeller"":false,""createTime"":1593107531,""following"":180,""friends"":70,""fans"":86500,""heart"":904400,""video"":109,""digg"":388,""originalAvatarUrl"":""https://p16-common-sign.tiktokcdn-us.com/tos-maliva-avt-0068/7327334179237003270~tplv-tiktokx-cropcenter:720:720.jpeg?dr=9640&refresh_token=293efb51&x-expires=1774407600&x-signature=l0fYlZz%2BNN2NrHX4kOOm1IM9O0A%3D&t=4d5b0474&ps=13740610&shp=a5d48078&shcp=81f88b70&idc=useast5""}","{""musicName"":""original sound - The Pattern"",""musicAuthor"":""The Pattern"",""musicOriginal"":true,""playUrl"":""https://v16m.tiktokcdn-us.com/eeb728226079f65c3a12debfe9e15fef/69c10b7c/video/tos/useast8/tos-useast8-v-27dcd7-tx2/oYFqSAYpUCc4E2RAEpHyCJVBVJmfIeVAUwAAID/?a=1233&bti=ODszNWYuMDE6&ch=0&cr=0&dr=0&er=0&lr=default&cd=0%7C0%7C0%7C0&br=250&bt=125&ds=5&ft=GSDrKInz7Ths8N-PXq8Zmo&mime_type=audio_mpeg&qs=13&rc=M3VlM245cjdsODMzaTU8NEBpM3VlM245cjdsODMzaTU8NEAtbHFwMmRjaTZhLS1kMTJzYSMtbHFwMmRjaTZhLS1kMTJzcw%3D%3D&vvpl=1&l=202603230344086EDFAC167D6B9800C67A&btag=e00078000"",""coverMediumUrl"":""https://p19-common-sign.tiktokcdn-us.com/tos-maliva-avt-0068/7327334179237003270~tplv-tiktokx-cropcenter:720:720.jpeg?dr=9640&refresh_token=74c73f9b&x-expires=1774407600&x-signature=zGeHVA83OZgYGmPkQbPTzeiE1zI%3D&t=4d5b0474&ps=13740610&shp=a5d48078&shcp=81f88b70&idc=useast8"",""musicId"":""7589456496350808863"",""originalCoverMediumUrl"":""https://p19-common-sign.tiktokcdn-us.com/tos-maliva-avt-0068/7327334179237003270~tplv-tiktokx-cropcenter:720:720.jpeg?dr=9640&refresh_token=74c73f9b&x-expires=1774407600&x-signature=zGeHVA83OZgYGmPkQbPTzeiE1zI%3D&t=4d5b0474&ps=13740610&shp=a5d48078&shcp=81f88b70&idc=useast8""}",https://www.tiktok.com/@thepattern/video/7589456493485870367,"{""height"":1280,""width"":720,""duration"":20,""coverUrl"":""https://p16-common-sign.tiktokcdn-us.com/tos-useast8-p-0068-tx2/oABpDFEAKtAiFiZKBsKu0qfrAVBYiBAISAo0TT~tplv-tiktokx-origin.image?dr=9636&x-expires=1774407600&x-signature=yU3l3Kkn20jfN%2Fq1UeENoFSLGvM%3D&t=4d5b0474&ps=13740610&shp=81f88b70&shcp=43f4a2f9&idc=useast8"",""definition"":""720p"",""format"":""mp4"",""subtitleLinks"":[{""language"":""eng-US"",""downloadLink"":""https://v16m-webapp.tiktokcdn-us.com/f7cf56e04668ade3354fdd0532f0cd6c/69c35a1c/video/tos/useast8/tos-useast8-v-0068-tx2/a9e04928afe8492595fac64161c1bfda/?a=1988&bti=ODszNWYuMDE6&ch=0&cr=3&dr=0&lr=all&cd=0%7C0%7C0%7C&cv=1&br=15850&bt=7925&cs=0&ds=4&ft=aEKq_qT0mIoPD12GU~ms3wUCdCAbMeF~O5&mime_type=video_mp4&qs=13&rc=M2k8OXk5cnNsODMzaTgzNEBpM2k8OXk5cnNsODMzaTgzNEAwNnFjMmQ0ZDZhLS1kLzJzYSMwNnFjMmQ0ZDZhLS1kLzJzcw%3D%3D&l=202603230344086EDFAC167D6B9800C67A&btag=e00078000"",""source"":""ASR"",""sourceUnabbreviated"":""automatic speech recognition"",""version"":""1:big_caption"",""tiktokLink"":""https://v16m-webapp.tiktokcdn-us.com/f7cf56e04668ade3354fdd0532f0cd6c/69c35a1c/video/tos/useast8/tos-useast8-v-0068-tx2/a9e04928afe8492595fac64161c1bfda/?a=1988&bti=ODszNWYuMDE6&ch=0&cr=3&dr=0&lr=all&cd=0%7C0%7C0%7C&cv=1&br=15850&bt=7925&cs=0&ds=4&ft=aEKq_qT0mIoPD12GU~ms3wUCdCAbMeF~O5&mime_type=video_mp4&qs=13&rc=M2k8OXk5cnNsODMzaTgzNEBpM2k8OXk5cnNsODMzaTgzNEAwNnFjMmQ0ZDZhLS1kLzJzYSMwNnFjMmQ0ZDZhLS1kLzJzcw%3D%3D&l=202603230344086EDFAC167D6B9800C67A&btag=e00078000""}],""transcriptionLink"":null,""originalCoverUrl"":""https://p16-common-sign.tiktokcdn-us.com/tos-useast8-p-0068-tx2/oABpDFEAKtAiFiZKBsKu0qfrAVBYiBAISAo0TT~tplv-tiktokx-origin.image?dr=9636&x-expires=1774407600&x-signature=yU3l3Kkn20jfN%2Fq1UeENoFSLGvM%3D&t=4d5b0474&ps=13740610&shp=81f88b70&shcp=43f4a2f9&idc=useast8""}",930,95,13600,143,4,0,[],[],"[{""name"":""cancerfullmoon""},{""name"":""fullmoonenergy""},{""name"":""astrologytiktok""},{""name"":""spiritualtok""},{""name"":""emotionalhealing""},{""name"":""thepattern""},{""name"":""thepatternapp""}]",[],false,,false,false,[],thepattern,videos,
7588643725828525343,"2025 has been a transformative year.💫 These transits created this portal of transformation that will continue to affect every aspect of our lives. Now, we have a choice of how we're going to we move ...",en,1766868826,2025-12-27T20:53:46.000Z,false,"{""id"":""6842344214664610822"",""name"":""thepattern"",""profileUrl"":""https://www.tiktok.com/@thepattern"",""nickName"":""The Pattern"",""verified"":true,""signature"":""Astrology that explains you + your relationships.\nSee your personal insights ↓"",""bioLink"":""https://linktr.ee/thepattern"",""avatar"":""https://p16-common-sign.tiktokcdn-us.com/tos-maliva-avt-0068/7327334179237003270~tplv-tiktokx-cropcenter:720:720.jpeg?dr=9640&refresh_token=293efb51&x-expires=1774407600&x-signature=l0fYlZz%2BNN2NrHX4kOOm1IM9O0A%3D&t=4d5b0474&ps=13740610&shp=a5d48078&shcp=81f88b70&idc=useast5"",""commerceUserInfo"":{""commerceUser"":true,""category"":""Software & Apps"",""categoryButton"":false},""privateAccount"":false,""roomId"":"""",""ttSeller"":false,""createTime"":1593107531,""following"":180,""friends"":70,""fans"":86500,""heart"":904400,""video"":109,""digg"":388,""originalAvatarUrl"":""https://p16-common-sign.tiktokcdn-us.com/tos-maliva-avt-0068/7327334179237003270~tplv-tiktokx-cropcenter:720:720.jpeg?dr=9640&refresh_token=293efb51&x-expires=1774407600&x-signature=l0fYlZz%2BNN2NrHX4kOOm1IM9O0A%3D&t=4d5b0474&ps=13740610&shp=a5d48078&shcp=81f88b70&idc=useast5""}","{""musicName"":""original sound - The Pattern"",""musicAuthor"":""The Pattern"",""musicOriginal"":true,""playUrl"":""https://v16m.tiktokcdn-us.com/a4fb95d4653a649344d26f899b9c7b8c/69c10b7c/video/tos/useast8/tos-useast8-v-27dcd7-tx2/okaEhAQC1VEuAXlRIoiRBxiHyBAAMz1KAPlBV/?a=1233&bti=ODszNWYuMDE6&ch=0&cr=0&dr=0&er=0&lr=default&cd=0%7C0%7C0%7C0&br=250&bt=125&ds=5&ft=GSDrKInz7Ths8N-PXq8Zmo&mime_type=audio_mpeg&qs=13&rc=Mzs1bGs5cnE3ODMzaTU8NEBpMzs1bGs5cnE3ODMzaTU8NEAzcWVuMmQ0YjVhLS1kMTJzYSMzcWVuMmQ0YjVhLS1kMTJzcw%3D%3D&vvpl=1&l=202603230344086EDFAC167D6B9800C67A&btag=e00078000"",""coverMediumUrl"":""https://p19-common-sign.tiktokcdn-us.com/tos-maliva-avt-0068/7327334179237003270~tplv-tiktokx-cropcenter:720:720.jpeg?dr=9640&refresh_token=74c73f9b&x-expires=1774407600&x-signature=zGeHVA83OZgYGmPkQbPTzeiE1zI%3D&t=4d5b0474&ps=13740610&shp=a5d48078&shcp=81f88b70&idc=useast8"",""musicId"":""7588643689107442463"",""originalCoverMediumUrl"":""https://p19-common-sign.tiktokcdn-us.com/tos-maliva-avt-0068/7327334179237003270~tplv-tiktokx-cropcenter:720:720.jpeg?dr=9640&refresh_token=74c73f9b&x-expires=1774407600&x-signature=zGeHVA83OZgYGmPkQbPTzeiE1zI%3D&t=4d5b0474&ps=13740610&shp=a5d48078&shcp=81f88b70&idc=useast8""}",https://www.tiktok.com/@thepattern/video/7588643725828525343,"{""height"":1280,""width"":720,""duration"":20,""coverUrl"":""https://p19-common-sign.tiktokcdn-us.com/tos-useast8-p-0068-tx2/oAEQIAEAVReUAQDpLFBUfFwM7d3CUEAAVPE1CO~tplv-tiktokx-origin.image?dr=9636&x-expires=1774407600&x-signature=GIBNDrHRZlEde7IcK9SMD%2FrCr%2Bo%3D&t=4d5b0474&ps=13740610&shp=81f88b70&shcp=43f4a2f9&idc=useast8"",""definition"":""720p"",""format"":""mp4"",""subtitleLinks"":[{""language"":""eng-US"",""downloadLink"":""https://v16m-webapp.tiktokcdn-us.com/61a9975882c62878d5c6395972c0fc6c/69c35a1c/video/tos/useast8/tos-useast8-v-0068-tx2/d93f026472854ea3ba9f495aeac9438b/?a=1988&bti=ODszNWYuMDE6&ch=0&cr=3&dr=0&lr=all&cd=0%7C0%7C0%7C&cv=1&br=58414&bt=29207&cs=0&ds=4&ft=aEKq_qT0mIoPD12GU~ms3wUCdCAbMeF~O5&mime_type=video_mp4&qs=13&rc=ajlraG05cm12ODMzaTgzNEBpajlraG05cm12ODMzaTgzNEBkZDIuMmQ0YDRhLS1kLzJzYSNkZDIuMmQ0YDRhLS1kLzJzcw%3D%3D&l=202603230344086EDFAC167D6B9800C67A&btag=e00078000"",""source"":""ASR"",""sourceUnabbreviated"":""automatic speech recognition"",""version"":""1:big_caption"",""tiktokLink"":""https://v16m-webapp.tiktokcdn-us.com/61a9975882c62878d5c6395972c0fc6c/69c35a1c/video/tos/useast8/tos-useast8-v-0068-tx2/d93f026472854ea3ba9f495aeac9438b/?a=1988&bti=ODszNWYuMDE6&ch=0&cr=3&dr=0&lr=all&cd=0%7C0%7C0%7C&cv=1&br=58414&bt=29207&cs=0&ds=4&ft=aEKq_qT0mIoPD12GU~ms3wUCdCAbMeF~O5&mime_type=video_mp4&qs=13&rc=ajlraG05cm12ODMzaTgzNEBpajlraG05cm12ODMzaTgzNEBkZDIuMmQ0YDRhLS1kLzJzYSNkZDIuMmQ0YDRhLS1kLzJzcw%3D%3D&l=202603230344086EDFAC167D6B9800C67A&btag=e00078000""}],""transcriptionLink"":null,""originalCoverUrl"":""https://p19-common-sign.tiktokcdn-us.com/tos-useast8-p-0068-tx2/oAEQIAEAVReUAQDpLFBUfFwM7d3CUEAAVPE1CO~tplv-tiktokx-origin.image?dr=9636&x-expires=1774407600&x-signature=GIBNDrHRZlEde7IcK9SMD%2FrCr%2Bo%3D&t=4d5b0474&ps=13740610&shp=81f88b70&shcp=43f4a2f9&idc=useast8""}",230,14,3083,14,5,0,[],[],"[{""name"":""astrology""},{""name"":""astrologytiktok""},{""name"":""reflection""},{""name"":""transformation""},{""name"":""2025tiktok""},{""name"":""thepattern""},{""name"":""thepatternapp""}]",[],false,,false,false,[],thepattern,videos,
7435056679928073502,"The rest of the zodiac signs are just jealous of Taurus and Leos.

#taurus #leo #astrologytiktok #astrologysigns #astrologygirlies #zodiacsign #astrology #astrologytok ",en,1731109049,2024-11-08T23:37:29.000Z,false,"{""id"":""6870995222446408710"",""name"":""sanctuarywrld"",""profileUrl"":""https://www.tiktok.com/@sanctuarywrld"",""nickName"":""Sanctuary"",""verified"":false,""signature"":""▼ Your daily guide to the universe ▼\nDownload the app iOS and Android!"",""bioLink"":""https://social.sanctuaryworld.co/tiktok-linkinbio-birthchart"",""avatar"":""https://p16-common-sign.tiktokcdn-us.com/tos-useast5-avt-0068-tx/7347087487909429291~tplv-tiktokx-cropcenter:720:720.jpeg?dr=9640&refresh_token=e654da7f&x-expires=1774407600&x-signature=%2FF6Fr6Rw4orlgXoAh7JGjK94izM%3D&t=4d5b0474&ps=13740610&shp=a5d48078&shcp=81f88b70&idc=useast8"",""commerceUserInfo"":{""commerceUser"":true,""category"":""Software & Apps"",""categoryButton"":false},""privateAccount"":false,""roomId"":"""",""ttSeller"":false,""createTime"":1599778397,""following"":583,""friends"":53,""fans"":45200,""heart"":1100000,""video"":966,""digg"":0,""originalAvatarUrl"":""https://p16-common-sign.tiktokcdn-us.com/tos-useast5-avt-0068-tx/7347087487909429291~tplv-tiktokx-cropcenter:720:720.jpeg?dr=9640&refresh_token=e654da7f&x-expires=1774407600&x-signature=%2FF6Fr6Rw4orlgXoAh7JGjK94izM%3D&t=4d5b0474&ps=13740610&shp=a5d48078&shcp=81f88b70&idc=useast8""}","{""musicName"":""original sound"",""musicAuthor"":""Scintilla"",""musicOriginal"":true,""playUrl"":""https://v16m.tiktokcdn-us.com/27a867f3fe80aa3abcdc89ec9632b456/69c10b82/video/tos/useast5/tos-useast5-v-27dcd7c799-tx/oQ4fkLGLmQFeRIAfJZIIOEEJwAiAJzA9saeYoF/?a=1233&bti=ODszNWYuMDE6&ch=0&cr=0&dr=0&er=0&lr=default&cd=0%7C0%7C0%7C0&br=250&bt=125&ds=5&ft=GSDrKInz7Ths8N-PXq8Zmo&mime_type=audio_mpeg&qs=13&rc=M251c3Y5cm1odDMzNzU8M0BpM251c3Y5cm1odDMzNzU8M0AzL29zMmRzLWpgLS1kMTZzYSMzL29zMmRzLWpgLS1kMTZzcw%3D%3D&vvpl=1&l=20260323034408DD6B820CBFF55600FE72&btag=e00078000"",""coverMediumUrl"":""https://p19-common-sign.tiktokcdn-us.com/tos-alisg-avt-0068/18d51ea86238216bc03efe3b6e0a6944~tplv-tiktokx-cropcenter:720:720.jpeg?dr=9640&refresh_token=7fa8f7b2&x-expires=1774407600&x-signature=HAiK0S9FLI2ADX94aNYxXeaLKWc%3D&t=4d5b0474&ps=13740610&shp=a5d48078&shcp=81f88b70&idc=useast5"",""musicId"":""7398534894292749062"",""originalCoverMediumUrl"":""https://p19-common-sign.tiktokcdn-us.com/tos-alisg-avt-0068/18d51ea86238216bc03efe3b6e0a6944~tplv-tiktokx-cropcenter:720:720.jpeg?dr=9640&refresh_token=7fa8f7b2&x-expires=1774407600&x-signature=HAiK0S9FLI2ADX94aNYxXeaLKWc%3D&t=4d5b0474&ps=13740610&shp=a5d48078&shcp=81f88b70&idc=useast5""}",https://www.tiktok.com/@sanctuarywrld/video/7435056679928073502,"{""height"":1024,""width"":576,""duration"":6,""coverUrl"":""https://p16-common-sign.tiktokcdn-us.com/tos-useast8-p-0068-tx2/o0LuRneHLMrEEoM6EAQUr9Cf19hAKFIDB9VBmq~tplv-tiktokx-origin.image?dr=9636&x-expires=1774407600&x-signature=psnvVKCZ5A1I0mb%2Bjj67aGA6q7o%3D&t=4d5b0474&ps=13740610&shp=81f88b70&shcp=43f4a2f9&idc=useast5"",""definition"":""540p"",""format"":""mp4"",""subtitleLinks"":[{""language"":""eng-US"",""downloadLink"":""https://v16m-webapp.tiktokcdn-us.com/25d123679cfa224c8a239f764e1b69d4/69c35a0e/video/tos/useast8/tos-useast8-v-0068-tx2/ec6553d11a28455fbe5884cdecb941b9/?a=1988&bti=ODszNWYuMDE6&ch=0&cr=3&dr=0&lr=all&cd=0%7C0%7C0%7C&cv=1&br=9462&bt=4731&ds=3&ft=4KLMeMzm8Zmo0pVsyx4jVxmjdpWrKsd.&mime_type=video_mp4&qs=13&rc=am91d3g5cmdkdjMzaTczNEBpam91d3g5cmdkdjMzaTczNEBtcWNlMmRjLmtgLS1kMTJzYSNtcWNlMmRjLmtgLS1kMTJzcw%3D%3D&l=20260323034408DD6B820CBFF55600FE72&btag=e00070000"",""source"":""ASR"",""sourceUnabbreviated"":""automatic speech recognition"",""version"":""1:big_caption"",""tiktokLink"":""https://v16m-webapp.tiktokcdn-us.com/25d123679cfa224c8a239f764e1b69d4/69c35a0e/video/tos/useast8/tos-useast8-v-0068-tx2/ec6553d11a28455fbe5884cdecb941b9/?a=1988&bti=ODszNWYuMDE6&ch=0&cr=3&dr=0&lr=all&cd=0%7C0%7C0%7C&cv=1&br=9462&bt=4731&ds=3&ft=4KLMeMzm8Zmo0pVsyx4jVxmjdpWrKsd.&mime_type=video_mp4&qs=13&rc=am91d3g5cmdkdjMzaTczNEBpam91d3g5cmdkdjMzaTczNEBtcWNlMmRjLmtgLS1kMTJzYSNtcWNlMmRjLmtgLS1kMTJzcw%3D%3D&l=20260323034408DD6B820CBFF55600FE72&btag=e00070000""}],""transcriptionLink"":null,""originalCoverUrl"":""https://p16-common-sign.tiktokcdn-us.com/tos-useast8-p-0068-tx2/o0LuRneHLMrEEoM6EAQUr9Cf19hAKFIDB9VBmq~tplv-tiktokx-origin.image?dr=9636&x-expires=1774407600&x-signature=psnvVKCZ5A1I0mb%2Bjj67aGA6q7o%3D&t=4d5b0474&ps=13740610&shp=81f88b70&shcp=43f4a2f9&idc=useast5""}",7752,1417,68000,835,300,0,[],[],"[{""name"":""taurus""},{""name"":""leo""},{""name"":""astrologytiktok""},{""name"":""astrologysigns""},{""name"":""astrologygirlies""},{""name"":""zodiacsign""},{""name"":""astrology""},{""name"":""astrologytok""}]","[{""ID"":""242883878"",""name"":""Flawless Skin"",""stickerStats"":{""useCount"":0}},{""ID"":""1501446"",""name"":""Green Eyes for Brown Eyes"",""stickerStats"":{""useCount"":0}}]",false,,true,false,[],sanctuarywrld,videos,
7269095003601800491,"Mark your calendars Mercury goes retrograde on September 23.

#astrologytiktok #astrologysigns #zodiacsigns #zodiactiktok #mercuryretrograde #virgo #pisces ",en,1692468080,2023-08-19T18:01:20.000Z,false,"{""id"":""6870995222446408710"",""name"":""sanctuarywrld"",""profileUrl"":""https://www.tiktok.com/@sanctuarywrld"",""nickName"":""Sanctuary"",""verified"":false,""signature"":""▼ Your daily guide to the universe ▼\nDownload the app iOS and Android!"",""bioLink"":""https://social.sanctuaryworld.co/tiktok-linkinbio-birthchart"",""avatar"":""https://p16-common-sign.tiktokcdn-us.com/tos-useast5-avt-0068-tx/7347087487909429291~tplv-tiktokx-cropcenter:720:720.jpeg?dr=9640&refresh_token=e654da7f&x-expires=1774407600&x-signature=%2FF6Fr6Rw4orlgXoAh7JGjK94izM%3D&t=4d5b0474&ps=13740610&shp=a5d48078&shcp=81f88b70&idc=useast8"",""commerceUserInfo"":{""commerceUser"":true,""category"":""Software & Apps"",""categoryButton"":false},""privateAccount"":false,""roomId"":"""",""ttSeller"":false,""createTime"":1599778397,""following"":583,""friends"":53,""fans"":45200,""heart"":1100000,""video"":966,""digg"":0,""originalAvatarUrl"":""https://p16-common-sign.tiktokcdn-us.com/tos-useast5-avt-0068-tx/7347087487909429291~tplv-tiktokx-cropcenter:720:720.jpeg?dr=9640&refresh_token=e654da7f&x-expires=1774407600&x-signature=%2FF6Fr6Rw4orlgXoAh7JGjK94izM%3D&t=4d5b0474&ps=13740610&shp=a5d48078&shcp=81f88b70&idc=useast8""}","{""musicName"":""som original"",""musicAuthor"":""Multi Digital"",""musicOriginal"":true,""playUrl"":""https://v16m.tiktokcdn-us.com/6656eb260f5ff4d1bc4ca6215b02541a/69c10b73/video/tos/useast5/tos-useast5-v-27dcd7c799-tx/41053c1c38b3475081dd5383fd31fb79/?a=1233&bti=ODszNWYuMDE6&ch=0&cr=0&dr=0&er=0&lr=default&cd=0%7C0%7C0%7C0&br=252&bt=126&ds=5&ft=GSDrKInz7Ths8N-PXq8Zmo&mime_type=audio_mpeg&qs=13&rc=anU1ZWU6ZjZ5bDMzNzU8M0BpanU1ZWU6ZjZ5bDMzNzU8M0A1Yy8vcjRvbzNgLS1kMTZzYSM1Yy8vcjRvbzNgLS1kMTZzcw%3D%3D&vvpl=1&l=20260323034408DD6B820CBFF55600FE72&btag=e00070000"",""coverMediumUrl"":""https://p16-common-sign.tiktokcdn-us.com/tos-maliva-avt-0068/31aa68ced8975918908c2dcae715e887~tplv-tiktokx-cropcenter:720:720.jpeg?dr=9640&refresh_token=f03b725f&x-expires=1774407600&x-signature=ank91SPPjEfcTg%2BirlrIeICAlK8%3D&t=4d5b0474&ps=13740610&shp=a5d48078&shcp=81f88b70&idc=useast5"",""musicId"":""7245726162232740614"",""originalCoverMediumUrl"":""https://p16-common-sign.tiktokcdn-us.com/tos-maliva-avt-0068/31aa68ced8975918908c2dcae715e887~tplv-tiktokx-cropcenter:720:720.jpeg?dr=9640&refresh_token=f03b725f&x-expires=1774407600&x-signature=ank91SPPjEfcTg%2BirlrIeICAlK8%3D&t=4d5b0474&ps=13740610&shp=a5d48078&shcp=81f88b70&idc=useast5""}",https://www.tiktok.com/@sanctuarywrld/video/7269095003601800491,"{""height"":1024,""width"":576,""duration"":11,""coverUrl"":""https://p16-common-sign.tiktokcdn-us.com/tos-useast5-p-0068-tx/c3e22577080447b4af8517697e9d3dd7_1692468081~tplv-tiktokx-origin.image?dr=9636&x-expires=1774407600&x-signature=n5NAKxxhunYtPAK6RUHOLwzm0xY%3D&t=4d5b0474&ps=13740610&shp=81f88b70&shcp=43f4a2f9&idc=useast5"",""definition"":""540p"",""format"":""mp4"",""transcriptionLink"":null,""originalCoverUrl"":""https://p16-common-sign.tiktokcdn-us.com/tos-useast5-p-0068-tx/c3e22577080447b4af8517697e9d3dd7_1692468081~tplv-tiktokx-origin.image?dr=9636&x-expires=1774407600&x-signature=n5NAKxxhunYtPAK6RUHOLwzm0xY%3D&t=4d5b0474&ps=13740610&shp=81f88b70&shcp=43f4a2f9&idc=useast5""}",59700,15000,1600000,3920,2250,0,[],[],"[{""name"":""astrologytiktok""},{""name"":""astrologysigns""},{""name"":""zodiacsigns""},{""name"":""zodiactiktok""},{""name"":""mercuryretrograde""},{""name"":""virgo""},{""name"":""pisces""}]","[{""ID"":""242883878"",""name"":""Flawless Skin"",""stickerStats"":{""useCount"":0}},{""ID"":""1501446"",""name"":""Green Eyes for Brown Eyes"",""stickerStats"":{""useCount"":0}}]",false,,true,false,[],sanctuarywrld,videos,
7464762944451005726,"Love is written in the stars! Some birth chart placements are just dripping with romance and dreamy vibes. Think Pisces moon, Taurus rising, or Venus in Libra—passionate, tender, and hopelessly devote...",en,1738025593,2025-01-28T00:53:13.000Z,false,"{""id"":""6870995222446408710"",""name"":""sanctuarywrld"",""profileUrl"":""https://www.tiktok.com/@sanctuarywrld"",""nickName"":""Sanctuary"",""verified"":false,""signature"":""▼ Your daily guide to the universe ▼\nDownload the app iOS and Android!"",""bioLink"":""https://social.sanctuaryworld.co/tiktok-linkinbio-birthchart"",""avatar"":""https://p16-common-sign.tiktokcdn-us.com/tos-useast5-avt-0068-tx/7347087487909429291~tplv-tiktokx-cropcenter:720:720.jpeg?dr=9640&refresh_token=e654da7f&x-expires=1774407600&x-signature=%2FF6Fr6Rw4orlgXoAh7JGjK94izM%3D&t=4d5b0474&ps=13740610&shp=a5d48078&shcp=81f88b70&idc=useast8"",""commerceUserInfo"":{""commerceUser"":true,""category"":""Software & Apps"",""categoryButton"":false},""privateAccount"":false,""roomId"":"""",""ttSeller"":false,""createTime"":1599778397,""following"":583,""friends"":53,""fans"":45200,""heart"":1100000,""video"":966,""digg"":0,""originalAvatarUrl"":""https://p16-common-sign.tiktokcdn-us.com/tos-useast5-avt-0068-tx/7347087487909429291~tplv-tiktokx-cropcenter:720:720.jpeg?dr=9640&refresh_token=e654da7f&x-expires=1774407600&x-signature=%2FF6Fr6Rw4orlgXoAh7JGjK94izM%3D&t=4d5b0474&ps=13740610&shp=a5d48078&shcp=81f88b70&idc=useast8""}","{""musicName"":""Loving Me"",""musicAuthor"":""Janine"",""musicOriginal"":false,""musicAlbum"":""Loving Me"",""playUrl"":""https://sf16.tiktokcdn-us.com/obj/tos-alisg-ve-2774/o8ssYlUiavJWnB2E1LnzUAMkS6FOIAL1r5iW6"",""coverMediumUrl"":""https://p16-common.tiktokcdn-us.com/tos-alisg-v-2774/o4ABmwnEeADAFcufAZVsCBFtyb0IIQAbglzbyD~tplv-tiktokx-cropcenter:200:200.jpeg?dr=9584&t=4d5b0474&ps=933b5bde&shp=08d74b56&shcp=81f88b70&idc=useast5"",""musicId"":""6923977375588583426"",""originalCoverMediumUrl"":""https://p16-common.tiktokcdn-us.com/tos-alisg-v-2774/o4ABmwnEeADAFcufAZVsCBFtyb0IIQAbglzbyD~tplv-tiktokx-cropcenter:200:200.jpeg?dr=9584&t=4d5b0474&ps=933b5bde&shp=08d74b56&shcp=81f88b70&idc=useast5""}",https://www.tiktok.com/@sanctuarywrld/video/7464762944451005726,"{""height"":0,""width"":0,""duration"":0,""coverUrl"":""https://p16-common-sign.tiktokcdn-us.com/tos-useast8-i-photomode-tx2/d9102876f4224f56ba8f094bb522863d~tplv-photomode-image.jpeg?dr=9616&x-expires=1774407600&x-signature=tkEcg9mQ7iMx%2Fv%2Bzib5f6hiMoYA%3D&t=4d5b0474&ps=13740610&shp=81f88b70&shcp=9b759fb9&idc=useast5&ftpl=1"",""transcriptionLink"":null,""originalCoverUrl"":""https://p16-common-sign.tiktokcdn-us.com/tos-useast8-i-photomode-tx2/d9102876f4224f56ba8f094bb522863d~tplv-photomode-image.jpeg?dr=9616&x-expires=1774407600&x-signature=tkEcg9mQ7iMx%2Fv%2Bzib5f6hiMoYA%3D&t=4d5b0474&ps=13740610&shp=81f88b70&shcp=9b759fb9&idc=useast5&ftpl=1""}",351,10,10100,72,6,0,[],[],"[{""name"":""astrologytiktok""},{""name"":""zodiactiktok""},{""name"":""astrologyvibes""},{""name"":""horoscopes""},{""name"":""zodiacsigns""},{""name"":""astrology""},{""name"":""birthchart""},{""name"":""birthchartreading""},{""name"":""loveastrology""}]","[{""ID"":""242883878"",""name"":""Flawless Skin"",""stickerStats"":{""useCount"":0}},{""ID"":""1501446"",""name"":""Green Eyes for Brown Eyes"",""stickerStats"":{""useCount"":0}}]",true,"[{""tiktokLink"":""https://p16-common-sign.tiktokcdn-us.com/tos-useast8-i-photomode-tx2/d9102876f4224f56ba8f094bb522863d~tplv-photomode-image.jpeg?dr=9616&x-expires=1774407600&x-signature=tkEcg9mQ7iMx%2Fv%2Bzib5f6hiMoYA%3D&t=4d5b0474&ps=13740610&shp=81f88b70&shcp=9b759fb9&idc=useast5&ftpl=1"",""downloadLink"":""https://p16-common-sign.tiktokcdn-us.com/tos-useast8-i-photomode-tx2/d9102876f4224f56ba8f094bb522863d~tplv-photomode-image.jpeg?dr=9616&x-expires=1774407600&x-signature=tkEcg9mQ7iMx%2Fv%2Bzib5f6hiMoYA%3D&t=4d5b0474&ps=13740610&shp=81f88b70&shcp=9b759fb9&idc=useast5&ftpl=1""},{""tiktokLink"":""https://p16-common-sign.tiktokcdn-us.com/tos-useast8-i-photomode-tx2/bcb47fc9bc7442559af4f0af4e0dfe07~tplv-photomode-image.jpeg?dr=9616&x-expires=1774407600&x-signature=hDJ7scahawrjk%2FOKJpdaIjXH5i8%3D&t=4d5b0474&ps=13740610&shp=81f88b70&shcp=9b759fb9&idc=useast5&ftpl=1"",""downloadLink"":""https://p16-common-sign.tiktokcdn-us.com/tos-useast8-i-photomode-tx2/bcb47fc9bc7442559af4f0af4e0dfe07~tplv-photomode-image.jpeg?dr=9616&x-expires=1774407600&x-signature=hDJ7scahawrjk%2FOKJpdaIjXH5i8%3D&t=4d5b0474&ps=13740610&shp=81f88b70&shcp=9b759fb9&idc=useast5&ftpl=1""},{""tiktokLink"":""https://p16-common-sign.tiktokcdn-us.com/tos-useast8-i-photomode-tx2/b082a691a61c45e0bec65f4193c6516d~tplv-photomode-image.jpeg?dr=9616&x-expires=1774407600&x-signature=0%2FQZuAwfudcudr0Y934s%2F1u99Po%3D&t=4d5b0474&ps=13740610&shp=81f88b70&shcp=9b759fb9&idc=useast5&ftpl=1"",""downloadLink"":""https://p16-common-sign.tiktokcdn-us.com/tos-useast8-i-photomode-tx2/b082a691a61c45e0bec65f4193c6516d~tplv-photomode-image.jpeg?dr=9616&x-expires=1774407600&x-signature=0%2FQZuAwfudcudr0Y934s%2F1u99Po%3D&t=4d5b0474&ps=13740610&shp=81f88b70&shcp=9b759fb9&idc=useast5&ftpl=1""},{""tiktokLink"":""https://p19-common-sign.tiktokcdn-us.com/tos-useast8-i-photomode-tx2/f1eb8b879787478b84259464666b1963~tplv-photomode-image.jpeg?dr=9616&x-expires=1774407600&x-signature=3RZ2dim%2F56xdLQpA%2FD0HQLOYbJI%3D&t=4d5b0474&ps=13740610&shp=81f88b70&shcp=9b759fb9&idc=useast5&ftpl=1"",""downloadLink"":""https://p19-common-sign.tiktokcdn-us.com/tos-useast8-i-photomode-tx2/f1eb8b879787478b84259464666b1963~tplv-photomode-image.jpeg?dr=9616&x-expires=1774407600&x-signature=3RZ2dim%2F56xdLQpA%2FD0HQLOYbJI%3D&t=4d5b0474&ps=13740610&shp=81f88b70&shcp=9b759fb9&idc=useast5&ftpl=1""},{""tiktokLink"":""https://p16-common-sign.tiktokcdn-us.com/tos-useast8-i-photomode-tx2/c416c8b6181d4e0a9a1991b81cc9f5df~tplv-photomode-image.jpeg?dr=9616&x-expires=1774407600&x-signature=7MI4P%2FkEG53DfVlhQ9lnKh0WY2o%3D&t=4d5b0474&ps=13740610&shp=81f88b70&shcp=9b759fb9&idc=useast5&ftpl=1"",""downloadLink"":""https://p16-common-sign.tiktokcdn-us.com/tos-useast8-i-photomode-tx2/c416c8b6181d4e0a9a1991b81cc9f5df~tplv-photomode-image.jpeg?dr=9616&x-expires=1774407600&x-signature=7MI4P%2FkEG53DfVlhQ9lnKh0WY2o%3D&t=4d5b0474&ps=13740610&shp=81f88b70&shcp=9b759fb9&idc=useast5&ftpl=1""},{""tiktokLink"":""https://p16-common-sign.tiktokcdn-us.com/tos-useast8-i-photomode-tx2/3be473280ee944e198229d4c7bb0f516~tplv-photomode-image.jpeg?dr=9616&x-expires=1774407600&x-signature=QB805M0NdYiaKFq63Q3ZFVKLSDk%3D&t=4d5b0474&ps=13740610&shp=81f88b70&shcp=9b759fb9&idc=useast5&ftpl=1"",""downloadLink"":""https://p16-common-sign.tiktokcdn-us.com/tos-useast8-i-photomode-tx2/3be473280ee944e198229d4c7bb0f516~tplv-photomode-image.jpeg?dr=9616&x-expires=1774407600&x-signature=QB805M0NdYiaKFq63Q3ZFVKLSDk%3D&t=4d5b0474&ps=13740610&shp=81f88b70&shcp=9b759fb9&idc=useast5&ftpl=1""},{""tiktokLink"":""https://p16-common-sign.tiktokcdn-us.com/tos-useast8-i-photomode-tx2/9d7166f365a341458c3a0fdfe5011543~tplv-photomode-image.jpeg?dr=9616&x-expires=1774407600&x-signature=XGtz%2FSUApCN5QttuAB27x79eOZI%3D&t=4d5b0474&ps=13740610&shp=81f88b70&shcp=9b759fb9&idc=useast5&ftpl=1"",""downloadLink"":""https://p16-common-sign.tiktokcdn-us.com/tos-useast8-i-photomode-tx2/9d7166f365a341458c3a0fdfe5011543~tplv-photomode-image.jpeg?dr=9616&x-expires=1774407600&x-signature=XGtz%2FSUApCN5QttuAB27x79eOZI%3D&t=4d5b0474&ps=13740610&shp=81f88b70&shcp=9b759fb9&idc=useast5&ftpl=1""},{""tiktokLink"":""https://p16-common-sign.tiktokcdn-us.com/tos-useast8-i-photomode-tx2/d3921868fa004ec28fd1b97816f7e91f~tplv-photomode-image.jpeg?dr=9616&x-expires=1774407600&x-signature=TpSEjEs8hWRFDhX8lqk4i7YNDQU%3D&t=4d5b0474&ps=13740610&shp=81f88b70&shcp=9b759fb9&idc=useast5&ftpl=1"",""downloadLink"":""https://p16-common-sign.tiktokcdn-us.com/tos-useast8-i-photomode-tx2/d3921868fa004ec28fd1b97816f7e91f~tplv-photomode-image.jpeg?dr=9616&x-expires=1774407600&x-signature=TpSEjEs8hWRFDhX8lqk4i7YNDQU%3D&t=4d5b0474&ps=13740610&shp=81f88b70&shcp=9b759fb9&idc=useast5&ftpl=1""}]",true,false,[],sanctuarywrld,videos,
7596814173422619935,"Let the stars color both your hair and year with a cosmic glow-up. 🎨✨

Whether you are an Aries looking for a fierce statement ❤️‍🔥or a Virgo manifesting a fresh reset 🌿in 2026, Which words and @Ar...",en,1768771158,2026-01-18T21:19:18.000Z,false,"{""id"":""6870995222446408710"",""name"":""sanctuarywrld"",""profileUrl"":""https://www.tiktok.com/@sanctuarywrld"",""nickName"":""Sanctuary"",""verified"":false,""signature"":""▼ Your daily guide to the universe ▼\nDownload the app iOS and Android!"",""bioLink"":""https://social.sanctuaryworld.co/tiktok-linkinbio-birthchart"",""avatar"":""https://p16-common-sign.tiktokcdn-us.com/tos-useast5-avt-0068-tx/7347087487909429291~tplv-tiktokx-cropcenter:720:720.jpeg?dr=9640&refresh_token=e654da7f&x-expires=1774407600&x-signature=%2FF6Fr6Rw4orlgXoAh7JGjK94izM%3D&t=4d5b0474&ps=13740610&shp=a5d48078&shcp=81f88b70&idc=useast8"",""commerceUserInfo"":{""commerceUser"":true,""category"":""Software & Apps"",""categoryButton"":false},""privateAccount"":false,""roomId"":"""",""ttSeller"":false,""createTime"":1599778397,""following"":583,""friends"":53,""fans"":45200,""heart"":1100000,""video"":966,""digg"":0,""originalAvatarUrl"":""https://p16-common-sign.tiktokcdn-us.com/tos-useast5-avt-0068-tx/7347087487909429291~tplv-tiktokx-cropcenter:720:720.jpeg?dr=9640&refresh_token=e654da7f&x-expires=1774407600&x-signature=%2FF6Fr6Rw4orlgXoAh7JGjK94izM%3D&t=4d5b0474&ps=13740610&shp=a5d48078&shcp=81f88b70&idc=useast8""}","{""musicName"":""original sound"",""musicAuthor"":""sicc"",""musicOriginal"":true,""playUrl"":""https://v16m.tiktokcdn-us.com/620286caece492c398479cfe601d6f0e/69c10b7c/video/tos/useast5/tos-useast5-v-27dcd7-tx/oEA0UAB0EBAiAC7cfKBwElAizgkcDCWMjryEpB/?a=1233&bti=ODszNWYuMDE6&ch=0&cr=0&dr=0&er=0&lr=default&cd=0%7C0%7C0%7C0&br=250&bt=125&ds=5&ft=GSDrKInz7Ths8N-PXq8Zmo&mime_type=audio_mpeg&qs=13&rc=M3BpM3U5cmgzNTMzZzU8NEBpM3BpM3U5cmgzNTMzZzU8NEAuNTNtMmRjYGZhLS1kMS9zYSMuNTNtMmRjYGZhLS1kMS9zcw%3D%3D&vvpl=1&l=20260323034408DD6B820CBFF55600FE72&btag=e00078000"",""coverMediumUrl"":""https://p16-common-sign.tiktokcdn-us.com/tos-useast5-avt-0068-tx/a3fa9368a3d5b69c77b63e4fe0a20ae5~tplv-tiktokx-cropcenter:720:720.jpeg?dr=9640&refresh_token=8a3e2971&x-expires=1774407600&x-signature=uyFWN0XstnFhhG%2BBuDYKx814kVM%3D&t=4d5b0474&ps=13740610&shp=a5d48078&shcp=81f88b70&idc=useast5"",""musicId"":""7540158365188541197"",""originalCoverMediumUrl"":""https://p16-common-sign.tiktokcdn-us.com/tos-useast5-avt-0068-tx/a3fa9368a3d5b69c77b63e4fe0a20ae5~tplv-tiktokx-cropcenter:720:720.jpeg?dr=9640&refresh_token=8a3e2971&x-expires=1774407600&x-signature=uyFWN0XstnFhhG%2BBuDYKx814kVM%3D&t=4d5b0474&ps=13740610&shp=a5d48078&shcp=81f88b70&idc=useast5""}",https://www.tiktok.com/@sanctuarywrld/video/7596814173422619935,"{""height"":0,""width"":0,""duration"":0,""coverUrl"":""https://p16-common-sign.tiktokcdn-us.com/tos-useast8-i-photomode-tx2/689ab3c7843f486cadbeb8911934bb9f~tplv-photomode-image.jpeg?dr=9616&x-expires=1774407600&x-signature=HbQG%2BVf5hO8pveiWkbwKxmTbDbA%3D&t=4d5b0474&ps=13740610&shp=81f88b70&shcp=9b759fb9&idc=useast5&ftpl=1"",""transcriptionLink"":null,""originalCoverUrl"":""https://p16-common-sign.tiktokcdn-us.com/tos-useast8-i-photomode-tx2/689ab3c7843f486cadbeb8911934bb9f~tplv-photomode-image.jpeg?dr=9616&x-expires=1774407600&x-signature=HbQG%2BVf5hO8pveiWkbwKxmTbDbA%3D&t=4d5b0474&ps=13740610&shp=81f88b70&shcp=9b759fb9&idc=useast5&ftpl=1""}",146,6,1679,16,6,0,"[""@Arctic Fox""]","[{""id"":""6728803446798353413"",""name"":""arcticfoxhaircolor"",""nickName"":""Arctic Fox"",""profileUrl"":""https://www.tiktok.com/@6728803446798353413""}]","[{""name"":""""},{""name"":""2026""},{""name"":""hair""},{""name"":""astrology""},{""name"":""zodiacsigns""},{""name"":""colors""}]","[{""ID"":""242883878"",""name"":""Flawless Skin"",""stickerStats"":{""useCount"":0}},{""ID"":""1501446"",""name"":""Green Eyes for Brown Eyes"",""stickerStats"":{""useCount"":0}}]",true,"[{""tiktokLink"":""https://p16-common-sign.tiktokcdn-us.com/tos-useast8-i-photomode-tx2/689ab3c7843f486cadbeb8911934bb9f~tplv-photomode-image.jpeg?dr=9616&x-expires=1774407600&x-signature=HbQG%2BVf5hO8pveiWkbwKxmTbDbA%3D&t=4d5b0474&ps=13740610&shp=81f88b70&shcp=9b759fb9&idc=useast5&ftpl=1"",""downloadLink"":""https://p16-common-sign.tiktokcdn-us.com/tos-useast8-i-photomode-tx2/689ab3c7843f486cadbeb8911934bb9f~tplv-photomode-image.jpeg?dr=9616&x-expires=1774407600&x-signature=HbQG%2BVf5hO8pveiWkbwKxmTbDbA%3D&t=4d5b0474&ps=13740610&shp=81f88b70&shcp=9b759fb9&idc=useast5&ftpl=1""},{""tiktokLink"":""https://p16-common-sign.tiktokcdn-us.com/tos-useast8-i-photomode-tx2/f4c27d34bddc4754b32e2cd713d3ed77~tplv-photomode-image.jpeg?dr=9616&x-expires=1774407600&x-signature=RIdtoX0pc3%2FP0B4WTRg8Yr0qfBE%3D&t=4d5b0474&ps=13740610&shp=81f88b70&shcp=9b759fb9&idc=useast5&ftpl=1"",""downloadLink"":""https://p16-common-sign.tiktokcdn-us.com/tos-useast8-i-photomode-tx2/f4c27d34bddc4754b32e2cd713d3ed77~tplv-photomode-image.jpeg?dr=9616&x-expires=1774407600&x-signature=RIdtoX0pc3%2FP0B4WTRg8Yr0qfBE%3D&t=4d5b0474&ps=13740610&shp=81f88b70&shcp=9b759fb9&idc=useast5&ftpl=1""},{""tiktokLink"":""https://p16-common-sign.tiktokcdn-us.com/tos-useast8-i-photomode-tx2/1b54ad2c804547f0bce1fd48804b9fab~tplv-photomode-image.jpeg?dr=9616&x-expires=1774407600&x-signature=9RdtRriAHozLepYgunn7Y%2Fyfw9Y%3D&t=4d5b0474&ps=13740610&shp=81f88b70&shcp=9b759fb9&idc=useast5&ftpl=1"",""downloadLink"":""https://p16-common-sign.tiktokcdn-us.com/tos-useast8-i-photomode-tx2/1b54ad2c804547f0bce1fd48804b9fab~tplv-photomode-image.jpeg?dr=9616&x-expires=1774407600&x-signature=9RdtRriAHozLepYgunn7Y%2Fyfw9Y%3D&t=4d5b0474&ps=13740610&shp=81f88b70&shcp=9b759fb9&idc=useast5&ftpl=1""},{""tiktokLink"":""https://p16-common-sign.tiktokcdn-us.com/tos-useast8-i-photomode-tx2/197ee29614cf4e89b327ea4045478d2f~tplv-photomode-image.jpeg?dr=9616&x-expires=1774407600&x-signature=RlIzKBKOXspiJM3x%2BXoajvdRI9k%3D&t=4d5b0474&ps=13740610&shp=81f88b70&shcp=9b759fb9&idc=useast5&ftpl=1"",""downloadLink"":""https://p16-common-sign.tiktokcdn-us.com/tos-useast8-i-photomode-tx2/197ee29614cf4e89b327ea4045478d2f~tplv-photomode-image.jpeg?dr=9616&x-expires=1774407600&x-signature=RlIzKBKOXspiJM3x%2BXoajvdRI9k%3D&t=4d5b0474&ps=13740610&shp=81f88b70&shcp=9b759fb9&idc=useast5&ftpl=1""},{""tiktokLink"":""https://p16-common-sign.tiktokcdn-us.com/tos-useast8-i-photomode-tx2/3c3c0deb324247ed99c14edde3040924~tplv-photomode-image.jpeg?dr=9616&x-expires=1774407600&x-signature=6xTVJStJsepVa1JoJ0FxJ0GB5rg%3D&t=4d5b0474&ps=13740610&shp=81f88b70&shcp=9b759fb9&idc=useast5&ftpl=1"",""downloadLink"":""https://p16-common-sign.tiktokcdn-us.com/tos-useast8-i-photomode-tx2/3c3c0deb324247ed99c14edde3040924~tplv-photomode-image.jpeg?dr=9616&x-expires=1774407600&x-signature=6xTVJStJsepVa1JoJ0FxJ0GB5rg%3D&t=4d5b0474&ps=13740610&shp=81f88b70&shcp=9b759fb9&idc=useast5&ftpl=1""},{""tiktokLink"":""https://p19-common-sign.tiktokcdn-us.com/tos-useast8-i-photomode-tx2/85643858099f49d4be60004005526d07~tplv-photomode-image.jpeg?dr=9616&x-expires=1774407600&x-signature=%2BfgczG1L00GJWOABBf4UbBbH%2F7g%3D&t=4d5b0474&ps=13740610&shp=81f88b70&shcp=9b759fb9&idc=useast5&ftpl=1"",""downloadLink"":""https://p19-common-sign.tiktokcdn-us.com/tos-useast8-i-photomode-tx2/85643858099f49d4be60004005526d07~tplv-photomode-image.jpeg?dr=9616&x-expires=1774407600&x-signature=%2BfgczG1L00GJWOABBf4UbBbH%2F7g%3D&t=4d5b0474&ps=13740610&shp=81f88b70&shcp=9b759fb9&idc=useast5&ftpl=1""},{""tiktokLink"":""https://p19-common-sign.tiktokcdn-us.com/tos-useast8-i-photomode-tx2/f0f6f51572ff41b9873c2ce37ca0ac50~tplv-photomode-image.jpeg?dr=9616&x-expires=1774407600&x-signature=6U4ilOvBbN%2BMYaRO3L0aJ%2BTeXbY%3D&t=4d5b0474&ps=13740610&shp=81f88b70&shcp=9b759fb9&idc=useast5&ftpl=1"",""downloadLink"":""https://p19-common-sign.tiktokcdn-us.com/tos-useast8-i-photomode-tx2/f0f6f51572ff41b9873c2ce37ca0ac50~tplv-photomode-image.jpeg?dr=9616&x-expires=1774407600&x-signature=6U4ilOvBbN%2BMYaRO3L0aJ%2BTeXbY%3D&t=4d5b0474&ps=13740610&shp=81f88b70&shcp=9b759fb9&idc=useast5&ftpl=1""},{""tiktokLink"":""https://p16-common-sign.tiktokcdn-us.com/tos-useast8-i-photomode-tx2/3f21f4068cf3416996a5736556c03b3c~tplv-photomode-image.jpeg?dr=9616&x-expires=1774407600&x-signature=uKim8Q7aco%2BwPScWR69JUiEOCig%3D&t=4d5b0474&ps=13740610&shp=81f88b70&shcp=9b759fb9&idc=useast5&ftpl=1"",""downloadLink"":""https://p16-common-sign.tiktokcdn-us.com/tos-useast8-i-photomode-tx2/3f21f4068cf3416996a5736556c03b3c~tplv-photomode-image.jpeg?dr=9616&x-expires=1774407600&x-signature=uKim8Q7aco%2BwPScWR69JUiEOCig%3D&t=4d5b0474&ps=13740610&shp=81f88b70&shcp=9b759fb9&idc=useast5&ftpl=1""},{""tiktokLink"":""https://p19-common-sign.tiktokcdn-us.com/tos-useast8-i-photomode-tx2/a263fc3303a8407bbb0cbecf63651833~tplv-photomode-image.jpeg?dr=9616&x-expires=1774407600&x-signature=emovNOb55S1DqJjexcCgOG7omaQ%3D&t=4d5b0474&ps=13740610&shp=81f88b70&shcp=9b759fb9&idc=useast5&ftpl=1"",""downloadLink"":""https://p19-common-sign.tiktokcdn-us.com/tos-useast8-i-photomode-tx2/a263fc3303a8407bbb0cbecf63651833~tplv-photomode-image.jpeg?dr=9616&x-expires=1774407600&x-signature=emovNOb55S1DqJjexcCgOG7omaQ%3D&t=4d5b0474&ps=13740610&shp=81f88b70&shcp=9b759fb9&idc=useast5&ftpl=1""},{""tiktokLink"":""https://p16-common-sign.tiktokcdn-us.com/tos-useast8-i-photomode-tx2/8877db995a88426580059cc4265bd36a~tplv-photomode-image.jpeg?dr=9616&x-expires=1774407600&x-signature=iUbqV90%2FyZm47kko%2B3uKbsziJzE%3D&t=4d5b0474&ps=13740610&shp=81f88b70&shcp=9b759fb9&idc=useast5&ftpl=1"",""downloadLink"":""https://p16-common-sign.tiktokcdn-us.com/tos-useast8-i-photomode-tx2/8877db995a88426580059cc4265bd36a~tplv-photomode-image.jpeg?dr=9616&x-expires=1774407600&x-signature=iUbqV90%2FyZm47kko%2B3uKbsziJzE%3D&t=4d5b0474&ps=13740610&shp=81f88b70&shcp=9b759fb9&idc=useast5&ftpl=1""},{""tiktokLink"":""https://p19-common-sign.tiktokcdn-us.com/tos-useast8-i-photomode-tx2/4d2d7024e1c043828f009316e6b3ec4e~tplv-photomode-image.jpeg?dr=9616&x-expires=1774407600&x-signature=OSPKdDBqLjjYAGvIoZTtPA5ajYc%3D&t=4d5b0474&ps=13740610&shp=81f88b70&shcp=9b759fb9&idc=useast5&ftpl=1"",""downloadLink"":""https://p19-common-sign.tiktokcdn-us.com/tos-useast8-i-photomode-tx2/4d2d7024e1c043828f009316e6b3ec4e~tplv-photomode-image.jpeg?dr=9616&x-expires=1774407600&x-signature=OSPKdDBqLjjYAGvIoZTtPA5ajYc%3D&t=4d5b0474&ps=13740610&shp=81f88b70&shcp=9b759fb9&idc=useast5&ftpl=1""},{""tiktokLink"":""https://p16-common-sign.tiktokcdn-us.com/tos-useast8-i-photomode-tx2/95eb4882de384998aa0810e2f0edcf57~tplv-photomode-image.jpeg?dr=9616&x-expires=1774407600&x-signature=ZahVZQPoWYB%2FqNSB5sfE8GKJfyY%3D&t=4d5b0474&ps=13740610&shp=81f88b70&shcp=9b759fb9&idc=useast5&ftpl=1"",""downloadLink"":""https://p16-common-sign.tiktokcdn-us.com/tos-useast8-i-photomode-tx2/95eb4882de384998aa0810e2f0edcf57~tplv-photomode-image.jpeg?dr=9616&x-expires=1774407600&x-signature=ZahVZQPoWYB%2FqNSB5sfE8GKJfyY%3D&t=4d5b0474&ps=13740610&shp=81f88b70&shcp=9b759fb9&idc=useast5&ftpl=1""}]",false,false,[],sanctuarywrld,videos,
7593528879097154846,"Shake off the January blues and start preparing for your best year yet! Pay attention to the key dates, hot takes, and celebrate the little moments leading to your next glow-up. ✨ ☕️ 

🔮 Click the li...",en,1768006240,2026-01-10T00:50:40.000Z,false,"{""id"":""6870995222446408710"",""name"":""sanctuarywrld"",""profileUrl"":""https://www.tiktok.com/@sanctuarywrld"",""nickName"":""Sanctuary"",""verified"":false,""signature"":""▼ Your daily guide to the universe ▼\nDownload the app iOS and Android!"",""bioLink"":""https://social.sanctuaryworld.co/tiktok-linkinbio-birthchart"",""avatar"":""https://p16-common-sign.tiktokcdn-us.com/tos-useast5-avt-0068-tx/7347087487909429291~tplv-tiktokx-cropcenter:720:720.jpeg?dr=9640&refresh_token=e654da7f&x-expires=1774407600&x-signature=%2FF6Fr6Rw4orlgXoAh7JGjK94izM%3D&t=4d5b0474&ps=13740610&shp=a5d48078&shcp=81f88b70&idc=useast8"",""commerceUserInfo"":{""commerceUser"":true,""category"":""Software & Apps"",""categoryButton"":false},""privateAccount"":false,""roomId"":"""",""ttSeller"":false,""createTime"":1599778397,""following"":583,""friends"":53,""fans"":45200,""heart"":1100000,""video"":966,""digg"":0,""originalAvatarUrl"":""https://p16-common-sign.tiktokcdn-us.com/tos-useast5-avt-0068-tx/7347087487909429291~tplv-tiktokx-cropcenter:720:720.jpeg?dr=9640&refresh_token=e654da7f&x-expires=1774407600&x-signature=%2FF6Fr6Rw4orlgXoAh7JGjK94izM%3D&t=4d5b0474&ps=13740610&shp=a5d48078&shcp=81f88b70&idc=useast8""}","{""musicName"":""Glow"",""musicAuthor"":""nimino"",""musicOriginal"":false,""musicAlbum"":""Creek"",""playUrl"":""https://sf19.tiktokcdn-us.com/obj/tos-alisg-ve-2774/oQVzDffgtEKQMWNCBOngFBOPI5ZzCmnVnBM1ms"",""coverMediumUrl"":""https://p16-common.tiktokcdn-us.com/tos-alisg-v-2774/o8EAX0QWiAeAMws6xqEBAiiA9vBo3CAhmP2KSo~tplv-tiktokx-cropcenter:200:200.jpeg?dr=9584&t=4d5b0474&ps=933b5bde&shp=08d74b56&shcp=81f88b70&idc=useast5"",""musicId"":""7467591415728801793"",""originalCoverMediumUrl"":""https://p16-common.tiktokcdn-us.com/tos-alisg-v-2774/o8EAX0QWiAeAMws6xqEBAiiA9vBo3CAhmP2KSo~tplv-tiktokx-cropcenter:200:200.jpeg?dr=9584&t=4d5b0474&ps=933b5bde&shp=08d74b56&shcp=81f88b70&idc=useast5""}",https://www.tiktok.com/@sanctuarywrld/video/7593528879097154846,"{""height"":0,""width"":0,""duration"":0,""coverUrl"":""https://p16-common-sign.tiktokcdn-us.com/tos-useast8-i-photomode-tx2/4550683346404c2cbf71264eb0a3b5d6~tplv-photomode-image.jpeg?dr=9616&x-expires=1774407600&x-signature=L7iGgnwW4Xnga4vBotHQe%2FZqRjk%3D&t=4d5b0474&ps=13740610&shp=81f88b70&shcp=9b759fb9&idc=useast5&ftpl=1"",""transcriptionLink"":null,""originalCoverUrl"":""https://p16-common-sign.tiktokcdn-us.com/tos-useast8-i-photomode-tx2/4550683346404c2cbf71264eb0a3b5d6~tplv-photomode-image.jpeg?dr=9616&x-expires=1774407600&x-signature=L7iGgnwW4Xnga4vBotHQe%2FZqRjk%3D&t=4d5b0474&ps=13740610&shp=81f88b70&shcp=9b759fb9&idc=useast5&ftpl=1""}",37,0,637,11,0,0,[],[],"[{""name"":""january""},{""name"":""resetroutine""},{""name"":""astrology""},{""name"":""astrologytiktok""},{""name"":""zodiacsigns""}]","[{""ID"":""242883878"",""name"":""Flawless Skin"",""stickerStats"":{""useCount"":0}},{""ID"":""1501446"",""name"":""Green Eyes for Brown Eyes"",""stickerStats"":{""useCount"":0}}]",true,"[{""tiktokLink"":""https://p19-common-sign.tiktokcdn-us.com/tos-useast8-i-photomode-tx2/4550683346404c2cbf71264eb0a3b5d6~tplv-photomode-image.jpeg?dr=9616&x-expires=1774407600&x-signature=j%2B%2BaMIcMbRYO6r8r1FxAMHw6Cl0%3D&t=4d5b0474&ps=13740610&shp=81f88b70&shcp=9b759fb9&idc=useast5&ftpl=1"",""downloadLink"":""https://p19-common-sign.tiktokcdn-us.com/tos-useast8-i-photomode-tx2/4550683346404c2cbf71264eb0a3b5d6~tplv-photomode-image.jpeg?dr=9616&x-expires=1774407600&x-signature=j%2B%2BaMIcMbRYO6r8r1FxAMHw6Cl0%3D&t=4d5b0474&ps=13740610&shp=81f88b70&shcp=9b759fb9&idc=useast5&ftpl=1""},{""tiktokLink"":""https://p16-common-sign.tiktokcdn-us.com/tos-useast8-i-photomode-tx2/af993c20d2f94b57a9f5b324e9df3965~tplv-photomode-image.jpeg?dr=9616&x-expires=1774407600&x-signature=NyCZEgTvB%2F3xVS3kn%2B2SjzxixS0%3D&t=4d5b0474&ps=13740610&shp=81f88b70&shcp=9b759fb9&idc=useast5&ftpl=1"",""downloadLink"":""https://p16-common-sign.tiktokcdn-us.com/tos-useast8-i-photomode-tx2/af993c20d2f94b57a9f5b324e9df3965~tplv-photomode-image.jpeg?dr=9616&x-expires=1774407600&x-signature=NyCZEgTvB%2F3xVS3kn%2B2SjzxixS0%3D&t=4d5b0474&ps=13740610&shp=81f88b70&shcp=9b759fb9&idc=useast5&ftpl=1""},{""tiktokLink"":""https://p16-common-sign.tiktokcdn-us.com/tos-useast8-i-photomode-tx2/e1de30dd68db4fd18d7f8042ca8df181~tplv-photomode-image.jpeg?dr=9616&x-expires=1774407600&x-signature=oq3QcV%2F1gCSZF%2Fl2wy3I0t45FZg%3D&t=4d5b0474&ps=13740610&shp=81f88b70&shcp=9b759fb9&idc=useast5&ftpl=1"",""downloadLink"":""https://p16-common-sign.tiktokcdn-us.com/tos-useast8-i-photomode-tx2/e1de30dd68db4fd18d7f8042ca8df181~tplv-photomode-image.jpeg?dr=9616&x-expires=1774407600&x-signature=oq3QcV%2F1gCSZF%2Fl2wy3I0t45FZg%3D&t=4d5b0474&ps=13740610&shp=81f88b70&shcp=9b759fb9&idc=useast5&ftpl=1""},{""tiktokLink"":""https://p16-common-sign.tiktokcdn-us.com/tos-useast8-i-photomode-tx2/626d3b96941e40799c6ed609078a2739~tplv-photomode-image.jpeg?dr=9616&x-expires=1774407600&x-signature=iCYBFDfD1J876oKate9ntf%2BsuJk%3D&t=4d5b0474&ps=13740610&shp=81f88b70&shcp=9b759fb9&idc=useast5&ftpl=1"",""downloadLink"":""https://p16-common-sign.tiktokcdn-us.com/tos-useast8-i-photomode-tx2/626d3b96941e40799c6ed609078a2739~tplv-photomode-image.jpeg?dr=9616&x-expires=1774407600&x-signature=iCYBFDfD1J876oKate9ntf%2BsuJk%3D&t=4d5b0474&ps=13740610&shp=81f88b70&shcp=9b759fb9&idc=useast5&ftpl=1""}]",false,false,[],sanctuarywrld,videos,
7591605264155954463,"Your 2026 colors have arrived 🎨✨ Drop your sign and tell us if you’re embracing your vibe or stepping outside of your comfort zone. 👀 
#color #2026 #zodiacsigns #astrology #astrologytiktok ",en,1767558359,2026-01-04T20:25:59.000Z,false,"{""id"":""6870995222446408710"",""name"":""sanctuarywrld"",""profileUrl"":""https://www.tiktok.com/@sanctuarywrld"",""nickName"":""Sanctuary"",""verified"":false,""signature"":""▼ Your daily guide to the universe ▼\nDownload the app iOS and Android!"",""bioLink"":""https://social.sanctuaryworld.co/tiktok-linkinbio-birthchart"",""avatar"":""https://p16-common-sign.tiktokcdn-us.com/tos-useast5-avt-0068-tx/7347087487909429291~tplv-tiktokx-cropcenter:720:720.jpeg?dr=9640&refresh_token=e654da7f&x-expires=1774407600&x-signature=%2FF6Fr6Rw4orlgXoAh7JGjK94izM%3D&t=4d5b0474&ps=13740610&shp=a5d48078&shcp=81f88b70&idc=useast8"",""commerceUserInfo"":{""commerceUser"":true,""category"":""Software & Apps"",""categoryButton"":false},""privateAccount"":false,""roomId"":"""",""ttSeller"":false,""createTime"":1599778397,""following"":583,""friends"":53,""fans"":45200,""heart"":1100000,""video"":966,""digg"":0,""originalAvatarUrl"":""https://p16-common-sign.tiktokcdn-us.com/tos-useast5-avt-0068-tx/7347087487909429291~tplv-tiktokx-cropcenter:720:720.jpeg?dr=9640&refresh_token=e654da7f&x-expires=1774407600&x-signature=%2FF6Fr6Rw4orlgXoAh7JGjK94izM%3D&t=4d5b0474&ps=13740610&shp=a5d48078&shcp=81f88b70&idc=useast8""}","{""musicName"":""shine on"",""musicAuthor"":""choppy.wav"",""musicOriginal"":false,""musicAlbum"":""shine on"",""playUrl"":""https://sf16.tiktokcdn-us.com/obj/tos-alisg-ve-2774/o4amgFgAgfFX8QTbFAzoCo8VUaMfDCWwa7RQeC"",""coverMediumUrl"":""https://p16-common.tiktokcdn-us.com/tos-alisg-v-2774/oMzfETFvAzQ7Q6wQBADCEsUhZHogmBBtAJEof6~tplv-tiktokx-cropcenter:200:200.jpeg?dr=9584&t=4d5b0474&ps=933b5bde&shp=08d74b56&shcp=81f88b70&idc=useast5"",""musicId"":""7516666673882974209"",""originalCoverMediumUrl"":""https://p16-common.tiktokcdn-us.com/tos-alisg-v-2774/oMzfETFvAzQ7Q6wQBADCEsUhZHogmBBtAJEof6~tplv-tiktokx-cropcenter:200:200.jpeg?dr=9584&t=4d5b0474&ps=933b5bde&shp=08d74b56&shcp=81f88b70&idc=useast5""}",https://www.tiktok.com/@sanctuarywrld/video/7591605264155954463,"{""height"":0,""width"":0,""duration"":0,""coverUrl"":""https://p19-common-sign.tiktokcdn-us.com/tos-useast8-i-photomode-tx2/705ac95d8096448c9fa3896d8e302677~tplv-photomode-image.jpeg?dr=9616&x-expires=1774407600&x-signature=lh%2BMo5fqi0uah6uxEjY%2BqcejVtI%3D&t=4d5b0474&ps=13740610&shp=81f88b70&shcp=9b759fb9&idc=useast5&ftpl=1"",""transcriptionLink"":null,""originalCoverUrl"":""https://p19-common-sign.tiktokcdn-us.com/tos-useast8-i-photomode-tx2/705ac95d8096448c9fa3896d8e302677~tplv-photomode-image.jpeg?dr=9616&x-expires=1774407600&x-signature=lh%2BMo5fqi0uah6uxEjY%2BqcejVtI%3D&t=4d5b0474&ps=13740610&shp=81f88b70&shcp=9b759fb9&idc=useast5&ftpl=1""}",152,8,1522,12,1,0,[],[],"[{""name"":""color""},{""name"":""2026""},{""name"":""zodiacsigns""},{""name"":""astrology""},{""name"":""astrologytiktok""}]","[{""ID"":""242883878"",""name"":""Flawless Skin"",""stickerStats"":{""useCount"":0}},{""ID"":""1501446"",""name"":""Green Eyes for Brown Eyes"",""stickerStats"":{""useCount"":0}}]",true,"[{""tiktokLink"":""https://p16-common-sign.tiktokcdn-us.com/tos-useast8-i-photomode-tx2/705ac95d8096448c9fa3896d8e302677~tplv-photomode-image.jpeg?dr=9616&x-expires=1774407600&x-signature=1tdS6y7I0miuWU0MoNUjLR3Oz0E%3D&t=4d5b0474&ps=13740610&shp=81f88b70&shcp=9b759fb9&idc=useast5&ftpl=1"",""downloadLink"":""https://p16-common-sign.tiktokcdn-us.com/tos-useast8-i-photomode-tx2/705ac95d8096448c9fa3896d8e302677~tplv-photomode-image.jpeg?dr=9616&x-expires=1774407600&x-signature=1tdS6y7I0miuWU0MoNUjLR3Oz0E%3D&t=4d5b0474&ps=13740610&shp=81f88b70&shcp=9b759fb9&idc=useast5&ftpl=1""},{""tiktokLink"":""https://p16-common-sign.tiktokcdn-us.com/tos-useast8-i-photomode-tx2/b8c93b8c7298429ca0fba87b8ff5db6a~tplv-photomode-image.jpeg?dr=9616&x-expires=1774407600&x-signature=ePUhn2%2FifKSk2rXD9SRO3B6xnbo%3D&t=4d5b0474&ps=13740610&shp=81f88b70&shcp=9b759fb9&idc=useast5&ftpl=1"",""downloadLink"":""https://p16-common-sign.tiktokcdn-us.com/tos-useast8-i-photomode-tx2/b8c93b8c7298429ca0fba87b8ff5db6a~tplv-photomode-image.jpeg?dr=9616&x-expires=1774407600&x-signature=ePUhn2%2FifKSk2rXD9SRO3B6xnbo%3D&t=4d5b0474&ps=13740610&shp=81f88b70&shcp=9b759fb9&idc=useast5&ftpl=1""},{""tiktokLink"":""https://p16-common-sign.tiktokcdn-us.com/tos-useast8-i-photomode-tx2/3b8544098eae419d998d92e8d53415cf~tplv-photomode-image.jpeg?dr=9616&x-expires=1774407600&x-signature=P2%2FUMQuL0JIwdOVVam7boc7WXDc%3D&t=4d5b0474&ps=13740610&shp=81f88b70&shcp=9b759fb9&idc=useast5&ftpl=1"",""downloadLink"":""https://p16-common-sign.tiktokcdn-us.com/tos-useast8-i-photomode-tx2/3b8544098eae419d998d92e8d53415cf~tplv-photomode-image.jpeg?dr=9616&x-expires=1774407600&x-signature=P2%2FUMQuL0JIwdOVVam7boc7WXDc%3D&t=4d5b0474&ps=13740610&shp=81f88b70&shcp=9b759fb9&idc=useast5&ftpl=1""},{""tiktokLink"":""https://p16-common-sign.tiktokcdn-us.com/tos-useast8-i-photomode-tx2/617a71e1d41641aeae3ecf9daf965a70~tplv-photomode-image.jpeg?dr=9616&x-expires=1774407600&x-signature=Xp1tNEiTN026cMmQYTMJdRcBO%2B0%3D&t=4d5b0474&ps=13740610&shp=81f88b70&shcp=9b759fb9&idc=useast5&ftpl=1"",""downloadLink"":""https://p16-common-sign.tiktokcdn-us.com/tos-useast8-i-photomode-tx2/617a71e1d41641aeae3ecf9daf965a70~tplv-photomode-image.jpeg?dr=9616&x-expires=1774407600&x-signature=Xp1tNEiTN026cMmQYTMJdRcBO%2B0%3D&t=4d5b0474&ps=13740610&shp=81f88b70&shcp=9b759fb9&idc=useast5&ftpl=1""},{""tiktokLink"":""https://p19-common-sign.tiktokcdn-us.com/tos-useast8-i-photomode-tx2/fc64e9878bfe4f8098b99939e42e7997~tplv-photomode-image.jpeg?dr=9616&x-expires=1774407600&x-signature=1UAaa8dfOba5ghI%2BifO1U75IcU8%3D&t=4d5b0474&ps=13740610&shp=81f88b70&shcp=9b759fb9&idc=useast5&ftpl=1"",""downloadLink"":""https://p19-common-sign.tiktokcdn-us.com/tos-useast8-i-photomode-tx2/fc64e9878bfe4f8098b99939e42e7997~tplv-photomode-image.jpeg?dr=9616&x-expires=1774407600&x-signature=1UAaa8dfOba5ghI%2BifO1U75IcU8%3D&t=4d5b0474&ps=13740610&shp=81f88b70&shcp=9b759fb9&idc=useast5&ftpl=1""},{""tiktokLink"":""https://p19-common-sign.tiktokcdn-us.com/tos-useast8-i-photomode-tx2/c887fc77bf364e4c96cb1c4680b91e7f~tplv-photomode-image.jpeg?dr=9616&x-expires=1774407600&x-signature=6R%2Fqf6LxTUJWg84CJodLF%2Fuj1VA%3D&t=4d5b0474&ps=13740610&shp=81f88b70&shcp=9b759fb9&idc=useast5&ftpl=1"",""downloadLink"":""https://p19-common-sign.tiktokcdn-us.com/tos-useast8-i-photomode-tx2/c887fc77bf364e4c96cb1c4680b91e7f~tplv-photomode-image.jpeg?dr=9616&x-expires=1774407600&x-signature=6R%2Fqf6LxTUJWg84CJodLF%2Fuj1VA%3D&t=4d5b0474&ps=13740610&shp=81f88b70&shcp=9b759fb9&idc=useast5&ftpl=1""},{""tiktokLink"":""https://p19-common-sign.tiktokcdn-us.com/tos-useast8-i-photomode-tx2/5bc0175ba07c400ab30c3f90a97fda1d~tplv-photomode-image.jpeg?dr=9616&x-expires=1774407600&x-signature=VLAgTSge%2FXfSW880d%2F2WzJjskss%3D&t=4d5b0474&ps=13740610&shp=81f88b70&shcp=9b759fb9&idc=useast5&ftpl=1"",""downloadLink"":""https://p19-common-sign.tiktokcdn-us.com/tos-useast8-i-photomode-tx2/5bc0175ba07c400ab30c3f90a97fda1d~tplv-photomode-image.jpeg?dr=9616&x-expires=1774407600&x-signature=VLAgTSge%2FXfSW880d%2F2WzJjskss%3D&t=4d5b0474&ps=13740610&shp=81f88b70&shcp=9b759fb9&idc=useast5&ftpl=1""},{""tiktokLink"":""https://p16-common-sign.tiktokcdn-us.com/tos-useast8-i-photomode-tx2/3f6b041d4f2c48bab578ce7d67dfcff3~tplv-photomode-image.jpeg?dr=9616&x-expires=1774407600&x-signature=iQXF09M5LGT8MHFqYoTb7mPIzGQ%3D&t=4d5b0474&ps=13740610&shp=81f88b70&shcp=9b759fb9&idc=useast5&ftpl=1"",""downloadLink"":""https://p16-common-sign.tiktokcdn-us.com/tos-useast8-i-photomode-tx2/3f6b041d4f2c48bab578ce7d67dfcff3~tplv-photomode-image.jpeg?dr=9616&x-expires=1774407600&x-signature=iQXF09M5LGT8MHFqYoTb7mPIzGQ%3D&t=4d5b0474&ps=13740610&shp=81f88b70&shcp=9b759fb9&idc=useast5&ftpl=1""},{""tiktokLink"":""https://p16-common-sign.tiktokcdn-us.com/tos-useast8-i-photomode-tx2/173c053e40134672949ba04e4fcab4c2~tplv-photomode-image.jpeg?dr=9616&x-expires=1774407600&x-signature=qUxJ33%2B8KJ3oXop0OGkw%2FQrBTTk%3D&t=4d5b0474&ps=13740610&shp=81f88b70&shcp=9b759fb9&idc=useast5&ftpl=1"",""downloadLink"":""https://p16-common-sign.tiktokcdn-us.com/tos-useast8-i-photomode-tx2/173c053e40134672949ba04e4fcab4c2~tplv-photomode-image.jpeg?dr=9616&x-expires=1774407600&x-signature=qUxJ33%2B8KJ3oXop0OGkw%2FQrBTTk%3D&t=4d5b0474&ps=13740610&shp=81f88b70&shcp=9b759fb9&idc=useast5&ftpl=1""},{""tiktokLink"":""https://p16-common-sign.tiktokcdn-us.com/tos-useast8-i-photomode-tx2/8298cee1702a4b2ea2fc28f6f5371f0e~tplv-photomode-image.jpeg?dr=9616&x-expires=1774407600&x-signature=0XZiYhHylGn8XdWUZuFV5eA%2F9FY%3D&t=4d5b0474&ps=13740610&shp=81f88b70&shcp=9b759fb9&idc=useast5&ftpl=1"",""downloadLink"":""https://p16-common-sign.tiktokcdn-us.com/tos-useast8-i-photomode-tx2/8298cee1702a4b2ea2fc28f6f5371f0e~tplv-photomode-image.jpeg?dr=9616&x-expires=1774407600&x-signature=0XZiYhHylGn8XdWUZuFV5eA%2F9FY%3D&t=4d5b0474&ps=13740610&shp=81f88b70&shcp=9b759fb9&idc=useast5&ftpl=1""},{""tiktokLink"":""https://p19-common-sign.tiktokcdn-us.com/tos-useast8-i-photomode-tx2/ba13e62e2deb41a98a5241b69f295281~tplv-photomode-image.jpeg?dr=9616&x-expires=1774407600&x-signature=XBGguoxZWN2APgHR%2FWoKMj165LI%3D&t=4d5b0474&ps=13740610&shp=81f88b70&shcp=9b759fb9&idc=useast5&ftpl=1"",""downloadLink"":""https://p19-common-sign.tiktokcdn-us.com/tos-useast8-i-photomode-tx2/ba13e62e2deb41a98a5241b69f295281~tplv-photomode-image.jpeg?dr=9616&x-expires=1774407600&x-signature=XBGguoxZWN2APgHR%2FWoKMj165LI%3D&t=4d5b0474&ps=13740610&shp=81f88b70&shcp=9b759fb9&idc=useast5&ftpl=1""},{""tiktokLink"":""https://p19-common-sign.tiktokcdn-us.com/tos-useast8-i-photomode-tx2/4dfe26bfd289409fb0510dd0d812927e~tplv-photomode-image.jpeg?dr=9616&x-expires=1774407600&x-signature=XaZyzhZQwQCtThPf4gRGgiC8XV4%3D&t=4d5b0474&ps=13740610&shp=81f88b70&shcp=9b759fb9&idc=useast5&ftpl=1"",""downloadLink"":""https://p19-common-sign.tiktokcdn-us.com/tos-useast8-i-photomode-tx2/4dfe26bfd289409fb0510dd0d812927e~tplv-photomode-image.jpeg?dr=9616&x-expires=1774407600&x-signature=XaZyzhZQwQCtThPf4gRGgiC8XV4%3D&t=4d5b0474&ps=13740610&shp=81f88b70&shcp=9b759fb9&idc=useast5&ftpl=1""}]",false,false,[],sanctuarywrld,videos,
7591356659612585247,"Full moon in Cancer is our first full moon of 2026 🌕✨ It sets the tone for clarity, closure, and soft new beginnings. 

Looking for more about this transit?
Click the link in bio to explore the Sanct...",en,1767500477,2026-01-04T04:21:17.000Z,false,"{""id"":""6870995222446408710"",""name"":""sanctuarywrld"",""profileUrl"":""https://www.tiktok.com/@sanctuarywrld"",""nickName"":""Sanctuary"",""verified"":false,""signature"":""▼ Your daily guide to the universe ▼\nDownload the app iOS and Android!"",""bioLink"":""https://social.sanctuaryworld.co/tiktok-linkinbio-birthchart"",""avatar"":""https://p16-common-sign.tiktokcdn-us.com/tos-useast5-avt-0068-tx/7347087487909429291~tplv-tiktokx-cropcenter:720:720.jpeg?dr=9640&refresh_token=e654da7f&x-expires=1774407600&x-signature=%2FF6Fr6Rw4orlgXoAh7JGjK94izM%3D&t=4d5b0474&ps=13740610&shp=a5d48078&shcp=81f88b70&idc=useast8"",""commerceUserInfo"":{""commerceUser"":true,""category"":""Software & Apps"",""categoryButton"":false},""privateAccount"":false,""roomId"":"""",""ttSeller"":false,""createTime"":1599778397,""following"":583,""friends"":53,""fans"":45200,""heart"":1100000,""video"":966,""digg"":0,""originalAvatarUrl"":""https://p16-common-sign.tiktokcdn-us.com/tos-useast5-avt-0068-tx/7347087487909429291~tplv-tiktokx-cropcenter:720:720.jpeg?dr=9640&refresh_token=e654da7f&x-expires=1774407600&x-signature=%2FF6Fr6Rw4orlgXoAh7JGjK94izM%3D&t=4d5b0474&ps=13740610&shp=a5d48078&shcp=81f88b70&idc=useast8""}","{""musicName"":""Twinkling Lights"",""musicAuthor"":""Auni"",""musicOriginal"":false,""musicAlbum"":""Twinkling Lights"",""playUrl"":""https://sf16.tiktokcdn-us.com/obj/tos-alisg-ve-2774/oYgL4dQDoBMog61FErCDJCQltByUf15giZYufr"",""coverMediumUrl"":""https://p16-common.tiktokcdn-us.com/tos-alisg-v-2774/oMA3AeedGDBOLAQaHCIbmeIkQCgIBUEAgbzt5F~tplv-tiktokx-cropcenter:200:200.jpeg?dr=9584&t=4d5b0474&ps=933b5bde&shp=08d74b56&shcp=81f88b70&idc=useast5"",""musicId"":""6768787477135099906"",""originalCoverMediumUrl"":""https://p16-common.tiktokcdn-us.com/tos-alisg-v-2774/oMA3AeedGDBOLAQaHCIbmeIkQCgIBUEAgbzt5F~tplv-tiktokx-cropcenter:200:200.jpeg?dr=9584&t=4d5b0474&ps=933b5bde&shp=08d74b56&shcp=81f88b70&idc=useast5""}",https://www.tiktok.com/@sanctuarywrld/video/7591356659612585247,"{""height"":0,""width"":0,""duration"":0,""coverUrl"":""https://p16-common-sign.tiktokcdn-us.com/tos-useast8-i-photomode-tx2/0c46919dc08b4e07882b2ec40dffaf48~tplv-photomode-image.jpeg?dr=9616&x-expires=1774407600&x-signature=6dA9QxDJxztwM2MlGZ0SG97zm3Q%3D&t=4d5b0474&ps=13740610&shp=81f88b70&shcp=9b759fb9&idc=useast5&ftpl=1"",""transcriptionLink"":null,""originalCoverUrl"":""https://p16-common-sign.tiktokcdn-us.com/tos-useast8-i-photomode-tx2/0c46919dc08b4e07882b2ec40dffaf48~tplv-photomode-image.jpeg?dr=9616&x-expires=1774407600&x-signature=6dA9QxDJxztwM2MlGZ0SG97zm3Q%3D&t=4d5b0474&ps=13740610&shp=81f88b70&shcp=9b759fb9&idc=useast5&ftpl=1""}",23,0,1087,5,0,0,[],[],"[{""name"":""fullmoon""},{""name"":""january""},{""name"":""zodiacsigns""},{""name"":""astrology""},{""name"":""moon""}]","[{""ID"":""242883878"",""name"":""Flawless Skin"",""stickerStats"":{""useCount"":0}},{""ID"":""1501446"",""name"":""Green Eyes for Brown Eyes"",""stickerStats"":{""useCount"":0}}]",true,"[{""tiktokLink"":""https://p16-common-sign.tiktokcdn-us.com/tos-useast8-i-photomode-tx2/0c46919dc08b4e07882b2ec40dffaf48~tplv-photomode-image.jpeg?dr=9616&x-expires=1774407600&x-signature=6dA9QxDJxztwM2MlGZ0SG97zm3Q%3D&t=4d5b0474&ps=13740610&shp=81f88b70&shcp=9b759fb9&idc=useast5&ftpl=1"",""downloadLink"":""https://p16-common-sign.tiktokcdn-us.com/tos-useast8-i-photomode-tx2/0c46919dc08b4e07882b2ec40dffaf48~tplv-photomode-image.jpeg?dr=9616&x-expires=1774407600&x-signature=6dA9QxDJxztwM2MlGZ0SG97zm3Q%3D&t=4d5b0474&ps=13740610&shp=81f88b70&shcp=9b759fb9&idc=useast5&ftpl=1""},{""tiktokLink"":""https://p16-common-sign.tiktokcdn-us.com/tos-useast8-i-photomode-tx2/81523263603f4da0b33b1b20da0d8b39~tplv-photomode-image.jpeg?dr=9616&x-expires=1774407600&x-signature=tj%2BPHXESyGeysghZxBlBynLO4BY%3D&t=4d5b0474&ps=13740610&shp=81f88b70&shcp=9b759fb9&idc=useast5&ftpl=1"",""downloadLink"":""https://p16-common-sign.tiktokcdn-us.com/tos-useast8-i-photomode-tx2/81523263603f4da0b33b1b20da0d8b39~tplv-photomode-image.jpeg?dr=9616&x-expires=1774407600&x-signature=tj%2BPHXESyGeysghZxBlBynLO4BY%3D&t=4d5b0474&ps=13740610&shp=81f88b70&shcp=9b759fb9&idc=useast5&ftpl=1""},{""tiktokLink"":""https://p16-common-sign.tiktokcdn-us.com/tos-useast8-i-photomode-tx2/9bde02805a1a4dd0a683d518656d7544~tplv-photomode-image.jpeg?dr=9616&x-expires=1774407600&x-signature=JH3kPVRYqyx%2Fy37vgr16wBxTjOk%3D&t=4d5b0474&ps=13740610&shp=81f88b70&shcp=9b759fb9&idc=useast5&ftpl=1"",""downloadLink"":""https://p16-common-sign.tiktokcdn-us.com/tos-useast8-i-photomode-tx2/9bde02805a1a4dd0a683d518656d7544~tplv-photomode-image.jpeg?dr=9616&x-expires=1774407600&x-signature=JH3kPVRYqyx%2Fy37vgr16wBxTjOk%3D&t=4d5b0474&ps=13740610&shp=81f88b70&shcp=9b759fb9&idc=useast5&ftpl=1""},{""tiktokLink"":""https://p16-common-sign.tiktokcdn-us.com/tos-useast8-i-photomode-tx2/856ec6acc67741c697c3a2cf27fcd8b7~tplv-photomode-image.jpeg?dr=9616&x-expires=1774407600&x-signature=bgv2Yp%2BW54LdNjovFvqk%2F5yabGc%3D&t=4d5b0474&ps=13740610&shp=81f88b70&shcp=9b759fb9&idc=useast5&ftpl=1"",""downloadLink"":""https://p16-common-sign.tiktokcdn-us.com/tos-useast8-i-photomode-tx2/856ec6acc67741c697c3a2cf27fcd8b7~tplv-photomode-image.jpeg?dr=9616&x-expires=1774407600&x-signature=bgv2Yp%2BW54LdNjovFvqk%2F5yabGc%3D&t=4d5b0474&ps=13740610&shp=81f88b70&shcp=9b759fb9&idc=useast5&ftpl=1""}]",false,false,[],sanctuarywrld,videos,
7591339686539332894,"Happy New Year! ✨ This month kicks off 2026 with a cycle of reflection, intention, innovation, and communication. Comment HOROSCOPE to get the full story for January in our app. Here’s a sneak peek of...",en,1767496521,2026-01-04T03:15:21.000Z,false,"{""id"":""6870995222446408710"",""name"":""sanctuarywrld"",""profileUrl"":""https://www.tiktok.com/@sanctuarywrld"",""nickName"":""Sanctuary"",""verified"":false,""signature"":""▼ Your daily guide to the universe ▼\nDownload the app iOS and Android!"",""bioLink"":""https://social.sanctuaryworld.co/tiktok-linkinbio-birthchart"",""avatar"":""https://p16-common-sign.tiktokcdn-us.com/tos-useast5-avt-0068-tx/7347087487909429291~tplv-tiktokx-cropcenter:720:720.jpeg?dr=9640&refresh_token=e654da7f&x-expires=1774407600&x-signature=%2FF6Fr6Rw4orlgXoAh7JGjK94izM%3D&t=4d5b0474&ps=13740610&shp=a5d48078&shcp=81f88b70&idc=useast8"",""commerceUserInfo"":{""commerceUser"":true,""category"":""Software & Apps"",""categoryButton"":false},""privateAccount"":false,""roomId"":"""",""ttSeller"":false,""createTime"":1599778397,""following"":583,""friends"":53,""fans"":45200,""heart"":1100000,""video"":966,""digg"":0,""originalAvatarUrl"":""https://p16-common-sign.tiktokcdn-us.com/tos-useast5-avt-0068-tx/7347087487909429291~tplv-tiktokx-cropcenter:720:720.jpeg?dr=9640&refresh_token=e654da7f&x-expires=1774407600&x-signature=%2FF6Fr6Rw4orlgXoAh7JGjK94izM%3D&t=4d5b0474&ps=13740610&shp=a5d48078&shcp=81f88b70&idc=useast8""}","{""musicName"":""snowfall"",""musicAuthor"":""Øneheart & reidenshi"",""musicOriginal"":false,""musicAlbum"":""snowfall"",""playUrl"":""https://sf16.tiktokcdn-us.com/obj/tos-alisg-ve-2774/osIlcoxtOBD1ZgZb3nMCGiiBtOB9JnOLTfGf4Q"",""coverMediumUrl"":""https://p16-common.tiktokcdn-us.com/tos-alisg-v-2774/o8QHFCAAPButA1WyABiasWGAiAQsrzPUErDEY~tplv-tiktokx-cropcenter:200:200.jpeg?dr=9584&t=4d5b0474&ps=933b5bde&shp=08d74b56&shcp=81f88b70&idc=useast5"",""musicId"":""7043672073613936641"",""originalCoverMediumUrl"":""https://p16-common.tiktokcdn-us.com/tos-alisg-v-2774/o8QHFCAAPButA1WyABiasWGAiAQsrzPUErDEY~tplv-tiktokx-cropcenter:200:200.jpeg?dr=9584&t=4d5b0474&ps=933b5bde&shp=08d74b56&shcp=81f88b70&idc=useast5""}",https://www.tiktok.com/@sanctuarywrld/video/7591339686539332894,"{""height"":0,""width"":0,""duration"":0,""coverUrl"":""https://p19-common-sign.tiktokcdn-us.com/tos-useast8-i-photomode-tx2/97750f22357540a0aafa3e558640aaa8~tplv-photomode-image.jpeg?dr=9616&x-expires=1774407600&x-signature=f22%2FknpL5PdHXNIz9zJQ%2B4GflI8%3D&t=4d5b0474&ps=13740610&shp=81f88b70&shcp=9b759fb9&idc=useast5&ftpl=1"",""transcriptionLink"":null,""originalCoverUrl"":""https://p19-common-sign.tiktokcdn-us.com/tos-useast8-i-photomode-tx2/97750f22357540a0aafa3e558640aaa8~tplv-photomode-image.jpeg?dr=9616&x-expires=1774407600&x-signature=f22%2FknpL5PdHXNIz9zJQ%2B4GflI8%3D&t=4d5b0474&ps=13740610&shp=81f88b70&shcp=9b759fb9&idc=useast5&ftpl=1""}",58,1,1140,5,1,0,[],[],"[{""name"":""january""},{""name"":""newyear""},{""name"":""2026""},{""name"":""horoscope""},{""name"":""astrology""}]","[{""ID"":""242883878"",""name"":""Flawless Skin"",""stickerStats"":{""useCount"":0}},{""ID"":""1501446"",""name"":""Green Eyes for Brown Eyes"",""stickerStats"":{""useCount"":0}}]",true,"[{""tiktokLink"":""https://p16-common-sign.tiktokcdn-us.com/tos-useast8-i-photomode-tx2/97750f22357540a0aafa3e558640aaa8~tplv-photomode-image.jpeg?dr=9616&x-expires=1774407600&x-signature=0hJOtcMKAXV1VolrN%2FRdXaudBNA%3D&t=4d5b0474&ps=13740610&shp=81f88b70&shcp=9b759fb9&idc=useast5&ftpl=1"",""downloadLink"":""https://p16-common-sign.tiktokcdn-us.com/tos-useast8-i-photomode-tx2/97750f22357540a0aafa3e558640aaa8~tplv-photomode-image.jpeg?dr=9616&x-expires=1774407600&x-signature=0hJOtcMKAXV1VolrN%2FRdXaudBNA%3D&t=4d5b0474&ps=13740610&shp=81f88b70&shcp=9b759fb9&idc=useast5&ftpl=1""},{""tiktokLink"":""https://p16-common-sign.tiktokcdn-us.com/tos-useast8-i-photomode-tx2/e8d73299f3834c4e9a315cc2dea7a468~tplv-photomode-image.jpeg?dr=9616&x-expires=1774407600&x-signature=tC5gVeldXIPsNuDiYUMKjLW2Wdc%3D&t=4d5b0474&ps=13740610&shp=81f88b70&shcp=9b759fb9&idc=useast5&ftpl=1"",""downloadLink"":""https://p16-common-sign.tiktokcdn-us.com/tos-useast8-i-photomode-tx2/e8d73299f3834c4e9a315cc2dea7a468~tplv-photomode-image.jpeg?dr=9616&x-expires=1774407600&x-signature=tC5gVeldXIPsNuDiYUMKjLW2Wdc%3D&t=4d5b0474&ps=13740610&shp=81f88b70&shcp=9b759fb9&idc=useast5&ftpl=1""},{""tiktokLink"":""https://p16-common-sign.tiktokcdn-us.com/tos-useast8-i-photomode-tx2/5c294b5732814054a9d129b202104226~tplv-photomode-image.jpeg?dr=9616&x-expires=1774407600&x-signature=ImHm2d1sOfRaiOdkjkwVJ%2BWwCH0%3D&t=4d5b0474&ps=13740610&shp=81f88b70&shcp=9b759fb9&idc=useast5&ftpl=1"",""downloadLink"":""https://p16-common-sign.tiktokcdn-us.com/tos-useast8-i-photomode-tx2/5c294b5732814054a9d129b202104226~tplv-photomode-image.jpeg?dr=9616&x-expires=1774407600&x-signature=ImHm2d1sOfRaiOdkjkwVJ%2BWwCH0%3D&t=4d5b0474&ps=13740610&shp=81f88b70&shcp=9b759fb9&idc=useast5&ftpl=1""},{""tiktokLink"":""https://p16-common-sign.tiktokcdn-us.com/tos-useast8-i-photomode-tx2/fd345e6957834411bef782da792d43e5~tplv-photomode-image.jpeg?dr=9616&x-expires=1774407600&x-signature=Gh%2Ft0RAPjIOg9XnF%2BFKd%2Bl9BXOQ%3D&t=4d5b0474&ps=13740610&shp=81f88b70&shcp=9b759fb9&idc=useast5&ftpl=1"",""downloadLink"":""https://p16-common-sign.tiktokcdn-us.com/tos-useast8-i-photomode-tx2/fd345e6957834411bef782da792d43e5~tplv-photomode-image.jpeg?dr=9616&x-expires=1774407600&x-signature=Gh%2Ft0RAPjIOg9XnF%2BFKd%2Bl9BXOQ%3D&t=4d5b0474&ps=13740610&shp=81f88b70&shcp=9b759fb9&idc=useast5&ftpl=1""},{""tiktokLink"":""https://p16-common-sign.tiktokcdn-us.com/tos-useast8-i-photomode-tx2/a4fb83c9ee414caba014a91c5eadd799~tplv-photomode-image.jpeg?dr=9616&x-expires=1774407600&x-signature=ik5vlHqVKQpauLYvIr%2FZKJxL2k4%3D&t=4d5b0474&ps=13740610&shp=81f88b70&shcp=9b759fb9&idc=useast5&ftpl=1"",""downloadLink"":""https://p16-common-sign.tiktokcdn-us.com/tos-useast8-i-photomode-tx2/a4fb83c9ee414caba014a91c5eadd799~tplv-photomode-image.jpeg?dr=9616&x-expires=1774407600&x-signature=ik5vlHqVKQpauLYvIr%2FZKJxL2k4%3D&t=4d5b0474&ps=13740610&shp=81f88b70&shcp=9b759fb9&idc=useast5&ftpl=1""},{""tiktokLink"":""https://p19-common-sign.tiktokcdn-us.com/tos-useast8-i-photomode-tx2/cd7b7ce2151a4d20bca8304fa7f216fd~tplv-photomode-image.jpeg?dr=9616&x-expires=1774407600&x-signature=wmecriisL%2FAnWIRSSmJef7GWwSM%3D&t=4d5b0474&ps=13740610&shp=81f88b70&shcp=9b759fb9&idc=useast5&ftpl=1"",""downloadLink"":""https://p19-common-sign.tiktokcdn-us.com/tos-useast8-i-photomode-tx2/cd7b7ce2151a4d20bca8304fa7f216fd~tplv-photomode-image.jpeg?dr=9616&x-expires=1774407600&x-signature=wmecriisL%2FAnWIRSSmJef7GWwSM%3D&t=4d5b0474&ps=13740610&shp=81f88b70&shcp=9b759fb9&idc=useast5&ftpl=1""},{""tiktokLink"":""https://p19-common-sign.tiktokcdn-us.com/tos-useast8-i-photomode-tx2/a94a309706894a6982887f90f11f9548~tplv-photomode-image.jpeg?dr=9616&x-expires=1774407600&x-signature=siPymmRVy9GHT9UFmtkjlwS4ZnE%3D&t=4d5b0474&ps=13740610&shp=81f88b70&shcp=9b759fb9&idc=useast5&ftpl=1"",""downloadLink"":""https://p19-common-sign.tiktokcdn-us.com/tos-useast8-i-photomode-tx2/a94a309706894a6982887f90f11f9548~tplv-photomode-image.jpeg?dr=9616&x-expires=1774407600&x-signature=siPymmRVy9GHT9UFmtkjlwS4ZnE%3D&t=4d5b0474&ps=13740610&shp=81f88b70&shcp=9b759fb9&idc=useast5&ftpl=1""},{""tiktokLink"":""https://p16-common-sign.tiktokcdn-us.com/tos-useast8-i-photomode-tx2/0bc9cbd76b0845368cee4b5744c031b0~tplv-photomode-image.jpeg?dr=9616&x-expires=1774407600&x-signature=G33s2Mss8smr06SfhCDbdnGJgx8%3D&t=4d5b0474&ps=13740610&shp=81f88b70&shcp=9b759fb9&idc=useast5&ftpl=1"",""downloadLink"":""https://p16-common-sign.tiktokcdn-us.com/tos-useast8-i-photomode-tx2/0bc9cbd76b0845368cee4b5744c031b0~tplv-photomode-image.jpeg?dr=9616&x-expires=1774407600&x-signature=G33s2Mss8smr06SfhCDbdnGJgx8%3D&t=4d5b0474&ps=13740610&shp=81f88b70&shcp=9b759fb9&idc=useast5&ftpl=1""},{""tiktokLink"":""https://p16-common-sign.tiktokcdn-us.com/tos-useast8-i-photomode-tx2/3382327391a94d2faefbed29d20eab74~tplv-photomode-image.jpeg?dr=9616&x-expires=1774407600&x-signature=xunDCyIL97DaN%2F1rbE6lBVAyktY%3D&t=4d5b0474&ps=13740610&shp=81f88b70&shcp=9b759fb9&idc=useast5&ftpl=1"",""downloadLink"":""https://p16-common-sign.tiktokcdn-us.com/tos-useast8-i-photomode-tx2/3382327391a94d2faefbed29d20eab74~tplv-photomode-image.jpeg?dr=9616&x-expires=1774407600&x-signature=xunDCyIL97DaN%2F1rbE6lBVAyktY%3D&t=4d5b0474&ps=13740610&shp=81f88b70&shcp=9b759fb9&idc=useast5&ftpl=1""},{""tiktokLink"":""https://p16-common-sign.tiktokcdn-us.com/tos-useast8-i-photomode-tx2/b13f2b9402af4db58c1c3201014201a6~tplv-photomode-image.jpeg?dr=9616&x-expires=1774407600&x-signature=MYoQZP2HYGGa5qRwGgpdEyMDxmM%3D&t=4d5b0474&ps=13740610&shp=81f88b70&shcp=9b759fb9&idc=useast5&ftpl=1"",""downloadLink"":""https://p16-common-sign.tiktokcdn-us.com/tos-useast8-i-photomode-tx2/b13f2b9402af4db58c1c3201014201a6~tplv-photomode-image.jpeg?dr=9616&x-expires=1774407600&x-signature=MYoQZP2HYGGa5qRwGgpdEyMDxmM%3D&t=4d5b0474&ps=13740610&shp=81f88b70&shcp=9b759fb9&idc=useast5&ftpl=1""},{""tiktokLink"":""https://p19-common-sign.tiktokcdn-us.com/tos-useast8-i-photomode-tx2/14464c6ec24d4ba581eeae6f37eb04fb~tplv-photomode-image.jpeg?dr=9616&x-expires=1774407600&x-signature=obDnQOGIwhGHmdmHXEqExFQd%2B4Y%3D&t=4d5b0474&ps=13740610&shp=81f88b70&shcp=9b759fb9&idc=useast5&ftpl=1"",""downloadLink"":""https://p19-common-sign.tiktokcdn-us.com/tos-useast8-i-photomode-tx2/14464c6ec24d4ba581eeae6f37eb04fb~tplv-photomode-image.jpeg?dr=9616&x-expires=1774407600&x-signature=obDnQOGIwhGHmdmHXEqExFQd%2B4Y%3D&t=4d5b0474&ps=13740610&shp=81f88b70&shcp=9b759fb9&idc=useast5&ftpl=1""},{""tiktokLink"":""https://p19-common-sign.tiktokcdn-us.com/tos-useast8-i-photomode-tx2/8578d6ec025043cd91304c68061cf6ac~tplv-photomode-image.jpeg?dr=9616&x-expires=1774407600&x-signature=nNp81cWWX%2Fq%2FUgZ3prmMCChIL8I%3D&t=4d5b0474&ps=13740610&shp=81f88b70&shcp=9b759fb9&idc=useast5&ftpl=1"",""downloadLink"":""https://p19-common-sign.tiktokcdn-us.com/tos-useast8-i-photomode-tx2/8578d6ec025043cd91304c68061cf6ac~tplv-photomode-image.jpeg?dr=9616&x-expires=1774407600&x-signature=nNp81cWWX%2Fq%2FUgZ3prmMCChIL8I%3D&t=4d5b0474&ps=13740610&shp=81f88b70&shcp=9b759fb9&idc=useast5&ftpl=1""},{""tiktokLink"":""https://p16-common-sign.tiktokcdn-us.com/tos-useast8-i-photomode-tx2/69a206196dbd464b8a5c3a1e600ea7d5~tplv-photomode-image.jpeg?dr=9616&x-expires=1774407600&x-signature=oIvlfE6QVe%2BChhD%2FBvXoFsdW%2BzE%3D&t=4d5b0474&ps=13740610&shp=81f88b70&shcp=9b759fb9&idc=useast5&ftpl=1"",""downloadLink"":""https://p16-common-sign.tiktokcdn-us.com/tos-useast8-i-photomode-tx2/69a206196dbd464b8a5c3a1e600ea7d5~tplv-photomode-image.jpeg?dr=9616&x-expires=1774407600&x-signature=oIvlfE6QVe%2BChhD%2FBvXoFsdW%2BzE%3D&t=4d5b0474&ps=13740610&shp=81f88b70&shcp=9b759fb9&idc=useast5&ftpl=1""},{""tiktokLink"":""https://p16-common-sign.tiktokcdn-us.com/tos-useast8-i-photomode-tx2/2c2c174ebbba42d1abe669a9ba8c1fcb~tplv-photomode-image.jpeg?dr=9616&x-expires=1774407600&x-signature=B9QX2LgqRE7rj%2BwEojinDB01uK4%3D&t=4d5b0474&ps=13740610&shp=81f88b70&shcp=9b759fb9&idc=useast5&ftpl=1"",""downloadLink"":""https://p16-common-sign.tiktokcdn-us.com/tos-useast8-i-photomode-tx2/2c2c174ebbba42d1abe669a9ba8c1fcb~tplv-photomode-image.jpeg?dr=9616&x-expires=1774407600&x-signature=B9QX2LgqRE7rj%2BwEojinDB01uK4%3D&t=4d5b0474&ps=13740610&shp=81f88b70&shcp=9b759fb9&idc=useast5&ftpl=1""}]",false,false,[],sanctuarywrld,videos,
7574207909731601694,"You can always spot a Leo rising their hair alone. 🦁 

#astrologytiktok #astrologytok #risingsigns #zodiacsigns ",en,1763507715,2025-11-18T23:15:15.000Z,false,"{""id"":""6870995222446408710"",""name"":""sanctuarywrld"",""profileUrl"":""https://www.tiktok.com/@sanctuarywrld"",""nickName"":""Sanctuary"",""verified"":false,""signature"":""▼ Your daily guide to the universe ▼\nDownload the app iOS and Android!"",""bioLink"":""https://social.sanctuaryworld.co/tiktok-linkinbio-birthchart"",""avatar"":""https://p16-common-sign.tiktokcdn-us.com/tos-useast5-avt-0068-tx/7347087487909429291~tplv-tiktokx-cropcenter:720:720.jpeg?dr=9640&refresh_token=e654da7f&x-expires=1774407600&x-signature=%2FF6Fr6Rw4orlgXoAh7JGjK94izM%3D&t=4d5b0474&ps=13740610&shp=a5d48078&shcp=81f88b70&idc=useast8"",""commerceUserInfo"":{""commerceUser"":true,""category"":""Software & Apps"",""categoryButton"":false},""privateAccount"":false,""roomId"":"""",""ttSeller"":false,""createTime"":1599778397,""following"":583,""friends"":53,""fans"":45200,""heart"":1100000,""video"":966,""digg"":0,""originalAvatarUrl"":""https://p16-common-sign.tiktokcdn-us.com/tos-useast5-avt-0068-tx/7347087487909429291~tplv-tiktokx-cropcenter:720:720.jpeg?dr=9640&refresh_token=e654da7f&x-expires=1774407600&x-signature=%2FF6Fr6Rw4orlgXoAh7JGjK94izM%3D&t=4d5b0474&ps=13740610&shp=a5d48078&shcp=81f88b70&idc=useast8""}","{""musicName"":""original sound"",""musicAuthor"":""I Green Screen Things"",""musicOriginal"":true,""playUrl"":""https://v16m.tiktokcdn-us.com/fd0f7cce3a0c4cd9620f523013f24578/69c10b6e/video/tos/useast8/tos-useast8-v-27dcd7-tx2/oYCGfXQARFlvEgnPOSZRfN41AeYeAVAQRA5feb/?a=1233&bti=ODszNWYuMDE6&ch=0&cr=0&dr=0&er=0&lr=default&cd=0%7C0%7C0%7C0&br=250&bt=125&ds=5&ft=GSDrKInz7Ths8N-PXq8Zmo&mime_type=audio_mpeg&qs=13&rc=am45dXk5cnNmeTMzaTU8NEBpam45dXk5cnNmeTMzaTU8NEA1NV5zMmRjc2dgLS1kMTJzYSM1NV5zMmRjc2dgLS1kMTJzcw%3D%3D&vvpl=1&l=20260323034408DD6B820CBFF55600FE72&btag=e00070000"",""coverMediumUrl"":""https://p19-common-sign.tiktokcdn-us.com/tos-useast8-avt-0068-tx2/38602e7a5ef90a400f79e9e062facac8~tplv-tiktokx-cropcenter:720:720.jpeg?dr=9640&refresh_token=f5059e30&x-expires=1774407600&x-signature=Qbthz9aFXZY69JGEElHLr%2FvxKno%3D&t=4d5b0474&ps=13740610&shp=a5d48078&shcp=81f88b70&idc=useast5"",""musicId"":""7486899913700805407"",""originalCoverMediumUrl"":""https://p19-common-sign.tiktokcdn-us.com/tos-useast8-avt-0068-tx2/38602e7a5ef90a400f79e9e062facac8~tplv-tiktokx-cropcenter:720:720.jpeg?dr=9640&refresh_token=f5059e30&x-expires=1774407600&x-signature=Qbthz9aFXZY69JGEElHLr%2FvxKno%3D&t=4d5b0474&ps=13740610&shp=a5d48078&shcp=81f88b70&idc=useast5""}",https://www.tiktok.com/@sanctuarywrld/video/7574207909731601694,"{""height"":1280,""width"":720,""duration"":6,""coverUrl"":""https://p16-common-sign.tiktokcdn-us.com/tos-useast8-p-0068-tx2/oYBaAEgRRIfIfaogfI5eVLfzIGHXxegoWNMDvA~tplv-tiktokx-origin.image?dr=9636&x-expires=1774407600&x-signature=mQ652lGavSYvsu97DmLi2FDn6m4%3D&t=4d5b0474&ps=13740610&shp=81f88b70&shcp=43f4a2f9&idc=useast5"",""definition"":""720p"",""format"":""mp4"",""subtitleLinks"":[{""language"":""eng-US"",""downloadLink"":""https://v16m-webapp.tiktokcdn-us.com/6579b3cd8bc6a11bcfdfc1472ef53278/69c35a0e/video/tos/useast8/tos-useast8-v-0068-tx2/09efd72407b949fd803677e7e0291b68/?a=1988&bti=ODszNWYuMDE6&ch=0&cr=3&dr=0&lr=all&cd=0%7C0%7C0%7C&cv=1&br=9100&bt=4550&ds=3&ft=4KLMeMzm8Zmo0pVsyx4jVxmjdpWrKsd.&mime_type=video_mp4&qs=13&rc=Mzg2OXQ5cnlpNzMzaTczNEBpMzg2OXQ5cnlpNzMzaTczNEBlM3IzMmRzb2JhLS1kMTJzYSNlM3IzMmRzb2JhLS1kMTJzcw%3D%3D&l=20260323034408DD6B820CBFF55600FE72&btag=e00070000"",""source"":""ASR"",""sourceUnabbreviated"":""automatic speech recognition"",""version"":""1:big_caption"",""tiktokLink"":""https://v16m-webapp.tiktokcdn-us.com/6579b3cd8bc6a11bcfdfc1472ef53278/69c35a0e/video/tos/useast8/tos-useast8-v-0068-tx2/09efd72407b949fd803677e7e0291b68/?a=1988&bti=ODszNWYuMDE6&ch=0&cr=3&dr=0&lr=all&cd=0%7C0%7C0%7C&cv=1&br=9100&bt=4550&ds=3&ft=4KLMeMzm8Zmo0pVsyx4jVxmjdpWrKsd.&mime_type=video_mp4&qs=13&rc=Mzg2OXQ5cnlpNzMzaTczNEBpMzg2OXQ5cnlpNzMzaTczNEBlM3IzMmRzb2JhLS1kMTJzYSNlM3IzMmRzb2JhLS1kMTJzcw%3D%3D&l=20260323034408DD6B820CBFF55600FE72&btag=e00070000""}],""transcriptionLink"":null,""originalCoverUrl"":""https://p16-common-sign.tiktokcdn-us.com/tos-useast8-p-0068-tx2/oYBaAEgRRIfIfaogfI5eVLfzIGHXxegoWNMDvA~tplv-tiktokx-origin.image?dr=9636&x-expires=1774407600&x-signature=mQ652lGavSYvsu97DmLi2FDn6m4%3D&t=4d5b0474&ps=13740610&shp=81f88b70&shcp=43f4a2f9&idc=useast5""}",119,3,1711,4,4,0,[],[],"[{""name"":""astrologytiktok""},{""name"":""astrologytok""},{""name"":""risingsigns""},{""name"":""zodiacsigns""}]","[{""ID"":""242883878"",""name"":""Flawless Skin"",""stickerStats"":{""useCount"":0}},{""ID"":""1501446"",""name"":""Green Eyes for Brown Eyes"",""stickerStats"":{""useCount"":0}}]",false,,false,false,[],sanctuarywrld,videos,
7574200526527548702,"Crash out with the Scorpio new moon. 🌚 

Emotions feel extra tender and the yearning is at historic highs. Here’s the astro rundown:

We’re deep in five retrogrades, which means nostalgia is hitting ...",en,1763506001,2025-11-18T22:46:41.000Z,false,"{""id"":""6870995222446408710"",""name"":""sanctuarywrld"",""profileUrl"":""https://www.tiktok.com/@sanctuarywrld"",""nickName"":""Sanctuary"",""verified"":false,""signature"":""▼ Your daily guide to the universe ▼\nDownload the app iOS and Android!"",""bioLink"":""https://social.sanctuaryworld.co/tiktok-linkinbio-birthchart"",""avatar"":""https://p16-common-sign.tiktokcdn-us.com/tos-useast5-avt-0068-tx/7347087487909429291~tplv-tiktokx-cropcenter:720:720.jpeg?dr=9640&refresh_token=e654da7f&x-expires=1774407600&x-signature=%2FF6Fr6Rw4orlgXoAh7JGjK94izM%3D&t=4d5b0474&ps=13740610&shp=a5d48078&shcp=81f88b70&idc=useast8"",""commerceUserInfo"":{""commerceUser"":true,""category"":""Software & Apps"",""categoryButton"":false},""privateAccount"":false,""roomId"":"""",""ttSeller"":false,""createTime"":1599778397,""following"":583,""friends"":53,""fans"":45200,""heart"":1100000,""video"":966,""digg"":0,""originalAvatarUrl"":""https://p16-common-sign.tiktokcdn-us.com/tos-useast5-avt-0068-tx/7347087487909429291~tplv-tiktokx-cropcenter:720:720.jpeg?dr=9640&refresh_token=e654da7f&x-expires=1774407600&x-signature=%2FF6Fr6Rw4orlgXoAh7JGjK94izM%3D&t=4d5b0474&ps=13740610&shp=a5d48078&shcp=81f88b70&idc=useast8""}","{""musicName"":""original sound"",""musicAuthor"":""Sanctuary"",""musicOriginal"":true,""playUrl"":""https://v16m.tiktokcdn-us.com/946c5ccfcd524f0c2721281d7438a2a4/69c10c07/video/tos/useast8/tos-useast8-v-27dcd7-tx2/oYP1MElhWyAAA6zBAARE9iVNXicVEaoC43RAi/?a=1233&bti=ODszNWYuMDE6&ch=0&cr=0&dr=0&er=0&lr=default&cd=0%7C0%7C0%7C0&br=250&bt=125&ds=5&ft=GSDrKInz7Ths8N-PXq8Zmo&mime_type=audio_mpeg&qs=13&rc=M292dGw5cnBpNzMzaTU8NEBpM292dGw5cnBpNzMzaTU8NEBwNS8zMmQ0YmJhLS1kMTJzYSNwNS8zMmQ0YmJhLS1kMTJzcw%3D%3D&vvpl=1&l=20260323034408DD6B820CBFF55600FE72&btag=e00050000"",""coverMediumUrl"":""https://p19-common-sign.tiktokcdn-us.com/tos-useast5-avt-0068-tx/7347087487909429291~tplv-tiktokx-cropcenter:720:720.jpeg?dr=9640&refresh_token=bc63002c&x-expires=1774407600&x-signature=yJzcpfnM5ke80IDnOilHpQlw9fs%3D&t=4d5b0474&ps=13740610&shp=a5d48078&shcp=81f88b70&idc=useast5"",""musicId"":""7574200485924129566"",""originalCoverMediumUrl"":""https://p19-common-sign.tiktokcdn-us.com/tos-useast5-avt-0068-tx/7347087487909429291~tplv-tiktokx-cropcenter:720:720.jpeg?dr=9640&refresh_token=bc63002c&x-expires=1774407600&x-signature=yJzcpfnM5ke80IDnOilHpQlw9fs%3D&t=4d5b0474&ps=13740610&shp=a5d48078&shcp=81f88b70&idc=useast5""}",https://www.tiktok.com/@sanctuarywrld/video/7574200526527548702,"{""height"":1280,""width"":720,""duration"":159,""coverUrl"":""https://p16-common-sign.tiktokcdn-us.com/tos-useast8-p-0068-tx2/oAdpzs8A21RIBiL3BRUQEPPil9RABSaAAcAEA~tplv-tiktokx-origin.image?dr=9636&x-expires=1774407600&x-signature=0WpL5SPQTRDugk6Ws5lQ3fImmfY%3D&t=4d5b0474&ps=13740610&shp=81f88b70&shcp=43f4a2f9&idc=useast5"",""definition"":""720p"",""format"":""mp4"",""subtitleLinks"":[{""language"":""eng-US"",""downloadLink"":""https://v16m-webapp.tiktokcdn-us.com/64f3b5842d7f698f5ca4352635ac82b5/69c35aa7/video/tos/useast8/tos-useast8-v-0068-tx2/e9c5e1ca175042959b00c2cd87374c5d/?a=1988&bti=ODszNWYuMDE6&ch=0&cr=3&dr=0&lr=all&cd=0%7C0%7C0%7C&cv=1&br=19224&bt=9612&ds=4&ft=4KLMeMzm8Zmo0pVsyx4jVxmjdpWrKsd.&mime_type=video_mp4&qs=13&rc=amlkZ3k5cnZpNzMzaTczNEBpamlkZ3k5cnZpNzMzaTczNEAwNm9nMmQ0X2JhLS1kMTJzYSMwNm9nMmQ0X2JhLS1kMTJzcw%3D%3D&l=20260323034408DD6B820CBFF55600FE72&btag=e00050000"",""source"":""MT"",""sourceUnabbreviated"":""machine translation"",""version"":""8:big_caption"",""tiktokLink"":""https://v16m-webapp.tiktokcdn-us.com/64f3b5842d7f698f5ca4352635ac82b5/69c35aa7/video/tos/useast8/tos-useast8-v-0068-tx2/e9c5e1ca175042959b00c2cd87374c5d/?a=1988&bti=ODszNWYuMDE6&ch=0&cr=3&dr=0&lr=all&cd=0%7C0%7C0%7C&cv=1&br=19224&bt=9612&ds=4&ft=4KLMeMzm8Zmo0pVsyx4jVxmjdpWrKsd.&mime_type=video_mp4&qs=13&rc=amlkZ3k5cnZpNzMzaTczNEBpamlkZ3k5cnZpNzMzaTczNEAwNm9nMmQ0X2JhLS1kMTJzYSMwNm9nMmQ0X2JhLS1kMTJzcw%3D%3D&l=20260323034408DD6B820CBFF55600FE72&btag=e00050000""}],""transcriptionLink"":null,""originalCoverUrl"":""https://p16-common-sign.tiktokcdn-us.com/tos-useast8-p-0068-tx2/oAdpzs8A21RIBiL3BRUQEPPil9RABSaAAcAEA~tplv-tiktokx-origin.image?dr=9636&x-expires=1774407600&x-signature=0WpL5SPQTRDugk6Ws5lQ3fImmfY%3D&t=4d5b0474&ps=13740610&shp=81f88b70&shcp=43f4a2f9&idc=useast5""}",170,17,4291,27,3,0,[],[],"[{""name"":""astrologytiktok""},{""name"":""astrologytok""},{""name"":""newmoon""},{""name"":""mercuryretrograde""}]","[{""ID"":""242883878"",""name"":""Flawless Skin"",""stickerStats"":{""useCount"":0}},{""ID"":""1501446"",""name"":""Green Eyes for Brown Eyes"",""stickerStats"":{""useCount"":0}}]",false,,false,false,[],sanctuarywrld,videos,
7571990943595908382,"Buckle up star babies! ✨ Mercury retrograde isn’t playing.

#astrologytiktok #astrologytok #zodiacsigns #mercuryretrograde #astrologygirlies ",en,1762991550,2025-11-12T23:52:30.000Z,false,"{""id"":""6870995222446408710"",""name"":""sanctuarywrld"",""profileUrl"":""https://www.tiktok.com/@sanctuarywrld"",""nickName"":""Sanctuary"",""verified"":false,""signature"":""▼ Your daily guide to the universe ▼\nDownload the app iOS and Android!"",""bioLink"":""https://social.sanctuaryworld.co/tiktok-linkinbio-birthchart"",""avatar"":""https://p16-common-sign.tiktokcdn-us.com/tos-useast5-avt-0068-tx/7347087487909429291~tplv-tiktokx-cropcenter:720:720.jpeg?dr=9640&refresh_token=e654da7f&x-expires=1774407600&x-signature=%2FF6Fr6Rw4orlgXoAh7JGjK94izM%3D&t=4d5b0474&ps=13740610&shp=a5d48078&shcp=81f88b70&idc=useast8"",""commerceUserInfo"":{""commerceUser"":true,""category"":""Software & Apps"",""categoryButton"":false},""privateAccount"":false,""roomId"":"""",""ttSeller"":false,""createTime"":1599778397,""following"":583,""friends"":53,""fans"":45200,""heart"":1100000,""video"":966,""digg"":0,""originalAvatarUrl"":""https://p16-common-sign.tiktokcdn-us.com/tos-useast5-avt-0068-tx/7347087487909429291~tplv-tiktokx-cropcenter:720:720.jpeg?dr=9640&refresh_token=e654da7f&x-expires=1774407600&x-signature=%2FF6Fr6Rw4orlgXoAh7JGjK94izM%3D&t=4d5b0474&ps=13740610&shp=a5d48078&shcp=81f88b70&idc=useast8""}","{""musicName"":""Glow"",""musicAuthor"":""nimino"",""musicOriginal"":false,""musicAlbum"":""Creek"",""playUrl"":""https://sf19.tiktokcdn-us.com/obj/tos-alisg-ve-2774/oQVzDffgtEKQMWNCBOngFBOPI5ZzCmnVnBM1ms"",""coverMediumUrl"":""https://p16-common.tiktokcdn-us.com/tos-alisg-v-2774/o8EAX0QWiAeAMws6xqEBAiiA9vBo3CAhmP2KSo~tplv-tiktokx-cropcenter:200:200.jpeg?dr=9584&t=4d5b0474&ps=933b5bde&shp=08d74b56&shcp=81f88b70&idc=useast5"",""musicId"":""7467591415728801793"",""originalCoverMediumUrl"":""https://p16-common.tiktokcdn-us.com/tos-alisg-v-2774/o8EAX0QWiAeAMws6xqEBAiiA9vBo3CAhmP2KSo~tplv-tiktokx-cropcenter:200:200.jpeg?dr=9584&t=4d5b0474&ps=933b5bde&shp=08d74b56&shcp=81f88b70&idc=useast5""}",https://www.tiktok.com/@sanctuarywrld/video/7571990943595908382,"{""height"":1280,""width"":720,""duration"":10,""coverUrl"":""https://p16-common-sign.tiktokcdn-us.com/tos-useast8-p-0068-tx2/okiOAMmQceWjIFn8IAKqqqS3OAjrKAvfQgfCGu~tplv-tiktokx-origin.image?dr=9636&x-expires=1774407600&x-signature=qghNB3VQ3ZLjDhn32uJ3YmVKyQg%3D&t=4d5b0474&ps=13740610&shp=81f88b70&shcp=43f4a2f9&idc=useast5"",""definition"":""720p"",""format"":""mp4"",""transcriptionLink"":null,""originalCoverUrl"":""https://p16-common-sign.tiktokcdn-us.com/tos-useast8-p-0068-tx2/okiOAMmQceWjIFn8IAKqqqS3OAjrKAvfQgfCGu~tplv-tiktokx-origin.image?dr=9636&x-expires=1774407600&x-signature=qghNB3VQ3ZLjDhn32uJ3YmVKyQg%3D&t=4d5b0474&ps=13740610&shp=81f88b70&shcp=43f4a2f9&idc=useast5""}",39,2,1156,2,3,0,[],[],"[{""name"":""astrologytiktok""},{""name"":""astrologytok""},{""name"":""zodiacsigns""},{""name"":""mercuryretrograde""},{""name"":""astrologygirlies""}]","[{""ID"":""242883878"",""name"":""Flawless Skin"",""stickerStats"":{""useCount"":0}},{""ID"":""1501446"",""name"":""Green Eyes for Brown Eyes"",""stickerStats"":{""useCount"":0}}]",false,,false,false,[],sanctuarywrld,videos,
7571971289414454558,"FIVE planets retrograde right now. Yep, it’s serving “pause, reflect, realign.”

🪐 Reminder: Retrograde isn’t a break-everything, it’s a review-everything.

#astrologytiktok #astrologytok #zodiacsign...",en,1762986974,2025-11-12T22:36:14.000Z,false,"{""id"":""6870995222446408710"",""name"":""sanctuarywrld"",""profileUrl"":""https://www.tiktok.com/@sanctuarywrld"",""nickName"":""Sanctuary"",""verified"":false,""signature"":""▼ Your daily guide to the universe ▼\nDownload the app iOS and Android!"",""bioLink"":""https://social.sanctuaryworld.co/tiktok-linkinbio-birthchart"",""avatar"":""https://p16-common-sign.tiktokcdn-us.com/tos-useast5-avt-0068-tx/7347087487909429291~tplv-tiktokx-cropcenter:720:720.jpeg?dr=9640&refresh_token=e654da7f&x-expires=1774407600&x-signature=%2FF6Fr6Rw4orlgXoAh7JGjK94izM%3D&t=4d5b0474&ps=13740610&shp=a5d48078&shcp=81f88b70&idc=useast8"",""commerceUserInfo"":{""commerceUser"":true,""category"":""Software & Apps"",""categoryButton"":false},""privateAccount"":false,""roomId"":"""",""ttSeller"":false,""createTime"":1599778397,""following"":583,""friends"":53,""fans"":45200,""heart"":1100000,""video"":966,""digg"":0,""originalAvatarUrl"":""https://p16-common-sign.tiktokcdn-us.com/tos-useast5-avt-0068-tx/7347087487909429291~tplv-tiktokx-cropcenter:720:720.jpeg?dr=9640&refresh_token=e654da7f&x-expires=1774407600&x-signature=%2FF6Fr6Rw4orlgXoAh7JGjK94izM%3D&t=4d5b0474&ps=13740610&shp=a5d48078&shcp=81f88b70&idc=useast8""}","{""musicName"":""original sound"",""musicAuthor"":""Sanctuary"",""musicOriginal"":true,""playUrl"":""https://v16m.tiktokcdn-us.com/5a506bf145304dbc79d86c2471a0e1d8/69c10bdc/video/tos/useast8/tos-useast8-v-27dcd7-tx2/oIhXfBBijEAiJiEx0bOIhAqKAEIVACHEAA7oil/?a=1233&bti=ODszNWYuMDE6&ch=0&cr=0&dr=0&er=0&lr=default&cd=0%7C0%7C0%7C0&br=250&bt=125&ds=5&ft=GSDrKInz7Ths8N-PXq8Zmo&mime_type=audio_mpeg&qs=13&rc=amg5anU5cjdrNzMzaTU8NEBpamg5anU5cjdrNzMzaTU8NEBlXmphMmRjLl5hLS1kMTJzYSNlXmphMmRjLl5hLS1kMTJzcw%3D%3D&vvpl=1&l=20260323034408DD6B820CBFF55600FE72&btag=e00050000"",""coverMediumUrl"":""https://p19-common-sign.tiktokcdn-us.com/tos-useast5-avt-0068-tx/7347087487909429291~tplv-tiktokx-cropcenter:720:720.jpeg?dr=9640&refresh_token=bc63002c&x-expires=1774407600&x-signature=yJzcpfnM5ke80IDnOilHpQlw9fs%3D&t=4d5b0474&ps=13740610&shp=a5d48078&shcp=81f88b70&idc=useast5"",""musicId"":""7571976432654519070"",""originalCoverMediumUrl"":""https://p19-common-sign.tiktokcdn-us.com/tos-useast5-avt-0068-tx/7347087487909429291~tplv-tiktokx-cropcenter:720:720.jpeg?dr=9640&refresh_token=bc63002c&x-expires=1774407600&x-signature=yJzcpfnM5ke80IDnOilHpQlw9fs%3D&t=4d5b0474&ps=13740610&shp=a5d48078&shcp=81f88b70&idc=useast5""}",https://www.tiktok.com/@sanctuarywrld/video/7571971289414454558,"{""height"":1280,""width"":720,""duration"":116,""coverUrl"":""https://p16-common-sign.tiktokcdn-us.com/tos-useast8-p-0068-tx2/ooDqJVgRQB6FqIEf7fRFEokE1m0kQAuHDGAPFp~tplv-tiktokx-origin.image?dr=9636&x-expires=1774407600&x-signature=W9BtSCZg1GxIK0RgTjNOI6XnfyI%3D&t=4d5b0474&ps=13740610&shp=81f88b70&shcp=43f4a2f9&idc=useast5"",""definition"":""720p"",""format"":""mp4"",""subtitleLinks"":[{""language"":""eng-US"",""downloadLink"":""https://v16m-webapp.tiktokcdn-us.com/89d3b9f01ef73c6e4232bf7017db5aa3/69c35a7c/video/tos/useast8/tos-useast8-v-0068-tx2/08c0746bee404e97beb38678b4aa0b6f/?a=1988&bti=ODszNWYuMDE6&ch=0&cr=3&dr=0&lr=all&cd=0%7C0%7C0%7C&cv=1&br=2042&bt=1021&cs=0&ds=3&ft=4KLMeMzm8Zmo0pVsyx4jVxmjdpWrKsd.&mime_type=video_mp4&qs=13&rc=M3Fvamw5cjdqNzMzaTczNEBpM3Fvamw5cjdqNzMzaTczNEA2bnIuMmRjZ15hLS1kMTJzYSM2bnIuMmRjZ15hLS1kMTJzcw%3D%3D&l=20260323034408DD6B820CBFF55600FE72&btag=e00050000"",""source"":""MT"",""sourceUnabbreviated"":""machine translation"",""version"":""8:big_caption"",""tiktokLink"":""https://v16m-webapp.tiktokcdn-us.com/89d3b9f01ef73c6e4232bf7017db5aa3/69c35a7c/video/tos/useast8/tos-useast8-v-0068-tx2/08c0746bee404e97beb38678b4aa0b6f/?a=1988&bti=ODszNWYuMDE6&ch=0&cr=3&dr=0&lr=all&cd=0%7C0%7C0%7C&cv=1&br=2042&bt=1021&cs=0&ds=3&ft=4KLMeMzm8Zmo0pVsyx4jVxmjdpWrKsd.&mime_type=video_mp4&qs=13&rc=M3Fvamw5cjdqNzMzaTczNEBpM3Fvamw5cjdqNzMzaTczNEA2bnIuMmRjZ15hLS1kMTJzYSM2bnIuMmRjZ15hLS1kMTJzcw%3D%3D&l=20260323034408DD6B820CBFF55600FE72&btag=e00050000""}],""transcriptionLink"":null,""originalCoverUrl"":""https://p16-common-sign.tiktokcdn-us.com/tos-useast8-p-0068-tx2/ooDqJVgRQB6FqIEf7fRFEokE1m0kQAuHDGAPFp~tplv-tiktokx-origin.image?dr=9636&x-expires=1774407600&x-signature=W9BtSCZg1GxIK0RgTjNOI6XnfyI%3D&t=4d5b0474&ps=13740610&shp=81f88b70&shcp=43f4a2f9&idc=useast5""}",39,2,810,3,1,0,[],[],"[{""name"":""astrologytiktok""},{""name"":""astrologytok""},{""name"":""zodiacsigns""},{""name"":""mercuryretrograde""}]","[{""ID"":""242883878"",""name"":""Flawless Skin"",""stickerStats"":{""useCount"":0}},{""ID"":""1501446"",""name"":""Green Eyes for Brown Eyes"",""stickerStats"":{""useCount"":0}}]",false,,false,false,[],sanctuarywrld,videos,
7567462446235995447,"This month’s forecast: 40% introspection, 60% main-character energy. 🌙November is here to serve drama and evolution. sigh We’re riding through four retrogrades, major moon energy, and big emotional u...",en,1761937186,2025-10-31T18:59:46.000Z,false,"{""id"":""6870995222446408710"",""name"":""sanctuarywrld"",""profileUrl"":""https://www.tiktok.com/@sanctuarywrld"",""nickName"":""Sanctuary"",""verified"":false,""signature"":""▼ Your daily guide to the universe ▼\nDownload the app iOS and Android!"",""bioLink"":""https://social.sanctuaryworld.co/tiktok-linkinbio-birthchart"",""avatar"":""https://p16-common-sign.tiktokcdn-us.com/tos-useast5-avt-0068-tx/7347087487909429291~tplv-tiktokx-cropcenter:720:720.jpeg?dr=9640&refresh_token=e654da7f&x-expires=1774407600&x-signature=%2FF6Fr6Rw4orlgXoAh7JGjK94izM%3D&t=4d5b0474&ps=13740610&shp=a5d48078&shcp=81f88b70&idc=useast8"",""commerceUserInfo"":{""commerceUser"":true,""category"":""Software & Apps"",""categoryButton"":false},""privateAccount"":false,""roomId"":"""",""ttSeller"":false,""createTime"":1599778397,""following"":583,""friends"":53,""fans"":45200,""heart"":1100000,""video"":966,""digg"":0,""originalAvatarUrl"":""https://p16-common-sign.tiktokcdn-us.com/tos-useast5-avt-0068-tx/7347087487909429291~tplv-tiktokx-cropcenter:720:720.jpeg?dr=9640&refresh_token=e654da7f&x-expires=1774407600&x-signature=%2FF6Fr6Rw4orlgXoAh7JGjK94izM%3D&t=4d5b0474&ps=13740610&shp=a5d48078&shcp=81f88b70&idc=useast8""}","{""musicName"":""Spooky"",""musicAuthor"":""Perfect, so dystopian"",""musicOriginal"":false,""musicAlbum"":""Spooky"",""playUrl"":""https://sf16.tiktokcdn-us.com/obj/tos-alisg-ve-2774/o0ZpvXj5GY7fE4efKSLgABmhBFeWZHGQIhAV18"",""coverMediumUrl"":""https://p16-common.tiktokcdn-us.com/tos-alisg-v-2774/o01TFhIAACKLKIXvDAmd78egAfGzGFAIdAfZe4~tplv-tiktokx-cropcenter:200:200.jpeg?dr=9584&t=4d5b0474&ps=933b5bde&shp=08d74b56&shcp=81f88b70&idc=useast5"",""musicId"":""7384882909872080912"",""originalCoverMediumUrl"":""https://p16-common.tiktokcdn-us.com/tos-alisg-v-2774/o01TFhIAACKLKIXvDAmd78egAfGzGFAIdAfZe4~tplv-tiktokx-cropcenter:200:200.jpeg?dr=9584&t=4d5b0474&ps=933b5bde&shp=08d74b56&shcp=81f88b70&idc=useast5""}",https://www.tiktok.com/@sanctuarywrld/video/7567462446235995447,"{""height"":0,""width"":0,""duration"":0,""coverUrl"":""https://p19-common-sign.tiktokcdn-us.com/tos-useast5-i-photomode-tx/495db7d8be8a4479bd4be09ec6dc1459~tplv-photomode-image.jpeg?dr=9616&x-expires=1774407600&x-signature=kGXQ6emVaxTSHjv43F1QNEWzPRU%3D&t=4d5b0474&ps=13740610&shp=81f88b70&shcp=9b759fb9&idc=useast5&ftpl=1"",""transcriptionLink"":null,""originalCoverUrl"":""https://p19-common-sign.tiktokcdn-us.com/tos-useast5-i-photomode-tx/495db7d8be8a4479bd4be09ec6dc1459~tplv-photomode-image.jpeg?dr=9616&x-expires=1774407600&x-signature=kGXQ6emVaxTSHjv43F1QNEWzPRU%3D&t=4d5b0474&ps=13740610&shp=81f88b70&shcp=9b759fb9&idc=useast5&ftpl=1""}",79,3,1176,11,0,0,[],[],"[{""name"":""november""},{""name"":""holidays""},{""name"":""sagittarius""},{""name"":""horoscope""},{""name"":""astrology""}]","[{""ID"":""242883878"",""name"":""Flawless Skin"",""stickerStats"":{""useCount"":0}},{""ID"":""1501446"",""name"":""Green Eyes for Brown Eyes"",""stickerStats"":{""useCount"":0}}]",true,"[{""tiktokLink"":""https://p16-common-sign.tiktokcdn-us.com/tos-useast5-i-photomode-tx/495db7d8be8a4479bd4be09ec6dc1459~tplv-photomode-image.jpeg?dr=9616&x-expires=1774407600&x-signature=wQk9CfLD3RXQqizexqkBw98eFto%3D&t=4d5b0474&ps=13740610&shp=81f88b70&shcp=9b759fb9&idc=useast5&ftpl=1"",""downloadLink"":""https://p16-common-sign.tiktokcdn-us.com/tos-useast5-i-photomode-tx/495db7d8be8a4479bd4be09ec6dc1459~tplv-photomode-image.jpeg?dr=9616&x-expires=1774407600&x-signature=wQk9CfLD3RXQqizexqkBw98eFto%3D&t=4d5b0474&ps=13740610&shp=81f88b70&shcp=9b759fb9&idc=useast5&ftpl=1""},{""tiktokLink"":""https://p19-common-sign.tiktokcdn-us.com/tos-useast5-i-photomode-tx/aa11eb73fa3549088373c38287cf2ea2~tplv-photomode-image.jpeg?dr=9616&x-expires=1774407600&x-signature=l7QGEPY5NZSXzavOO527pX3e7HQ%3D&t=4d5b0474&ps=13740610&shp=81f88b70&shcp=9b759fb9&idc=useast5&ftpl=1"",""downloadLink"":""https://p19-common-sign.tiktokcdn-us.com/tos-useast5-i-photomode-tx/aa11eb73fa3549088373c38287cf2ea2~tplv-photomode-image.jpeg?dr=9616&x-expires=1774407600&x-signature=l7QGEPY5NZSXzavOO527pX3e7HQ%3D&t=4d5b0474&ps=13740610&shp=81f88b70&shcp=9b759fb9&idc=useast5&ftpl=1""},{""tiktokLink"":""https://p16-common-sign.tiktokcdn-us.com/tos-useast5-i-photomode-tx/832d8af4e00f4ac2b6a0bd33c2d45359~tplv-photomode-image.jpeg?dr=9616&x-expires=1774407600&x-signature=XB9oShR%2BCgYVbYEAVn1Kns369ig%3D&t=4d5b0474&ps=13740610&shp=81f88b70&shcp=9b759fb9&idc=useast5&ftpl=1"",""downloadLink"":""https://p16-common-sign.tiktokcdn-us.com/tos-useast5-i-photomode-tx/832d8af4e00f4ac2b6a0bd33c2d45359~tplv-photomode-image.jpeg?dr=9616&x-expires=1774407600&x-signature=XB9oShR%2BCgYVbYEAVn1Kns369ig%3D&t=4d5b0474&ps=13740610&shp=81f88b70&shcp=9b759fb9&idc=useast5&ftpl=1""},{""tiktokLink"":""https://p16-common-sign.tiktokcdn-us.com/tos-useast5-i-photomode-tx/6b69454491e44e34a936f44d7f76f330~tplv-photomode-image.jpeg?dr=9616&x-expires=1774407600&x-signature=2kN%2FuorTKOiJtnn1mtjVr%2B23f10%3D&t=4d5b0474&ps=13740610&shp=81f88b70&shcp=9b759fb9&idc=useast5&ftpl=1"",""downloadLink"":""https://p16-common-sign.tiktokcdn-us.com/tos-useast5-i-photomode-tx/6b69454491e44e34a936f44d7f76f330~tplv-photomode-image.jpeg?dr=9616&x-expires=1774407600&x-signature=2kN%2FuorTKOiJtnn1mtjVr%2B23f10%3D&t=4d5b0474&ps=13740610&shp=81f88b70&shcp=9b759fb9&idc=useast5&ftpl=1""},{""tiktokLink"":""https://p19-common-sign.tiktokcdn-us.com/tos-useast5-i-photomode-tx/52bad1b1dc2b4dd7aaaad6e46f30e00a~tplv-photomode-image.jpeg?dr=9616&x-expires=1774407600&x-signature=jqnmtTo5aI1vloTBbm0n1aZTEtM%3D&t=4d5b0474&ps=13740610&shp=81f88b70&shcp=9b759fb9&idc=useast5&ftpl=1"",""downloadLink"":""https://p19-common-sign.tiktokcdn-us.com/tos-useast5-i-photomode-tx/52bad1b1dc2b4dd7aaaad6e46f30e00a~tplv-photomode-image.jpeg?dr=9616&x-expires=1774407600&x-signature=jqnmtTo5aI1vloTBbm0n1aZTEtM%3D&t=4d5b0474&ps=13740610&shp=81f88b70&shcp=9b759fb9&idc=useast5&ftpl=1""},{""tiktokLink"":""https://p16-common-sign.tiktokcdn-us.com/tos-useast5-i-photomode-tx/e61c79a06ec34ada9a378e4acb0afe06~tplv-photomode-image.jpeg?dr=9616&x-expires=1774407600&x-signature=b9RbjMYW3MzYpXNKURDyYwEAeP0%3D&t=4d5b0474&ps=13740610&shp=81f88b70&shcp=9b759fb9&idc=useast5&ftpl=1"",""downloadLink"":""https://p16-common-sign.tiktokcdn-us.com/tos-useast5-i-photomode-tx/e61c79a06ec34ada9a378e4acb0afe06~tplv-photomode-image.jpeg?dr=9616&x-expires=1774407600&x-signature=b9RbjMYW3MzYpXNKURDyYwEAeP0%3D&t=4d5b0474&ps=13740610&shp=81f88b70&shcp=9b759fb9&idc=useast5&ftpl=1""},{""tiktokLink"":""https://p16-common-sign.tiktokcdn-us.com/tos-useast5-i-photomode-tx/20a41094e14c471baf132d69583d61a3~tplv-photomode-image.jpeg?dr=9616&x-expires=1774407600&x-signature=VGYbdch20ScRmHbVbrCF5QEK%2FI8%3D&t=4d5b0474&ps=13740610&shp=81f88b70&shcp=9b759fb9&idc=useast5&ftpl=1"",""downloadLink"":""https://p16-common-sign.tiktokcdn-us.com/tos-useast5-i-photomode-tx/20a41094e14c471baf132d69583d61a3~tplv-photomode-image.jpeg?dr=9616&x-expires=1774407600&x-signature=VGYbdch20ScRmHbVbrCF5QEK%2FI8%3D&t=4d5b0474&ps=13740610&shp=81f88b70&shcp=9b759fb9&idc=useast5&ftpl=1""},{""tiktokLink"":""https://p16-common-sign.tiktokcdn-us.com/tos-useast5-i-photomode-tx/00f0a35e042742e197f5bd19947705e8~tplv-photomode-image.jpeg?dr=9616&x-expires=1774407600&x-signature=ucs1PKul6f56UkL7U7W91anh%2FqQ%3D&t=4d5b0474&ps=13740610&shp=81f88b70&shcp=9b759fb9&idc=useast5&ftpl=1"",""downloadLink"":""https://p16-common-sign.tiktokcdn-us.com/tos-useast5-i-photomode-tx/00f0a35e042742e197f5bd19947705e8~tplv-photomode-image.jpeg?dr=9616&x-expires=1774407600&x-signature=ucs1PKul6f56UkL7U7W91anh%2FqQ%3D&t=4d5b0474&ps=13740610&shp=81f88b70&shcp=9b759fb9&idc=useast5&ftpl=1""},{""tiktokLink"":""https://p16-common-sign.tiktokcdn-us.com/tos-useast5-i-photomode-tx/234b49ca465f436684fd16cd89765216~tplv-photomode-image.jpeg?dr=9616&x-expires=1774407600&x-signature=hQQCoSAaVxa%2ByK0uvQPN%2FQmSadU%3D&t=4d5b0474&ps=13740610&shp=81f88b70&shcp=9b759fb9&idc=useast5&ftpl=1"",""downloadLink"":""https://p16-common-sign.tiktokcdn-us.com/tos-useast5-i-photomode-tx/234b49ca465f436684fd16cd89765216~tplv-photomode-image.jpeg?dr=9616&x-expires=1774407600&x-signature=hQQCoSAaVxa%2ByK0uvQPN%2FQmSadU%3D&t=4d5b0474&ps=13740610&shp=81f88b70&shcp=9b759fb9&idc=useast5&ftpl=1""},{""tiktokLink"":""https://p16-common-sign.tiktokcdn-us.com/tos-useast5-i-photomode-tx/59be24d56e4b4d35b03e36276e67f466~tplv-photomode-image.jpeg?dr=9616&x-expires=1774407600&x-signature=axuxHTBqic6%2BepkgYOuybyG0RxA%3D&t=4d5b0474&ps=13740610&shp=81f88b70&shcp=9b759fb9&idc=useast5&ftpl=1"",""downloadLink"":""https://p16-common-sign.tiktokcdn-us.com/tos-useast5-i-photomode-tx/59be24d56e4b4d35b03e36276e67f466~tplv-photomode-image.jpeg?dr=9616&x-expires=1774407600&x-signature=axuxHTBqic6%2BepkgYOuybyG0RxA%3D&t=4d5b0474&ps=13740610&shp=81f88b70&shcp=9b759fb9&idc=useast5&ftpl=1""},{""tiktokLink"":""https://p19-common-sign.tiktokcdn-us.com/tos-useast5-i-photomode-tx/cb8df52a707447f49e43ffc252c4f44a~tplv-photomode-image.jpeg?dr=9616&x-expires=1774407600&x-signature=sFpL%2BIORqJQhRiJCrfiXmw16hCA%3D&t=4d5b0474&ps=13740610&shp=81f88b70&shcp=9b759fb9&idc=useast5&ftpl=1"",""downloadLink"":""https://p19-common-sign.tiktokcdn-us.com/tos-useast5-i-photomode-tx/cb8df52a707447f49e43ffc252c4f44a~tplv-photomode-image.jpeg?dr=9616&x-expires=1774407600&x-signature=sFpL%2BIORqJQhRiJCrfiXmw16hCA%3D&t=4d5b0474&ps=13740610&shp=81f88b70&shcp=9b759fb9&idc=useast5&ftpl=1""},{""tiktokLink"":""https://p19-common-sign.tiktokcdn-us.com/tos-useast5-i-photomode-tx/73bbd15898654c59baa9bc5b0bf5e14a~tplv-photomode-image.jpeg?dr=9616&x-expires=1774407600&x-signature=iImbT2r92JlMDKOE%2FkMxj7gsshk%3D&t=4d5b0474&ps=13740610&shp=81f88b70&shcp=9b759fb9&idc=useast5&ftpl=1"",""downloadLink"":""https://p19-common-sign.tiktokcdn-us.com/tos-useast5-i-photomode-tx/73bbd15898654c59baa9bc5b0bf5e14a~tplv-photomode-image.jpeg?dr=9616&x-expires=1774407600&x-signature=iImbT2r92JlMDKOE%2FkMxj7gsshk%3D&t=4d5b0474&ps=13740610&shp=81f88b70&shcp=9b759fb9&idc=useast5&ftpl=1""},{""tiktokLink"":""https://p16-common-sign.tiktokcdn-us.com/tos-useast5-i-photomode-tx/c25a9167fcac4b76840525a9bda12516~tplv-photomode-image.jpeg?dr=9616&x-expires=1774407600&x-signature=dUyA%2Bzba7FIQDi3sLfbtJh1xxhI%3D&t=4d5b0474&ps=13740610&shp=81f88b70&shcp=9b759fb9&idc=useast5&ftpl=1"",""downloadLink"":""https://p16-common-sign.tiktokcdn-us.com/tos-useast5-i-photomode-tx/c25a9167fcac4b76840525a9bda12516~tplv-photomode-image.jpeg?dr=9616&x-expires=1774407600&x-signature=dUyA%2Bzba7FIQDi3sLfbtJh1xxhI%3D&t=4d5b0474&ps=13740610&shp=81f88b70&shcp=9b759fb9&idc=useast5&ftpl=1""},{""tiktokLink"":""https://p16-common-sign.tiktokcdn-us.com/tos-useast5-i-photomode-tx/1686d4879d3e4e7bbe0688b4367a7047~tplv-photomode-image.jpeg?dr=9616&x-expires=1774407600&x-signature=NEJShTFYikCRFdQg0yljSBlubrQ%3D&t=4d5b0474&ps=13740610&shp=81f88b70&shcp=9b759fb9&idc=useast5&ftpl=1"",""downloadLink"":""https://p16-common-sign.tiktokcdn-us.com/tos-useast5-i-photomode-tx/1686d4879d3e4e7bbe0688b4367a7047~tplv-photomode-image.jpeg?dr=9616&x-expires=1774407600&x-signature=NEJShTFYikCRFdQg0yljSBlubrQ%3D&t=4d5b0474&ps=13740610&shp=81f88b70&shcp=9b759fb9&idc=useast5&ftpl=1""}]",false,false,[],sanctuarywrld,videos,
7557085796944153886,"October is your fall reboot 🍂✨. The chaos is clearing and the universe is inviting you to get aligned. Reset your routines and cozy up to the kind of energy that fuels you instead of drains you. 

🔥...",en,1759521169,2025-10-03T19:52:49.000Z,false,"{""id"":""6870995222446408710"",""name"":""sanctuarywrld"",""profileUrl"":""https://www.tiktok.com/@sanctuarywrld"",""nickName"":""Sanctuary"",""verified"":false,""signature"":""▼ Your daily guide to the universe ▼\nDownload the app iOS and Android!"",""bioLink"":""https://social.sanctuaryworld.co/tiktok-linkinbio-birthchart"",""avatar"":""https://p16-common-sign.tiktokcdn-us.com/tos-useast5-avt-0068-tx/7347087487909429291~tplv-tiktokx-cropcenter:720:720.jpeg?dr=9640&refresh_token=e654da7f&x-expires=1774407600&x-signature=%2FF6Fr6Rw4orlgXoAh7JGjK94izM%3D&t=4d5b0474&ps=13740610&shp=a5d48078&shcp=81f88b70&idc=useast8"",""commerceUserInfo"":{""commerceUser"":true,""category"":""Software & Apps"",""categoryButton"":false},""privateAccount"":false,""roomId"":"""",""ttSeller"":false,""createTime"":1599778397,""following"":583,""friends"":53,""fans"":45200,""heart"":1100000,""video"":966,""digg"":0,""originalAvatarUrl"":""https://p16-common-sign.tiktokcdn-us.com/tos-useast5-avt-0068-tx/7347087487909429291~tplv-tiktokx-cropcenter:720:720.jpeg?dr=9640&refresh_token=e654da7f&x-expires=1774407600&x-signature=%2FF6Fr6Rw4orlgXoAh7JGjK94izM%3D&t=4d5b0474&ps=13740610&shp=a5d48078&shcp=81f88b70&idc=useast8""}","{""musicName"":""Fall October Halloween horror classic(177261)"",""musicAuthor"":""rareNote"",""musicOriginal"":false,""playUrl"":""https://sf19.tiktokcdn-us.com/obj/tos-alisg-ve-2774/oMfILjD7BnjdIQO3Qf8xgyUDZC2aQ3wbtCBjP4"",""coverMediumUrl"":""https://p16-common.tiktokcdn-us.com/tos-alisg-v-2774/c6115b69b9f049ecb15af53fb3f16e1b~tplv-tiktokx-cropcenter:200:200.jpeg?dr=9584&t=4d5b0474&ps=933b5bde&shp=08d74b56&shcp=81f88b70&idc=useast5"",""musicId"":""6925569841169205250"",""originalCoverMediumUrl"":""https://p16-common.tiktokcdn-us.com/tos-alisg-v-2774/c6115b69b9f049ecb15af53fb3f16e1b~tplv-tiktokx-cropcenter:200:200.jpeg?dr=9584&t=4d5b0474&ps=933b5bde&shp=08d74b56&shcp=81f88b70&idc=useast5""}",https://www.tiktok.com/@sanctuarywrld/video/7557085796944153886,"{""height"":0,""width"":0,""duration"":0,""coverUrl"":""https://p16-common-sign.tiktokcdn-us.com/tos-useast8-i-photomode-tx2/0788630df16f45728713fae70e0f06c3~tplv-photomode-image.jpeg?dr=9616&x-expires=1774407600&x-signature=ku%2BQRrM%2Fs1PieW9KvP4C0sBHc14%3D&t=4d5b0474&ps=13740610&shp=81f88b70&shcp=9b759fb9&idc=useast5&ftpl=1"",""transcriptionLink"":null,""originalCoverUrl"":""https://p16-common-sign.tiktokcdn-us.com/tos-useast8-i-photomode-tx2/0788630df16f45728713fae70e0f06c3~tplv-photomode-image.jpeg?dr=9616&x-expires=1774407600&x-signature=ku%2BQRrM%2Fs1PieW9KvP4C0sBHc14%3D&t=4d5b0474&ps=13740610&shp=81f88b70&shcp=9b759fb9&idc=useast5&ftpl=1""}",23,1,618,1,0,0,[],[],"[{""name"":""october""},{""name"":""astrology""},{""name"":""zodiacsigns""},{""name"":""fall""},{""name"":""horoscope""}]","[{""ID"":""1501446"",""name"":""Green Eyes for Brown Eyes"",""stickerStats"":{""useCount"":0}},{""ID"":""242883878"",""name"":""Flawless Skin"",""stickerStats"":{""useCount"":0}}]",true,"[{""tiktokLink"":""https://p16-common-sign.tiktokcdn-us.com/tos-useast8-i-photomode-tx2/0788630df16f45728713fae70e0f06c3~tplv-photomode-image.jpeg?dr=9616&x-expires=1774407600&x-signature=ku%2BQRrM%2Fs1PieW9KvP4C0sBHc14%3D&t=4d5b0474&ps=13740610&shp=81f88b70&shcp=9b759fb9&idc=useast5&ftpl=1"",""downloadLink"":""https://p16-common-sign.tiktokcdn-us.com/tos-useast8-i-photomode-tx2/0788630df16f45728713fae70e0f06c3~tplv-photomode-image.jpeg?dr=9616&x-expires=1774407600&x-signature=ku%2BQRrM%2Fs1PieW9KvP4C0sBHc14%3D&t=4d5b0474&ps=13740610&shp=81f88b70&shcp=9b759fb9&idc=useast5&ftpl=1""},{""tiktokLink"":""https://p16-common-sign.tiktokcdn-us.com/tos-useast8-i-photomode-tx2/43fa5f470bc14fab93f1ac5a8778b65c~tplv-photomode-image.jpeg?dr=9616&x-expires=1774407600&x-signature=8DdBK9IfRhOaeCsS6S%2BvLT2nRL0%3D&t=4d5b0474&ps=13740610&shp=81f88b70&shcp=9b759fb9&idc=useast5&ftpl=1"",""downloadLink"":""https://p16-common-sign.tiktokcdn-us.com/tos-useast8-i-photomode-tx2/43fa5f470bc14fab93f1ac5a8778b65c~tplv-photomode-image.jpeg?dr=9616&x-expires=1774407600&x-signature=8DdBK9IfRhOaeCsS6S%2BvLT2nRL0%3D&t=4d5b0474&ps=13740610&shp=81f88b70&shcp=9b759fb9&idc=useast5&ftpl=1""},{""tiktokLink"":""https://p16-common-sign.tiktokcdn-us.com/tos-useast8-i-photomode-tx2/9be3f448c96c426d8f13df2b07b116d6~tplv-photomode-image.jpeg?dr=9616&x-expires=1774407600&x-signature=mSncAU7390WFk7f%2FEJdLL9xz%2FPc%3D&t=4d5b0474&ps=13740610&shp=81f88b70&shcp=9b759fb9&idc=useast5&ftpl=1"",""downloadLink"":""https://p16-common-sign.tiktokcdn-us.com/tos-useast8-i-photomode-tx2/9be3f448c96c426d8f13df2b07b116d6~tplv-photomode-image.jpeg?dr=9616&x-expires=1774407600&x-signature=mSncAU7390WFk7f%2FEJdLL9xz%2FPc%3D&t=4d5b0474&ps=13740610&shp=81f88b70&shcp=9b759fb9&idc=useast5&ftpl=1""},{""tiktokLink"":""https://p19-common-sign.tiktokcdn-us.com/tos-useast8-i-photomode-tx2/1ffffa5c07ae40d597c8fbeb343efe34~tplv-photomode-image.jpeg?dr=9616&x-expires=1774407600&x-signature=gJNHjGHFBcZMBNu352EF%2F7J32m0%3D&t=4d5b0474&ps=13740610&shp=81f88b70&shcp=9b759fb9&idc=useast5&ftpl=1"",""downloadLink"":""https://p19-common-sign.tiktokcdn-us.com/tos-useast8-i-photomode-tx2/1ffffa5c07ae40d597c8fbeb343efe34~tplv-photomode-image.jpeg?dr=9616&x-expires=1774407600&x-signature=gJNHjGHFBcZMBNu352EF%2F7J32m0%3D&t=4d5b0474&ps=13740610&shp=81f88b70&shcp=9b759fb9&idc=useast5&ftpl=1""},{""tiktokLink"":""https://p16-common-sign.tiktokcdn-us.com/tos-useast8-i-photomode-tx2/79170701bd914f9880a937a840ece9c1~tplv-photomode-image.jpeg?dr=9616&x-expires=1774407600&x-signature=4Kejg28gsPAtCWPVAmyIfcKAer8%3D&t=4d5b0474&ps=13740610&shp=81f88b70&shcp=9b759fb9&idc=useast5&ftpl=1"",""downloadLink"":""https://p16-common-sign.tiktokcdn-us.com/tos-useast8-i-photomode-tx2/79170701bd914f9880a937a840ece9c1~tplv-photomode-image.jpeg?dr=9616&x-expires=1774407600&x-signature=4Kejg28gsPAtCWPVAmyIfcKAer8%3D&t=4d5b0474&ps=13740610&shp=81f88b70&shcp=9b759fb9&idc=useast5&ftpl=1""},{""tiktokLink"":""https://p16-common-sign.tiktokcdn-us.com/tos-useast8-i-photomode-tx2/36818da070ab4553a1867639af74a3f9~tplv-photomode-image.jpeg?dr=9616&x-expires=1774407600&x-signature=HaEsMae7j0IWa9WIrLBmpUI5MYs%3D&t=4d5b0474&ps=13740610&shp=81f88b70&shcp=9b759fb9&idc=useast5&ftpl=1"",""downloadLink"":""https://p16-common-sign.tiktokcdn-us.com/tos-useast8-i-photomode-tx2/36818da070ab4553a1867639af74a3f9~tplv-photomode-image.jpeg?dr=9616&x-expires=1774407600&x-signature=HaEsMae7j0IWa9WIrLBmpUI5MYs%3D&t=4d5b0474&ps=13740610&shp=81f88b70&shcp=9b759fb9&idc=useast5&ftpl=1""},{""tiktokLink"":""https://p19-common-sign.tiktokcdn-us.com/tos-useast8-i-photomode-tx2/2fdabec9c3f846b8aea0c6bfdb24ef9e~tplv-photomode-image.jpeg?dr=9616&x-expires=1774407600&x-signature=cGkPbh8cdXh0tiCb94qQ1vdZc8k%3D&t=4d5b0474&ps=13740610&shp=81f88b70&shcp=9b759fb9&idc=useast5&ftpl=1"",""downloadLink"":""https://p19-common-sign.tiktokcdn-us.com/tos-useast8-i-photomode-tx2/2fdabec9c3f846b8aea0c6bfdb24ef9e~tplv-photomode-image.jpeg?dr=9616&x-expires=1774407600&x-signature=cGkPbh8cdXh0tiCb94qQ1vdZc8k%3D&t=4d5b0474&ps=13740610&shp=81f88b70&shcp=9b759fb9&idc=useast5&ftpl=1""},{""tiktokLink"":""https://p19-common-sign.tiktokcdn-us.com/tos-useast8-i-photomode-tx2/55615cf0e88f4ec9a8b87b6b1538e2d7~tplv-photomode-image.jpeg?dr=9616&x-expires=1774407600&x-signature=nQ%2FSflnuedy%2B2B7PlUM3CUlgwcw%3D&t=4d5b0474&ps=13740610&shp=81f88b70&shcp=9b759fb9&idc=useast5&ftpl=1"",""downloadLink"":""https://p19-common-sign.tiktokcdn-us.com/tos-useast8-i-photomode-tx2/55615cf0e88f4ec9a8b87b6b1538e2d7~tplv-photomode-image.jpeg?dr=9616&x-expires=1774407600&x-signature=nQ%2FSflnuedy%2B2B7PlUM3CUlgwcw%3D&t=4d5b0474&ps=13740610&shp=81f88b70&shcp=9b759fb9&idc=useast5&ftpl=1""},{""tiktokLink"":""https://p16-common-sign.tiktokcdn-us.com/tos-useast8-i-photomode-tx2/4ec12bb432084259a99c5f0ca58fa0e3~tplv-photomode-image.jpeg?dr=9616&x-expires=1774407600&x-signature=vd1ar96HPnHVpY052Yaw7c6qHFg%3D&t=4d5b0474&ps=13740610&shp=81f88b70&shcp=9b759fb9&idc=useast5&ftpl=1"",""downloadLink"":""https://p16-common-sign.tiktokcdn-us.com/tos-useast8-i-photomode-tx2/4ec12bb432084259a99c5f0ca58fa0e3~tplv-photomode-image.jpeg?dr=9616&x-expires=1774407600&x-signature=vd1ar96HPnHVpY052Yaw7c6qHFg%3D&t=4d5b0474&ps=13740610&shp=81f88b70&shcp=9b759fb9&idc=useast5&ftpl=1""},{""tiktokLink"":""https://p16-common-sign.tiktokcdn-us.com/tos-useast8-i-photomode-tx2/bfc08b4115ed4280b3023735711b315f~tplv-photomode-image.jpeg?dr=9616&x-expires=1774407600&x-signature=y347wlk3DqKjnI0D2C9UVjSAo7M%3D&t=4d5b0474&ps=13740610&shp=81f88b70&shcp=9b759fb9&idc=useast5&ftpl=1"",""downloadLink"":""https://p16-common-sign.tiktokcdn-us.com/tos-useast8-i-photomode-tx2/bfc08b4115ed4280b3023735711b315f~tplv-photomode-image.jpeg?dr=9616&x-expires=1774407600&x-signature=y347wlk3DqKjnI0D2C9UVjSAo7M%3D&t=4d5b0474&ps=13740610&shp=81f88b70&shcp=9b759fb9&idc=useast5&ftpl=1""},{""tiktokLink"":""https://p16-common-sign.tiktokcdn-us.com/tos-useast8-i-photomode-tx2/d25b266c6d9649ad93265fe2fb77a566~tplv-photomode-image.jpeg?dr=9616&x-expires=1774407600&x-signature=At0oNM5%2FWC7zPfVcbyTho2f%2BCrY%3D&t=4d5b0474&ps=13740610&shp=81f88b70&shcp=9b759fb9&idc=useast5&ftpl=1"",""downloadLink"":""https://p16-common-sign.tiktokcdn-us.com/tos-useast8-i-photomode-tx2/d25b266c6d9649ad93265fe2fb77a566~tplv-photomode-image.jpeg?dr=9616&x-expires=1774407600&x-signature=At0oNM5%2FWC7zPfVcbyTho2f%2BCrY%3D&t=4d5b0474&ps=13740610&shp=81f88b70&shcp=9b759fb9&idc=useast5&ftpl=1""},{""tiktokLink"":""https://p19-common-sign.tiktokcdn-us.com/tos-useast8-i-photomode-tx2/90e95cfc64e24e5c8e4f4d57f3250143~tplv-photomode-image.jpeg?dr=9616&x-expires=1774407600&x-signature=ZHHG16XEx%2BS2fDkOJ1ijWOpfoss%3D&t=4d5b0474&ps=13740610&shp=81f88b70&shcp=9b759fb9&idc=useast5&ftpl=1"",""downloadLink"":""https://p19-common-sign.tiktokcdn-us.com/tos-useast8-i-photomode-tx2/90e95cfc64e24e5c8e4f4d57f3250143~tplv-photomode-image.jpeg?dr=9616&x-expires=1774407600&x-signature=ZHHG16XEx%2BS2fDkOJ1ijWOpfoss%3D&t=4d5b0474&ps=13740610&shp=81f88b70&shcp=9b759fb9&idc=useast5&ftpl=1""},{""tiktokLink"":""https://p19-common-sign.tiktokcdn-us.com/tos-useast8-i-photomode-tx2/f24a4065cf444148972162c603482971~tplv-photomode-image.jpeg?dr=9616&x-expires=1774407600&x-signature=N9oPm5njD7e%2BbsqDqYdzIhVtrro%3D&t=4d5b0474&ps=13740610&shp=81f88b70&shcp=9b759fb9&idc=useast5&ftpl=1"",""downloadLink"":""https://p19-common-sign.tiktokcdn-us.com/tos-useast8-i-photomode-tx2/f24a4065cf444148972162c603482971~tplv-photomode-image.jpeg?dr=9616&x-expires=1774407600&x-signature=N9oPm5njD7e%2BbsqDqYdzIhVtrro%3D&t=4d5b0474&ps=13740610&shp=81f88b70&shcp=9b759fb9&idc=useast5&ftpl=1""},{""tiktokLink"":""https://p16-common-sign.tiktokcdn-us.com/tos-useast8-i-photomode-tx2/8a0d324e5ca448d59d20462e9c57d03b~tplv-photomode-image.jpeg?dr=9616&x-expires=1774407600&x-signature=Ks2sI4Sf1cVub%2FPeNUnp8OMQSzk%3D&t=4d5b0474&ps=13740610&shp=81f88b70&shcp=9b759fb9&idc=useast5&ftpl=1"",""downloadLink"":""https://p16-common-sign.tiktokcdn-us.com/tos-useast8-i-photomode-tx2/8a0d324e5ca448d59d20462e9c57d03b~tplv-photomode-image.jpeg?dr=9616&x-expires=1774407600&x-signature=Ks2sI4Sf1cVub%2FPeNUnp8OMQSzk%3D&t=4d5b0474&ps=13740610&shp=81f88b70&shcp=9b759fb9&idc=useast5&ftpl=1""}]",false,false,[],sanctuarywrld,videos,
7555578861463915807,"Your astrology week ahead is serving confused but cute 🤪💫 The cosmic cue? Don’t rush it. Slow down and be intentional with every move. The stars are waiting… 💫 

Click the link in bio to view your ...",en,1759170301,2025-09-29T18:25:01.000Z,false,"{""id"":""6870995222446408710"",""name"":""sanctuarywrld"",""profileUrl"":""https://www.tiktok.com/@sanctuarywrld"",""nickName"":""Sanctuary"",""verified"":false,""signature"":""▼ Your daily guide to the universe ▼\nDownload the app iOS and Android!"",""bioLink"":""https://social.sanctuaryworld.co/tiktok-linkinbio-birthchart"",""avatar"":""https://p16-common-sign.tiktokcdn-us.com/tos-useast5-avt-0068-tx/7347087487909429291~tplv-tiktokx-cropcenter:720:720.jpeg?dr=9640&refresh_token=e654da7f&x-expires=1774407600&x-signature=%2FF6Fr6Rw4orlgXoAh7JGjK94izM%3D&t=4d5b0474&ps=13740610&shp=a5d48078&shcp=81f88b70&idc=useast8"",""commerceUserInfo"":{""commerceUser"":true,""category"":""Software & Apps"",""categoryButton"":false},""privateAccount"":false,""roomId"":"""",""ttSeller"":false,""createTime"":1599778397,""following"":583,""friends"":53,""fans"":45200,""heart"":1100000,""video"":966,""digg"":0,""originalAvatarUrl"":""https://p16-common-sign.tiktokcdn-us.com/tos-useast5-avt-0068-tx/7347087487909429291~tplv-tiktokx-cropcenter:720:720.jpeg?dr=9640&refresh_token=e654da7f&x-expires=1774407600&x-signature=%2FF6Fr6Rw4orlgXoAh7JGjK94izM%3D&t=4d5b0474&ps=13740610&shp=a5d48078&shcp=81f88b70&idc=useast8""}","{""musicName"":""Calm Days (Lofi)"",""musicAuthor"":""The Machinist Beats"",""musicOriginal"":false,""musicAlbum"":""Mindful Times"",""coverMediumUrl"":""https://p19-common-sign.tiktokcdn-us.com/tos-alisg-v-2774/ooU7ImFVAEQF8GGfBADCIFHyZHng0BAtA9EIfu~tplv-tiktokx-cropcenter:200:200.jpeg?dr=9640&refresh_token=0d3625dc&x-expires=1774256400&x-signature=0IueFR%2BINfdF37%2BsTIe%2BPf2Gktg%3D&t=4d5b0474&ps=13740610&shp=08d74b56&shcp=81f88b70&idc=useast5"",""musicId"":""7430887980761729040"",""originalCoverMediumUrl"":""https://p19-common-sign.tiktokcdn-us.com/tos-alisg-v-2774/ooU7ImFVAEQF8GGfBADCIFHyZHng0BAtA9EIfu~tplv-tiktokx-cropcenter:200:200.jpeg?dr=9640&refresh_token=0d3625dc&x-expires=1774256400&x-signature=0IueFR%2BINfdF37%2BsTIe%2BPf2Gktg%3D&t=4d5b0474&ps=13740610&shp=08d74b56&shcp=81f88b70&idc=useast5""}",https://www.tiktok.com/@sanctuarywrld/video/7555578861463915807,"{""height"":0,""width"":0,""duration"":0,""coverUrl"":""https://p19-common-sign.tiktokcdn-us.com/tos-useast8-i-photomode-tx2/cb2c80139c17407585fa72de1807fa14~tplv-photomode-image.jpeg?dr=9616&x-expires=1774407600&x-signature=aw%2FlWdue%2BEYsfYWcCqM2mMFnEL0%3D&t=4d5b0474&ps=13740610&shp=81f88b70&shcp=9b759fb9&idc=useast5&ftpl=1"",""transcriptionLink"":null,""originalCoverUrl"":""https://p19-common-sign.tiktokcdn-us.com/tos-useast8-i-photomode-tx2/cb2c80139c17407585fa72de1807fa14~tplv-photomode-image.jpeg?dr=9616&x-expires=1774407600&x-signature=aw%2FlWdue%2BEYsfYWcCqM2mMFnEL0%3D&t=4d5b0474&ps=13740610&shp=81f88b70&shcp=9b759fb9&idc=useast5&ftpl=1""}",56,0,1282,10,0,0,[],[],"[{""name"":""astrology""},{""name"":""zodiacsigns""},{""name"":""weeklyupdate""},{""name"":""astrologytiktok""},{""name"":""moon""}]","[{""ID"":""242883878"",""name"":""Flawless Skin"",""stickerStats"":{""useCount"":0}},{""ID"":""1501446"",""name"":""Green Eyes for Brown Eyes"",""stickerStats"":{""useCount"":0}}]",true,"[{""tiktokLink"":""https://p16-common-sign.tiktokcdn-us.com/tos-useast8-i-photomode-tx2/cb2c80139c17407585fa72de1807fa14~tplv-photomode-image.jpeg?dr=9616&x-expires=1774407600&x-signature=m4j7eALfbcns2DhfzfTt9oPgKI8%3D&t=4d5b0474&ps=13740610&shp=81f88b70&shcp=9b759fb9&idc=useast5&ftpl=1"",""downloadLink"":""https://p16-common-sign.tiktokcdn-us.com/tos-useast8-i-photomode-tx2/cb2c80139c17407585fa72de1807fa14~tplv-photomode-image.jpeg?dr=9616&x-expires=1774407600&x-signature=m4j7eALfbcns2DhfzfTt9oPgKI8%3D&t=4d5b0474&ps=13740610&shp=81f88b70&shcp=9b759fb9&idc=useast5&ftpl=1""},{""tiktokLink"":""https://p16-common-sign.tiktokcdn-us.com/tos-useast8-i-photomode-tx2/b8bf3544cc2b4a70875f147b832c5c0b~tplv-photomode-image.jpeg?dr=9616&x-expires=1774407600&x-signature=%2F6QH56cDRJBbOcPII38Bq%2BRYtyM%3D&t=4d5b0474&ps=13740610&shp=81f88b70&shcp=9b759fb9&idc=useast5&ftpl=1"",""downloadLink"":""https://p16-common-sign.tiktokcdn-us.com/tos-useast8-i-photomode-tx2/b8bf3544cc2b4a70875f147b832c5c0b~tplv-photomode-image.jpeg?dr=9616&x-expires=1774407600&x-signature=%2F6QH56cDRJBbOcPII38Bq%2BRYtyM%3D&t=4d5b0474&ps=13740610&shp=81f88b70&shcp=9b759fb9&idc=useast5&ftpl=1""},{""tiktokLink"":""https://p16-common-sign.tiktokcdn-us.com/tos-useast8-i-photomode-tx2/7caf11f8c0c549dda46a7c6306fac72b~tplv-photomode-image.jpeg?dr=9616&x-expires=1774407600&x-signature=lIDZYnmkbLv47WQmpc%2B2puihRJ4%3D&t=4d5b0474&ps=13740610&shp=81f88b70&shcp=9b759fb9&idc=useast5&ftpl=1"",""downloadLink"":""https://p16-common-sign.tiktokcdn-us.com/tos-useast8-i-photomode-tx2/7caf11f8c0c549dda46a7c6306fac72b~tplv-photomode-image.jpeg?dr=9616&x-expires=1774407600&x-signature=lIDZYnmkbLv47WQmpc%2B2puihRJ4%3D&t=4d5b0474&ps=13740610&shp=81f88b70&shcp=9b759fb9&idc=useast5&ftpl=1""},{""tiktokLink"":""https://p16-common-sign.tiktokcdn-us.com/tos-useast8-i-photomode-tx2/849213101fab4f858c6eeb41dfcd300d~tplv-photomode-image.jpeg?dr=9616&x-expires=1774407600&x-signature=9myPuuDXFN6XhfoU0ram3GFFfzk%3D&t=4d5b0474&ps=13740610&shp=81f88b70&shcp=9b759fb9&idc=useast5&ftpl=1"",""downloadLink"":""https://p16-common-sign.tiktokcdn-us.com/tos-useast8-i-photomode-tx2/849213101fab4f858c6eeb41dfcd300d~tplv-photomode-image.jpeg?dr=9616&x-expires=1774407600&x-signature=9myPuuDXFN6XhfoU0ram3GFFfzk%3D&t=4d5b0474&ps=13740610&shp=81f88b70&shcp=9b759fb9&idc=useast5&ftpl=1""},{""tiktokLink"":""https://p16-common-sign.tiktokcdn-us.com/tos-useast8-i-photomode-tx2/c147542f96aa4477b5bf866a464daade~tplv-photomode-image.jpeg?dr=9616&x-expires=1774407600&x-signature=YGzdjreo3if5iOOU3n5R6wMQHds%3D&t=4d5b0474&ps=13740610&shp=81f88b70&shcp=9b759fb9&idc=useast5&ftpl=1"",""downloadLink"":""https://p16-common-sign.tiktokcdn-us.com/tos-useast8-i-photomode-tx2/c147542f96aa4477b5bf866a464daade~tplv-photomode-image.jpeg?dr=9616&x-expires=1774407600&x-signature=YGzdjreo3if5iOOU3n5R6wMQHds%3D&t=4d5b0474&ps=13740610&shp=81f88b70&shcp=9b759fb9&idc=useast5&ftpl=1""},{""tiktokLink"":""https://p16-common-sign.tiktokcdn-us.com/tos-useast8-i-photomode-tx2/fddc6d207ee84c31a004eccc7e2219f2~tplv-photomode-image.jpeg?dr=9616&x-expires=1774407600&x-signature=3VXCxLPoFC9i3wQWi%2BBcrH9LpV0%3D&t=4d5b0474&ps=13740610&shp=81f88b70&shcp=9b759fb9&idc=useast5&ftpl=1"",""downloadLink"":""https://p16-common-sign.tiktokcdn-us.com/tos-useast8-i-photomode-tx2/fddc6d207ee84c31a004eccc7e2219f2~tplv-photomode-image.jpeg?dr=9616&x-expires=1774407600&x-signature=3VXCxLPoFC9i3wQWi%2BBcrH9LpV0%3D&t=4d5b0474&ps=13740610&shp=81f88b70&shcp=9b759fb9&idc=useast5&ftpl=1""},{""tiktokLink"":""https://p16-common-sign.tiktokcdn-us.com/tos-useast8-i-photomode-tx2/50d0f0394fec4e43ac2c95b7412d0caf~tplv-photomode-image.jpeg?dr=9616&x-expires=1774407600&x-signature=fpjz8XsQPidqr3zKdBAxAmfP7DY%3D&t=4d5b0474&ps=13740610&shp=81f88b70&shcp=9b759fb9&idc=useast5&ftpl=1"",""downloadLink"":""https://p16-common-sign.tiktokcdn-us.com/tos-useast8-i-photomode-tx2/50d0f0394fec4e43ac2c95b7412d0caf~tplv-photomode-image.jpeg?dr=9616&x-expires=1774407600&x-signature=fpjz8XsQPidqr3zKdBAxAmfP7DY%3D&t=4d5b0474&ps=13740610&shp=81f88b70&shcp=9b759fb9&idc=useast5&ftpl=1""}]",false,false,[],sanctuarywrld,videos,
7551957343118822669,"The Virgo solar eclipse is here, and she’s serving: delete, declutter, reset. 🧹✨ New beginnings are loading. 

Today’s eclipse is stirring up health, work, and daily routines. You might suddenly feel...",en,1758327107,2025-09-20T00:11:47.000Z,false,"{""id"":""6870995222446408710"",""name"":""sanctuarywrld"",""profileUrl"":""https://www.tiktok.com/@sanctuarywrld"",""nickName"":""Sanctuary"",""verified"":false,""signature"":""▼ Your daily guide to the universe ▼\nDownload the app iOS and Android!"",""bioLink"":""https://social.sanctuaryworld.co/tiktok-linkinbio-birthchart"",""avatar"":""https://p16-common-sign.tiktokcdn-us.com/tos-useast5-avt-0068-tx/7347087487909429291~tplv-tiktokx-cropcenter:720:720.jpeg?dr=9640&refresh_token=e654da7f&x-expires=1774407600&x-signature=%2FF6Fr6Rw4orlgXoAh7JGjK94izM%3D&t=4d5b0474&ps=13740610&shp=a5d48078&shcp=81f88b70&idc=useast8"",""commerceUserInfo"":{""commerceUser"":true,""category"":""Software & Apps"",""categoryButton"":false},""privateAccount"":false,""roomId"":"""",""ttSeller"":false,""createTime"":1599778397,""following"":583,""friends"":53,""fans"":45200,""heart"":1100000,""video"":966,""digg"":0,""originalAvatarUrl"":""https://p16-common-sign.tiktokcdn-us.com/tos-useast5-avt-0068-tx/7347087487909429291~tplv-tiktokx-cropcenter:720:720.jpeg?dr=9640&refresh_token=e654da7f&x-expires=1774407600&x-signature=%2FF6Fr6Rw4orlgXoAh7JGjK94izM%3D&t=4d5b0474&ps=13740610&shp=a5d48078&shcp=81f88b70&idc=useast8""}","{""musicName"":""solar"",""musicAuthor"":""insensible"",""musicOriginal"":false,""musicAlbum"":""solar"",""playUrl"":""https://sf16.tiktokcdn-us.com/obj/tos-alisg-ve-2774/og4EEThAAf2zFQJfSSYoMtFMadDDg1fXCrcyDG"",""coverMediumUrl"":""https://p16-common.tiktokcdn-us.com/tos-alisg-v-2774/ogefwAAGkFXi9OaLIAArCKIE1GrDeBGAVmIfAj~tplv-tiktokx-cropcenter:200:200.jpeg?dr=9584&t=4d5b0474&ps=933b5bde&shp=08d74b56&shcp=81f88b70&idc=useast5"",""musicId"":""7416175624313096208"",""originalCoverMediumUrl"":""https://p16-common.tiktokcdn-us.com/tos-alisg-v-2774/ogefwAAGkFXi9OaLIAArCKIE1GrDeBGAVmIfAj~tplv-tiktokx-cropcenter:200:200.jpeg?dr=9584&t=4d5b0474&ps=933b5bde&shp=08d74b56&shcp=81f88b70&idc=useast5""}",https://www.tiktok.com/@sanctuarywrld/video/7551957343118822669,"{""height"":0,""width"":0,""duration"":0,""coverUrl"":""https://p16-common-sign.tiktokcdn-us.com/tos-useast5-i-photomode-tx/2faa48cc6a154461945063084875ca80~tplv-photomode-image.jpeg?dr=9616&x-expires=1774407600&x-signature=Z3mMWQXUuEhmWo%2FjposWQH1D2Pg%3D&t=4d5b0474&ps=13740610&shp=81f88b70&shcp=9b759fb9&idc=useast5&ftpl=1"",""transcriptionLink"":null,""originalCoverUrl"":""https://p16-common-sign.tiktokcdn-us.com/tos-useast5-i-photomode-tx/2faa48cc6a154461945063084875ca80~tplv-photomode-image.jpeg?dr=9616&x-expires=1774407600&x-signature=Z3mMWQXUuEhmWo%2FjposWQH1D2Pg%3D&t=4d5b0474&ps=13740610&shp=81f88b70&shcp=9b759fb9&idc=useast5&ftpl=1""}",19,0,267,1,0,0,[],[],"[{""name"":""eclipseseason""},{""name"":""solareclipse""},{""name"":""zodiactiktok""},{""name"":""astrology""},{""name"":""virgo""}]","[{""ID"":""242883878"",""name"":""Flawless Skin"",""stickerStats"":{""useCount"":0}},{""ID"":""1501446"",""name"":""Green Eyes for Brown Eyes"",""stickerStats"":{""useCount"":0}}]",true,"[{""tiktokLink"":""https://p19-common-sign.tiktokcdn-us.com/tos-useast5-i-photomode-tx/2faa48cc6a154461945063084875ca80~tplv-photomode-image.jpeg?dr=9616&x-expires=1774407600&x-signature=x1ozlT761Kzu%2FLxIyhGbPsqJBHE%3D&t=4d5b0474&ps=13740610&shp=81f88b70&shcp=9b759fb9&idc=useast5&ftpl=1"",""downloadLink"":""https://p19-common-sign.tiktokcdn-us.com/tos-useast5-i-photomode-tx/2faa48cc6a154461945063084875ca80~tplv-photomode-image.jpeg?dr=9616&x-expires=1774407600&x-signature=x1ozlT761Kzu%2FLxIyhGbPsqJBHE%3D&t=4d5b0474&ps=13740610&shp=81f88b70&shcp=9b759fb9&idc=useast5&ftpl=1""},{""tiktokLink"":""https://p16-common-sign.tiktokcdn-us.com/tos-useast5-i-photomode-tx/b620855b5836403fac59c578832a97c3~tplv-photomode-image.jpeg?dr=9616&x-expires=1774407600&x-signature=LrKIA3iJmlXcSh5FgFieCZV%2Fz1E%3D&t=4d5b0474&ps=13740610&shp=81f88b70&shcp=9b759fb9&idc=useast5&ftpl=1"",""downloadLink"":""https://p16-common-sign.tiktokcdn-us.com/tos-useast5-i-photomode-tx/b620855b5836403fac59c578832a97c3~tplv-photomode-image.jpeg?dr=9616&x-expires=1774407600&x-signature=LrKIA3iJmlXcSh5FgFieCZV%2Fz1E%3D&t=4d5b0474&ps=13740610&shp=81f88b70&shcp=9b759fb9&idc=useast5&ftpl=1""},{""tiktokLink"":""https://p16-common-sign.tiktokcdn-us.com/tos-useast5-i-photomode-tx/c76661722b4a4d868359aad5ca9104f3~tplv-photomode-image.jpeg?dr=9616&x-expires=1774407600&x-signature=%2F88JcKEQZnQrlhwuaAl6dc%2BGiNU%3D&t=4d5b0474&ps=13740610&shp=81f88b70&shcp=9b759fb9&idc=useast5&ftpl=1"",""downloadLink"":""https://p16-common-sign.tiktokcdn-us.com/tos-useast5-i-photomode-tx/c76661722b4a4d868359aad5ca9104f3~tplv-photomode-image.jpeg?dr=9616&x-expires=1774407600&x-signature=%2F88JcKEQZnQrlhwuaAl6dc%2BGiNU%3D&t=4d5b0474&ps=13740610&shp=81f88b70&shcp=9b759fb9&idc=useast5&ftpl=1""},{""tiktokLink"":""https://p16-common-sign.tiktokcdn-us.com/tos-useast5-i-photomode-tx/6890b62f5add49d8afff9ff5f06fd061~tplv-photomode-image.jpeg?dr=9616&x-expires=1774407600&x-signature=%2FUkz0ILRaiwxsLawflyIEGxePTs%3D&t=4d5b0474&ps=13740610&shp=81f88b70&shcp=9b759fb9&idc=useast5&ftpl=1"",""downloadLink"":""https://p16-common-sign.tiktokcdn-us.com/tos-useast5-i-photomode-tx/6890b62f5add49d8afff9ff5f06fd061~tplv-photomode-image.jpeg?dr=9616&x-expires=1774407600&x-signature=%2FUkz0ILRaiwxsLawflyIEGxePTs%3D&t=4d5b0474&ps=13740610&shp=81f88b70&shcp=9b759fb9&idc=useast5&ftpl=1""},{""tiktokLink"":""https://p16-common-sign.tiktokcdn-us.com/tos-useast5-i-photomode-tx/0be062d767bf4eed95228f180f4f356f~tplv-photomode-image.jpeg?dr=9616&x-expires=1774407600&x-signature=ijR2MBEpqBd%2BBx1zfxv78oal4Ag%3D&t=4d5b0474&ps=13740610&shp=81f88b70&shcp=9b759fb9&idc=useast5&ftpl=1"",""downloadLink"":""https://p16-common-sign.tiktokcdn-us.com/tos-useast5-i-photomode-tx/0be062d767bf4eed95228f180f4f356f~tplv-photomode-image.jpeg?dr=9616&x-expires=1774407600&x-signature=ijR2MBEpqBd%2BBx1zfxv78oal4Ag%3D&t=4d5b0474&ps=13740610&shp=81f88b70&shcp=9b759fb9&idc=useast5&ftpl=1""},{""tiktokLink"":""https://p16-common-sign.tiktokcdn-us.com/tos-useast5-i-photomode-tx/4d60b0ae398943c7a0aea3aadaa6a671~tplv-photomode-image.jpeg?dr=9616&x-expires=1774407600&x-signature=yQif45Pj01kSjGdm%2FM7V4UVlbdE%3D&t=4d5b0474&ps=13740610&shp=81f88b70&shcp=9b759fb9&idc=useast5&ftpl=1"",""downloadLink"":""https://p16-common-sign.tiktokcdn-us.com/tos-useast5-i-photomode-tx/4d60b0ae398943c7a0aea3aadaa6a671~tplv-photomode-image.jpeg?dr=9616&x-expires=1774407600&x-signature=yQif45Pj01kSjGdm%2FM7V4UVlbdE%3D&t=4d5b0474&ps=13740610&shp=81f88b70&shcp=9b759fb9&idc=useast5&ftpl=1""},{""tiktokLink"":""https://p16-common-sign.tiktokcdn-us.com/tos-useast5-i-photomode-tx/6d9e24e0796b4e34baed845aac67055a~tplv-photomode-image.jpeg?dr=9616&x-expires=1774407600&x-signature=oBeVIzJT1EnfpYi%2FhOQvqUq2jmg%3D&t=4d5b0474&ps=13740610&shp=81f88b70&shcp=9b759fb9&idc=useast5&ftpl=1"",""downloadLink"":""https://p16-common-sign.tiktokcdn-us.com/tos-useast5-i-photomode-tx/6d9e24e0796b4e34baed845aac67055a~tplv-photomode-image.jpeg?dr=9616&x-expires=1774407600&x-signature=oBeVIzJT1EnfpYi%2FhOQvqUq2jmg%3D&t=4d5b0474&ps=13740610&shp=81f88b70&shcp=9b759fb9&idc=useast5&ftpl=1""},{""tiktokLink"":""https://p16-common-sign.tiktokcdn-us.com/tos-useast5-i-photomode-tx/bbf5edd3977f472eb1b1220b859f7a40~tplv-photomode-image.jpeg?dr=9616&x-expires=1774407600&x-signature=i7PVGsOhNZKJwHl0ykhj0SIFp54%3D&t=4d5b0474&ps=13740610&shp=81f88b70&shcp=9b759fb9&idc=useast5&ftpl=1"",""downloadLink"":""https://p16-common-sign.tiktokcdn-us.com/tos-useast5-i-photomode-tx/bbf5edd3977f472eb1b1220b859f7a40~tplv-photomode-image.jpeg?dr=9616&x-expires=1774407600&x-signature=i7PVGsOhNZKJwHl0ykhj0SIFp54%3D&t=4d5b0474&ps=13740610&shp=81f88b70&shcp=9b759fb9&idc=useast5&ftpl=1""},{""tiktokLink"":""https://p19-common-sign.tiktokcdn-us.com/tos-useast5-i-photomode-tx/d62118a41a60426186b52c99bbf092fb~tplv-photomode-image.jpeg?dr=9616&x-expires=1774407600&x-signature=6tIECFdLsxLDzQraeIoFfII3ByY%3D&t=4d5b0474&ps=13740610&shp=81f88b70&shcp=9b759fb9&idc=useast5&ftpl=1"",""downloadLink"":""https://p19-common-sign.tiktokcdn-us.com/tos-useast5-i-photomode-tx/d62118a41a60426186b52c99bbf092fb~tplv-photomode-image.jpeg?dr=9616&x-expires=1774407600&x-signature=6tIECFdLsxLDzQraeIoFfII3ByY%3D&t=4d5b0474&ps=13740610&shp=81f88b70&shcp=9b759fb9&idc=useast5&ftpl=1""},{""tiktokLink"":""https://p19-common-sign.tiktokcdn-us.com/tos-useast5-i-photomode-tx/0e552c9b45664ae5a47df8ff8c08f59f~tplv-photomode-image.jpeg?dr=9616&x-expires=1774407600&x-signature=%2Fc9i1IFmZmtEeOTZjqKTqxxDH9c%3D&t=4d5b0474&ps=13740610&shp=81f88b70&shcp=9b759fb9&idc=useast5&ftpl=1"",""downloadLink"":""https://p19-common-sign.tiktokcdn-us.com/tos-useast5-i-photomode-tx/0e552c9b45664ae5a47df8ff8c08f59f~tplv-photomode-image.jpeg?dr=9616&x-expires=1774407600&x-signature=%2Fc9i1IFmZmtEeOTZjqKTqxxDH9c%3D&t=4d5b0474&ps=13740610&shp=81f88b70&shcp=9b759fb9&idc=useast5&ftpl=1""},{""tiktokLink"":""https://p16-common-sign.tiktokcdn-us.com/tos-useast5-i-photomode-tx/1b31468f48c34ab7bc8fd82841a4c30b~tplv-photomode-image.jpeg?dr=9616&x-expires=1774407600&x-signature=Hz7XPC5sL9QolMiMnRW7IBufhNs%3D&t=4d5b0474&ps=13740610&shp=81f88b70&shcp=9b759fb9&idc=useast5&ftpl=1"",""downloadLink"":""https://p16-common-sign.tiktokcdn-us.com/tos-useast5-i-photomode-tx/1b31468f48c34ab7bc8fd82841a4c30b~tplv-photomode-image.jpeg?dr=9616&x-expires=1774407600&x-signature=Hz7XPC5sL9QolMiMnRW7IBufhNs%3D&t=4d5b0474&ps=13740610&shp=81f88b70&shcp=9b759fb9&idc=useast5&ftpl=1""},{""tiktokLink"":""https://p16-common-sign.tiktokcdn-us.com/tos-useast5-i-photomode-tx/8cc31b952c9942379249a97aca40efc0~tplv-photomode-image.jpeg?dr=9616&x-expires=1774407600&x-signature=0m2y%2FaK9JmyXlxH02QHz5eNJuxM%3D&t=4d5b0474&ps=13740610&shp=81f88b70&shcp=9b759fb9&idc=useast5&ftpl=1"",""downloadLink"":""https://p16-common-sign.tiktokcdn-us.com/tos-useast5-i-photomode-tx/8cc31b952c9942379249a97aca40efc0~tplv-photomode-image.jpeg?dr=9616&x-expires=1774407600&x-signature=0m2y%2FaK9JmyXlxH02QHz5eNJuxM%3D&t=4d5b0474&ps=13740610&shp=81f88b70&shcp=9b759fb9&idc=useast5&ftpl=1""},{""tiktokLink"":""https://p16-common-sign.tiktokcdn-us.com/tos-useast5-i-photomode-tx/58975aed97e845c185174977e338aaa9~tplv-photomode-image.jpeg?dr=9616&x-expires=1774407600&x-signature=5Pb3VAJ9%2BiI9cvgb5fkO4ktNXxY%3D&t=4d5b0474&ps=13740610&shp=81f88b70&shcp=9b759fb9&idc=useast5&ftpl=1"",""downloadLink"":""https://p16-common-sign.tiktokcdn-us.com/tos-useast5-i-photomode-tx/58975aed97e845c185174977e338aaa9~tplv-photomode-image.jpeg?dr=9616&x-expires=1774407600&x-signature=5Pb3VAJ9%2BiI9cvgb5fkO4ktNXxY%3D&t=4d5b0474&ps=13740610&shp=81f88b70&shcp=9b759fb9&idc=useast5&ftpl=1""},{""tiktokLink"":""https://p16-common-sign.tiktokcdn-us.com/tos-useast5-i-photomode-tx/821e81d7a4d84c46a826c7d1705ce50c~tplv-photomode-image.jpeg?dr=9616&x-expires=1774407600&x-signature=ia59VHbmGRxzbcfcfAGWY49QtIk%3D&t=4d5b0474&ps=13740610&shp=81f88b70&shcp=9b759fb9&idc=useast5&ftpl=1"",""downloadLink"":""https://p16-common-sign.tiktokcdn-us.com/tos-useast5-i-photomode-tx/821e81d7a4d84c46a826c7d1705ce50c~tplv-photomode-image.jpeg?dr=9616&x-expires=1774407600&x-signature=ia59VHbmGRxzbcfcfAGWY49QtIk%3D&t=4d5b0474&ps=13740610&shp=81f88b70&shcp=9b759fb9&idc=useast5&ftpl=1""}]",false,false,[],sanctuarywrld,videos,
7551899093086342414,"The week crescendos with a powerful solar eclipse in Virgo, bringing new beginnings, sudden clarity, and major shifts in the areas of health, work, and daily routines. 🧺✨

🫨 Solar eclipses act as co...",en,1758313537,2025-09-19T20:25:37.000Z,false,"{""id"":""6870995222446408710"",""name"":""sanctuarywrld"",""profileUrl"":""https://www.tiktok.com/@sanctuarywrld"",""nickName"":""Sanctuary"",""verified"":false,""signature"":""▼ Your daily guide to the universe ▼\nDownload the app iOS and Android!"",""bioLink"":""https://social.sanctuaryworld.co/tiktok-linkinbio-birthchart"",""avatar"":""https://p16-common-sign.tiktokcdn-us.com/tos-useast5-avt-0068-tx/7347087487909429291~tplv-tiktokx-cropcenter:720:720.jpeg?dr=9640&refresh_token=e654da7f&x-expires=1774407600&x-signature=%2FF6Fr6Rw4orlgXoAh7JGjK94izM%3D&t=4d5b0474&ps=13740610&shp=a5d48078&shcp=81f88b70&idc=useast8"",""commerceUserInfo"":{""commerceUser"":true,""category"":""Software & Apps"",""categoryButton"":false},""privateAccount"":false,""roomId"":"""",""ttSeller"":false,""createTime"":1599778397,""following"":583,""friends"":53,""fans"":45200,""heart"":1100000,""video"":966,""digg"":0,""originalAvatarUrl"":""https://p16-common-sign.tiktokcdn-us.com/tos-useast5-avt-0068-tx/7347087487909429291~tplv-tiktokx-cropcenter:720:720.jpeg?dr=9640&refresh_token=e654da7f&x-expires=1774407600&x-signature=%2FF6Fr6Rw4orlgXoAh7JGjK94izM%3D&t=4d5b0474&ps=13740610&shp=a5d48078&shcp=81f88b70&idc=useast8""}","{""musicName"":""Heartbreaks + Setbacks"",""musicAuthor"":""Thundercat"",""musicOriginal"":false,""musicAlbum"":""Apocalypse"",""playUrl"":""https://sf16.tiktokcdn-us.com/obj/tos-alisg-ve-2774/oszCXLDn7WheUKmteQifFcgwHCgawWTxGCSzIA"",""coverMediumUrl"":""https://p16-common.tiktokcdn-us.com/tos-alisg-v-2774/o4LAgABthC2ElFLz1DfERDDAAAafA3eCmhLGIG~tplv-tiktokx-cropcenter:200:200.jpeg?dr=9584&t=4d5b0474&ps=933b5bde&shp=08d74b56&shcp=81f88b70&idc=useast5"",""musicId"":""6741110253019990018"",""originalCoverMediumUrl"":""https://p16-common.tiktokcdn-us.com/tos-alisg-v-2774/o4LAgABthC2ElFLz1DfERDDAAAafA3eCmhLGIG~tplv-tiktokx-cropcenter:200:200.jpeg?dr=9584&t=4d5b0474&ps=933b5bde&shp=08d74b56&shcp=81f88b70&idc=useast5""}",https://www.tiktok.com/@sanctuarywrld/video/7551899093086342414,"{""height"":0,""width"":0,""duration"":0,""coverUrl"":""https://p16-common-sign.tiktokcdn-us.com/tos-useast5-i-photomode-tx/2314960abf044e3fb4c29dd76a202072~tplv-photomode-image.jpeg?dr=9616&x-expires=1774407600&x-signature=jiAHi2u70TmCFBnb818ZIyzkKZM%3D&t=4d5b0474&ps=13740610&shp=81f88b70&shcp=9b759fb9&idc=useast5&ftpl=1"",""transcriptionLink"":null,""originalCoverUrl"":""https://p16-common-sign.tiktokcdn-us.com/tos-useast5-i-photomode-tx/2314960abf044e3fb4c29dd76a202072~tplv-photomode-image.jpeg?dr=9616&x-expires=1774407600&x-signature=jiAHi2u70TmCFBnb818ZIyzkKZM%3D&t=4d5b0474&ps=13740610&shp=81f88b70&shcp=9b759fb9&idc=useast5&ftpl=1""}",20,2,407,2,0,0,[],[],"[{""name"":""eclipseseason""},{""name"":""solareclipse""},{""name"":""virgo""},{""name"":""zodiactiktok""},{""name"":""astrology""}]","[{""ID"":""242883878"",""name"":""Flawless Skin"",""stickerStats"":{""useCount"":0}},{""ID"":""1501446"",""name"":""Green Eyes for Brown Eyes"",""stickerStats"":{""useCount"":0}}]",true,"[{""tiktokLink"":""https://p19-common-sign.tiktokcdn-us.com/tos-useast5-i-photomode-tx/2314960abf044e3fb4c29dd76a202072~tplv-photomode-image.jpeg?dr=9616&x-expires=1774407600&x-signature=uvpU%2BYCIU2%2BedhpoL01V1gcTcuI%3D&t=4d5b0474&ps=13740610&shp=81f88b70&shcp=9b759fb9&idc=useast5&ftpl=1"",""downloadLink"":""https://p19-common-sign.tiktokcdn-us.com/tos-useast5-i-photomode-tx/2314960abf044e3fb4c29dd76a202072~tplv-photomode-image.jpeg?dr=9616&x-expires=1774407600&x-signature=uvpU%2BYCIU2%2BedhpoL01V1gcTcuI%3D&t=4d5b0474&ps=13740610&shp=81f88b70&shcp=9b759fb9&idc=useast5&ftpl=1""},{""tiktokLink"":""https://p16-common-sign.tiktokcdn-us.com/tos-useast5-i-photomode-tx/95596fbcd9524a8987dbd79a0682c226~tplv-photomode-image.jpeg?dr=9616&x-expires=1774407600&x-signature=IbBsKJ48ZJzkJn8%2Fi5Y3pDFA%2F%2BU%3D&t=4d5b0474&ps=13740610&shp=81f88b70&shcp=9b759fb9&idc=useast5&ftpl=1"",""downloadLink"":""https://p16-common-sign.tiktokcdn-us.com/tos-useast5-i-photomode-tx/95596fbcd9524a8987dbd79a0682c226~tplv-photomode-image.jpeg?dr=9616&x-expires=1774407600&x-signature=IbBsKJ48ZJzkJn8%2Fi5Y3pDFA%2F%2BU%3D&t=4d5b0474&ps=13740610&shp=81f88b70&shcp=9b759fb9&idc=useast5&ftpl=1""},{""tiktokLink"":""https://p16-common-sign.tiktokcdn-us.com/tos-useast5-i-photomode-tx/585f960bfce64406934ff6dea16ba76d~tplv-photomode-image.jpeg?dr=9616&x-expires=1774407600&x-signature=4QvuqgKj0wVam1%2Fc%2FS1ubujkwVk%3D&t=4d5b0474&ps=13740610&shp=81f88b70&shcp=9b759fb9&idc=useast5&ftpl=1"",""downloadLink"":""https://p16-common-sign.tiktokcdn-us.com/tos-useast5-i-photomode-tx/585f960bfce64406934ff6dea16ba76d~tplv-photomode-image.jpeg?dr=9616&x-expires=1774407600&x-signature=4QvuqgKj0wVam1%2Fc%2FS1ubujkwVk%3D&t=4d5b0474&ps=13740610&shp=81f88b70&shcp=9b759fb9&idc=useast5&ftpl=1""},{""tiktokLink"":""https://p16-common-sign.tiktokcdn-us.com/tos-useast5-i-photomode-tx/124aad2a38994c1f8cbe04c3bdf66ca6~tplv-photomode-image.jpeg?dr=9616&x-expires=1774407600&x-signature=d8ybjkAxprWz9Ylogfy3duFafug%3D&t=4d5b0474&ps=13740610&shp=81f88b70&shcp=9b759fb9&idc=useast5&ftpl=1"",""downloadLink"":""https://p16-common-sign.tiktokcdn-us.com/tos-useast5-i-photomode-tx/124aad2a38994c1f8cbe04c3bdf66ca6~tplv-photomode-image.jpeg?dr=9616&x-expires=1774407600&x-signature=d8ybjkAxprWz9Ylogfy3duFafug%3D&t=4d5b0474&ps=13740610&shp=81f88b70&shcp=9b759fb9&idc=useast5&ftpl=1""},{""tiktokLink"":""https://p16-common-sign.tiktokcdn-us.com/tos-useast5-i-photomode-tx/cf744e4338c044eb8e250f337190bd55~tplv-photomode-image.jpeg?dr=9616&x-expires=1774407600&x-signature=rUd%2BPNS3xcP8cVX2tBhyKkuSri4%3D&t=4d5b0474&ps=13740610&shp=81f88b70&shcp=9b759fb9&idc=useast5&ftpl=1"",""downloadLink"":""https://p16-common-sign.tiktokcdn-us.com/tos-useast5-i-photomode-tx/cf744e4338c044eb8e250f337190bd55~tplv-photomode-image.jpeg?dr=9616&x-expires=1774407600&x-signature=rUd%2BPNS3xcP8cVX2tBhyKkuSri4%3D&t=4d5b0474&ps=13740610&shp=81f88b70&shcp=9b759fb9&idc=useast5&ftpl=1""},{""tiktokLink"":""https://p16-common-sign.tiktokcdn-us.com/tos-useast5-i-photomode-tx/f6ab6e4731ce4f639111e773892d686e~tplv-photomode-image.jpeg?dr=9616&x-expires=1774407600&x-signature=3734C13GrwFkBCTR5gDH5l8E5i4%3D&t=4d5b0474&ps=13740610&shp=81f88b70&shcp=9b759fb9&idc=useast5&ftpl=1"",""downloadLink"":""https://p16-common-sign.tiktokcdn-us.com/tos-useast5-i-photomode-tx/f6ab6e4731ce4f639111e773892d686e~tplv-photomode-image.jpeg?dr=9616&x-expires=1774407600&x-signature=3734C13GrwFkBCTR5gDH5l8E5i4%3D&t=4d5b0474&ps=13740610&shp=81f88b70&shcp=9b759fb9&idc=useast5&ftpl=1""},{""tiktokLink"":""https://p16-common-sign.tiktokcdn-us.com/tos-useast5-i-photomode-tx/d9b065ac2276443ebd6ae62a187d346b~tplv-photomode-image.jpeg?dr=9616&x-expires=1774407600&x-signature=utPdIEMAeRcmrwlybxZY8DJbcf4%3D&t=4d5b0474&ps=13740610&shp=81f88b70&shcp=9b759fb9&idc=useast5&ftpl=1"",""downloadLink"":""https://p16-common-sign.tiktokcdn-us.com/tos-useast5-i-photomode-tx/d9b065ac2276443ebd6ae62a187d346b~tplv-photomode-image.jpeg?dr=9616&x-expires=1774407600&x-signature=utPdIEMAeRcmrwlybxZY8DJbcf4%3D&t=4d5b0474&ps=13740610&shp=81f88b70&shcp=9b759fb9&idc=useast5&ftpl=1""},{""tiktokLink"":""https://p16-common-sign.tiktokcdn-us.com/tos-useast5-i-photomode-tx/6a9dace6f7874ac88d7982b11e1b867e~tplv-photomode-image.jpeg?dr=9616&x-expires=1774407600&x-signature=sYxdJe%2FKUYf9fhMEEG14dytCUUw%3D&t=4d5b0474&ps=13740610&shp=81f88b70&shcp=9b759fb9&idc=useast5&ftpl=1"",""downloadLink"":""https://p16-common-sign.tiktokcdn-us.com/tos-useast5-i-photomode-tx/6a9dace6f7874ac88d7982b11e1b867e~tplv-photomode-image.jpeg?dr=9616&x-expires=1774407600&x-signature=sYxdJe%2FKUYf9fhMEEG14dytCUUw%3D&t=4d5b0474&ps=13740610&shp=81f88b70&shcp=9b759fb9&idc=useast5&ftpl=1""}]",false,false,[],sanctuarywrld,videos,
7547807061837483294,"🌑✨ Eclipse season is here—aka the cosmos shaking up your storyline. These eclipses (a lunar eclipse in Pisces and solar eclipse in Virgo) are major portals for change. Think: fated shifts, sudden end...",en,1757360797,2025-09-08T19:46:37.000Z,false,"{""id"":""6870995222446408710"",""name"":""sanctuarywrld"",""profileUrl"":""https://www.tiktok.com/@sanctuarywrld"",""nickName"":""Sanctuary"",""verified"":false,""signature"":""▼ Your daily guide to the universe ▼\nDownload the app iOS and Android!"",""bioLink"":""https://social.sanctuaryworld.co/tiktok-linkinbio-birthchart"",""avatar"":""https://p16-common-sign.tiktokcdn-us.com/tos-useast5-avt-0068-tx/7347087487909429291~tplv-tiktokx-cropcenter:720:720.jpeg?dr=9640&refresh_token=e654da7f&x-expires=1774407600&x-signature=%2FF6Fr6Rw4orlgXoAh7JGjK94izM%3D&t=4d5b0474&ps=13740610&shp=a5d48078&shcp=81f88b70&idc=useast8"",""commerceUserInfo"":{""commerceUser"":true,""category"":""Software & Apps"",""categoryButton"":false},""privateAccount"":false,""roomId"":"""",""ttSeller"":false,""createTime"":1599778397,""following"":583,""friends"":53,""fans"":45200,""heart"":1100000,""video"":966,""digg"":0,""originalAvatarUrl"":""https://p16-common-sign.tiktokcdn-us.com/tos-useast5-avt-0068-tx/7347087487909429291~tplv-tiktokx-cropcenter:720:720.jpeg?dr=9640&refresh_token=e654da7f&x-expires=1774407600&x-signature=%2FF6Fr6Rw4orlgXoAh7JGjK94izM%3D&t=4d5b0474&ps=13740610&shp=a5d48078&shcp=81f88b70&idc=useast8""}","{""musicName"":""Bloom"",""musicAuthor"":""ODESZA"",""musicOriginal"":false,""musicAlbum"":""In Return (Deluxe Edition)"",""playUrl"":""https://sf16.tiktokcdn-us.com/obj/tos-alisg-ve-2774/o4GfDNbngQCfzVHaazbUMNTs2CmFpD378dqfoA"",""coverMediumUrl"":""https://p16-common.tiktokcdn-us.com/tos-alisg-v-2774/ogLgASDAAISAFBGkjgfCzTuFlii20eauFEDufI~tplv-tiktokx-cropcenter:200:200.jpeg?dr=9584&t=4d5b0474&ps=933b5bde&shp=08d74b56&shcp=81f88b70&idc=useast5"",""musicId"":""6850209581004490754"",""originalCoverMediumUrl"":""https://p16-common.tiktokcdn-us.com/tos-alisg-v-2774/ogLgASDAAISAFBGkjgfCzTuFlii20eauFEDufI~tplv-tiktokx-cropcenter:200:200.jpeg?dr=9584&t=4d5b0474&ps=933b5bde&shp=08d74b56&shcp=81f88b70&idc=useast5""}",https://www.tiktok.com/@sanctuarywrld/video/7547807061837483294,"{""height"":0,""width"":0,""duration"":0,""coverUrl"":""https://p16-common-sign.tiktokcdn-us.com/tos-useast8-i-photomode-tx2/a9ce90deb31e487299da1208469802ff~tplv-photomode-image.jpeg?dr=9616&x-expires=1774407600&x-signature=eV6rJgbU9P8JOhI1r3LCW3ApKGY%3D&t=4d5b0474&ps=13740610&shp=81f88b70&shcp=9b759fb9&idc=useast5&ftpl=1"",""transcriptionLink"":null,""originalCoverUrl"":""https://p16-common-sign.tiktokcdn-us.com/tos-useast8-i-photomode-tx2/a9ce90deb31e487299da1208469802ff~tplv-photomode-image.jpeg?dr=9616&x-expires=1774407600&x-signature=eV6rJgbU9P8JOhI1r3LCW3ApKGY%3D&t=4d5b0474&ps=13740610&shp=81f88b70&shcp=9b759fb9&idc=useast5&ftpl=1""}",58,2,1638,10,1,0,[],[],"[{""name"":""eclipseseason""},{""name"":""astrology""},{""name"":""solareclipse""},{""name"":""lunareclipse""},{""name"":""zodiacsigns""}]","[{""ID"":""242883878"",""name"":""Flawless Skin"",""stickerStats"":{""useCount"":0}},{""ID"":""1501446"",""name"":""Green Eyes for Brown Eyes"",""stickerStats"":{""useCount"":0}}]",true,"[{""tiktokLink"":""https://p16-common-sign.tiktokcdn-us.com/tos-useast8-i-photomode-tx2/a9ce90deb31e487299da1208469802ff~tplv-photomode-image.jpeg?dr=9616&x-expires=1774407600&x-signature=eV6rJgbU9P8JOhI1r3LCW3ApKGY%3D&t=4d5b0474&ps=13740610&shp=81f88b70&shcp=9b759fb9&idc=useast5&ftpl=1"",""downloadLink"":""https://p16-common-sign.tiktokcdn-us.com/tos-useast8-i-photomode-tx2/a9ce90deb31e487299da1208469802ff~tplv-photomode-image.jpeg?dr=9616&x-expires=1774407600&x-signature=eV6rJgbU9P8JOhI1r3LCW3ApKGY%3D&t=4d5b0474&ps=13740610&shp=81f88b70&shcp=9b759fb9&idc=useast5&ftpl=1""},{""tiktokLink"":""https://p16-common-sign.tiktokcdn-us.com/tos-useast8-i-photomode-tx2/76fcf3deb85e43d381f54b4897fc88f2~tplv-photomode-image.jpeg?dr=9616&x-expires=1774407600&x-signature=LG4uUfUpw8y5I5x4HM9SsZGm0Ls%3D&t=4d5b0474&ps=13740610&shp=81f88b70&shcp=9b759fb9&idc=useast5&ftpl=1"",""downloadLink"":""https://p16-common-sign.tiktokcdn-us.com/tos-useast8-i-photomode-tx2/76fcf3deb85e43d381f54b4897fc88f2~tplv-photomode-image.jpeg?dr=9616&x-expires=1774407600&x-signature=LG4uUfUpw8y5I5x4HM9SsZGm0Ls%3D&t=4d5b0474&ps=13740610&shp=81f88b70&shcp=9b759fb9&idc=useast5&ftpl=1""},{""tiktokLink"":""https://p19-common-sign.tiktokcdn-us.com/tos-useast8-i-photomode-tx2/f249a727129b4be6847b24155c3cb85b~tplv-photomode-image.jpeg?dr=9616&x-expires=1774407600&x-signature=mxTZyQsy02uvE9gQ7MF5jKG7boU%3D&t=4d5b0474&ps=13740610&shp=81f88b70&shcp=9b759fb9&idc=useast5&ftpl=1"",""downloadLink"":""https://p19-common-sign.tiktokcdn-us.com/tos-useast8-i-photomode-tx2/f249a727129b4be6847b24155c3cb85b~tplv-photomode-image.jpeg?dr=9616&x-expires=1774407600&x-signature=mxTZyQsy02uvE9gQ7MF5jKG7boU%3D&t=4d5b0474&ps=13740610&shp=81f88b70&shcp=9b759fb9&idc=useast5&ftpl=1""},{""tiktokLink"":""https://p16-common-sign.tiktokcdn-us.com/tos-useast8-i-photomode-tx2/214deb14a3364f398307818a47be8119~tplv-photomode-image.jpeg?dr=9616&x-expires=1774407600&x-signature=pGymH0c72hLCLtSqJ5xNZBAfWJQ%3D&t=4d5b0474&ps=13740610&shp=81f88b70&shcp=9b759fb9&idc=useast5&ftpl=1"",""downloadLink"":""https://p16-common-sign.tiktokcdn-us.com/tos-useast8-i-photomode-tx2/214deb14a3364f398307818a47be8119~tplv-photomode-image.jpeg?dr=9616&x-expires=1774407600&x-signature=pGymH0c72hLCLtSqJ5xNZBAfWJQ%3D&t=4d5b0474&ps=13740610&shp=81f88b70&shcp=9b759fb9&idc=useast5&ftpl=1""},{""tiktokLink"":""https://p16-common-sign.tiktokcdn-us.com/tos-useast8-i-photomode-tx2/58b02aae8cf5488b916eb89968cc2f82~tplv-photomode-image.jpeg?dr=9616&x-expires=1774407600&x-signature=vrtLZUzWRWmvTSWN%2BAdFpIlgNm8%3D&t=4d5b0474&ps=13740610&shp=81f88b70&shcp=9b759fb9&idc=useast5&ftpl=1"",""downloadLink"":""https://p16-common-sign.tiktokcdn-us.com/tos-useast8-i-photomode-tx2/58b02aae8cf5488b916eb89968cc2f82~tplv-photomode-image.jpeg?dr=9616&x-expires=1774407600&x-signature=vrtLZUzWRWmvTSWN%2BAdFpIlgNm8%3D&t=4d5b0474&ps=13740610&shp=81f88b70&shcp=9b759fb9&idc=useast5&ftpl=1""},{""tiktokLink"":""https://p16-common-sign.tiktokcdn-us.com/tos-useast8-i-photomode-tx2/546c5de8fd2d4bb0bed7af0a69ef32ec~tplv-photomode-image.jpeg?dr=9616&x-expires=1774407600&x-signature=%2FudDcBbFNxMBQDO3ILpzVQ1ccaA%3D&t=4d5b0474&ps=13740610&shp=81f88b70&shcp=9b759fb9&idc=useast5&ftpl=1"",""downloadLink"":""https://p16-common-sign.tiktokcdn-us.com/tos-useast8-i-photomode-tx2/546c5de8fd2d4bb0bed7af0a69ef32ec~tplv-photomode-image.jpeg?dr=9616&x-expires=1774407600&x-signature=%2FudDcBbFNxMBQDO3ILpzVQ1ccaA%3D&t=4d5b0474&ps=13740610&shp=81f88b70&shcp=9b759fb9&idc=useast5&ftpl=1""}]",false,false,[],sanctuarywrld,videos,
7546695114022817037,"What does eclipse season mean? How does it affect your energy?

💫 The Pisces lunar eclipse on September 7 is all about closing old chapters. Then the Virgo solar eclipse on September 21 asks you to p...",en,1757101929,2025-09-05T19:52:09.000Z,false,"{""id"":""6870995222446408710"",""name"":""sanctuarywrld"",""profileUrl"":""https://www.tiktok.com/@sanctuarywrld"",""nickName"":""Sanctuary"",""verified"":false,""signature"":""▼ Your daily guide to the universe ▼\nDownload the app iOS and Android!"",""bioLink"":""https://social.sanctuaryworld.co/tiktok-linkinbio-birthchart"",""avatar"":""https://p16-common-sign.tiktokcdn-us.com/tos-useast5-avt-0068-tx/7347087487909429291~tplv-tiktokx-cropcenter:720:720.jpeg?dr=9640&refresh_token=e654da7f&x-expires=1774407600&x-signature=%2FF6Fr6Rw4orlgXoAh7JGjK94izM%3D&t=4d5b0474&ps=13740610&shp=a5d48078&shcp=81f88b70&idc=useast8"",""commerceUserInfo"":{""commerceUser"":true,""category"":""Software & Apps"",""categoryButton"":false},""privateAccount"":false,""roomId"":"""",""ttSeller"":false,""createTime"":1599778397,""following"":583,""friends"":53,""fans"":45200,""heart"":1100000,""video"":966,""digg"":0,""originalAvatarUrl"":""https://p16-common-sign.tiktokcdn-us.com/tos-useast5-avt-0068-tx/7347087487909429291~tplv-tiktokx-cropcenter:720:720.jpeg?dr=9640&refresh_token=e654da7f&x-expires=1774407600&x-signature=%2FF6Fr6Rw4orlgXoAh7JGjK94izM%3D&t=4d5b0474&ps=13740610&shp=a5d48078&shcp=81f88b70&idc=useast8""}","{""musicName"":""watching the stars"",""musicAuthor"":""Øneheart"",""musicOriginal"":false,""musicAlbum"":""watching the stars"",""playUrl"":""https://sf16.tiktokcdn-us.com/obj/tos-alisg-ve-2774/a43801128be0406484779403123b815b"",""coverMediumUrl"":""https://p16-common.tiktokcdn-us.com/tos-alisg-v-2774/o0UaoALWsE3BjoHtHDEAMnzyAXTfhAYiAw6USa~tplv-tiktokx-cropcenter:200:200.jpeg?dr=9584&t=4d5b0474&ps=933b5bde&shp=08d74b56&shcp=81f88b70&idc=useast5"",""musicId"":""7127046857192114178"",""originalCoverMediumUrl"":""https://p16-common.tiktokcdn-us.com/tos-alisg-v-2774/o0UaoALWsE3BjoHtHDEAMnzyAXTfhAYiAw6USa~tplv-tiktokx-cropcenter:200:200.jpeg?dr=9584&t=4d5b0474&ps=933b5bde&shp=08d74b56&shcp=81f88b70&idc=useast5""}",https://www.tiktok.com/@sanctuarywrld/video/7546695114022817037,"{""height"":0,""width"":0,""duration"":0,""coverUrl"":""https://p19-common-sign.tiktokcdn-us.com/tos-useast5-i-photomode-tx/4cc0d0e1865441d0ad30f2d4ac462f2c~tplv-photomode-image.jpeg?dr=9616&x-expires=1774407600&x-signature=PyqOTgma%2BfWoKHwm4kSxAVIb8H8%3D&t=4d5b0474&ps=13740610&shp=81f88b70&shcp=9b759fb9&idc=useast5&ftpl=1"",""transcriptionLink"":null,""originalCoverUrl"":""https://p19-common-sign.tiktokcdn-us.com/tos-useast5-i-photomode-tx/4cc0d0e1865441d0ad30f2d4ac462f2c~tplv-photomode-image.jpeg?dr=9616&x-expires=1774407600&x-signature=PyqOTgma%2BfWoKHwm4kSxAVIb8H8%3D&t=4d5b0474&ps=13740610&shp=81f88b70&shcp=9b759fb9&idc=useast5&ftpl=1""}",56,6,1254,20,0,0,[],[],"[{""name"":""eclipseseason""},{""name"":""lunareclipse""},{""name"":""solareclipse""},{""name"":""astrology""},{""name"":""zodiacsigns""}]","[{""ID"":""242883878"",""name"":""Flawless Skin"",""stickerStats"":{""useCount"":0}},{""ID"":""1501446"",""name"":""Green Eyes for Brown Eyes"",""stickerStats"":{""useCount"":0}}]",true,"[{""tiktokLink"":""https://p16-common-sign.tiktokcdn-us.com/tos-useast5-i-photomode-tx/4cc0d0e1865441d0ad30f2d4ac462f2c~tplv-photomode-image.jpeg?dr=9616&x-expires=1774407600&x-signature=Mi%2FYWpcpXuJCQ3jKmUXGGJLQcLM%3D&t=4d5b0474&ps=13740610&shp=81f88b70&shcp=9b759fb9&idc=useast5&ftpl=1"",""downloadLink"":""https://p16-common-sign.tiktokcdn-us.com/tos-useast5-i-photomode-tx/4cc0d0e1865441d0ad30f2d4ac462f2c~tplv-photomode-image.jpeg?dr=9616&x-expires=1774407600&x-signature=Mi%2FYWpcpXuJCQ3jKmUXGGJLQcLM%3D&t=4d5b0474&ps=13740610&shp=81f88b70&shcp=9b759fb9&idc=useast5&ftpl=1""},{""tiktokLink"":""https://p16-common-sign.tiktokcdn-us.com/tos-useast5-i-photomode-tx/841ed058b84c4c53880547aa4c7824f3~tplv-photomode-image.jpeg?dr=9616&x-expires=1774407600&x-signature=LgPz5stJLbN%2FuscV0UiFxAUnCuY%3D&t=4d5b0474&ps=13740610&shp=81f88b70&shcp=9b759fb9&idc=useast5&ftpl=1"",""downloadLink"":""https://p16-common-sign.tiktokcdn-us.com/tos-useast5-i-photomode-tx/841ed058b84c4c53880547aa4c7824f3~tplv-photomode-image.jpeg?dr=9616&x-expires=1774407600&x-signature=LgPz5stJLbN%2FuscV0UiFxAUnCuY%3D&t=4d5b0474&ps=13740610&shp=81f88b70&shcp=9b759fb9&idc=useast5&ftpl=1""},{""tiktokLink"":""https://p16-common-sign.tiktokcdn-us.com/tos-useast5-i-photomode-tx/4eac03f326064134b2ade9bcf8bcc11b~tplv-photomode-image.jpeg?dr=9616&x-expires=1774407600&x-signature=DhRVGdQrZu%2FLwI01dB2z0TphSTY%3D&t=4d5b0474&ps=13740610&shp=81f88b70&shcp=9b759fb9&idc=useast5&ftpl=1"",""downloadLink"":""https://p16-common-sign.tiktokcdn-us.com/tos-useast5-i-photomode-tx/4eac03f326064134b2ade9bcf8bcc11b~tplv-photomode-image.jpeg?dr=9616&x-expires=1774407600&x-signature=DhRVGdQrZu%2FLwI01dB2z0TphSTY%3D&t=4d5b0474&ps=13740610&shp=81f88b70&shcp=9b759fb9&idc=useast5&ftpl=1""},{""tiktokLink"":""https://p16-common-sign.tiktokcdn-us.com/tos-useast5-i-photomode-tx/d220870f5eca412d981ed8c7292396a0~tplv-photomode-image.jpeg?dr=9616&x-expires=1774407600&x-signature=q5b%2FlvQ5wlbo7I6EtNWRpboNgFQ%3D&t=4d5b0474&ps=13740610&shp=81f88b70&shcp=9b759fb9&idc=useast5&ftpl=1"",""downloadLink"":""https://p16-common-sign.tiktokcdn-us.com/tos-useast5-i-photomode-tx/d220870f5eca412d981ed8c7292396a0~tplv-photomode-image.jpeg?dr=9616&x-expires=1774407600&x-signature=q5b%2FlvQ5wlbo7I6EtNWRpboNgFQ%3D&t=4d5b0474&ps=13740610&shp=81f88b70&shcp=9b759fb9&idc=useast5&ftpl=1""},{""tiktokLink"":""https://p16-common-sign.tiktokcdn-us.com/tos-useast5-i-photomode-tx/3292d15217714c44b594104f3a5f2f90~tplv-photomode-image.jpeg?dr=9616&x-expires=1774407600&x-signature=C3eUvxqzPx%2BpGfcgf%2Fy%2Fpy8B7eM%3D&t=4d5b0474&ps=13740610&shp=81f88b70&shcp=9b759fb9&idc=useast5&ftpl=1"",""downloadLink"":""https://p16-common-sign.tiktokcdn-us.com/tos-useast5-i-photomode-tx/3292d15217714c44b594104f3a5f2f90~tplv-photomode-image.jpeg?dr=9616&x-expires=1774407600&x-signature=C3eUvxqzPx%2BpGfcgf%2Fy%2Fpy8B7eM%3D&t=4d5b0474&ps=13740610&shp=81f88b70&shcp=9b759fb9&idc=useast5&ftpl=1""},{""tiktokLink"":""https://p16-common-sign.tiktokcdn-us.com/tos-useast5-i-photomode-tx/141cb33adc0841efbb73a7b79ae9c362~tplv-photomode-image.jpeg?dr=9616&x-expires=1774407600&x-signature=Glh%2Fu67s3eNU%2FpmJlB3b2nos0KQ%3D&t=4d5b0474&ps=13740610&shp=81f88b70&shcp=9b759fb9&idc=useast5&ftpl=1"",""downloadLink"":""https://p16-common-sign.tiktokcdn-us.com/tos-useast5-i-photomode-tx/141cb33adc0841efbb73a7b79ae9c362~tplv-photomode-image.jpeg?dr=9616&x-expires=1774407600&x-signature=Glh%2Fu67s3eNU%2FpmJlB3b2nos0KQ%3D&t=4d5b0474&ps=13740610&shp=81f88b70&shcp=9b759fb9&idc=useast5&ftpl=1""},{""tiktokLink"":""https://p16-common-sign.tiktokcdn-us.com/tos-useast5-i-photomode-tx/8b66214e5e8a4e109c99aba0af7fa2ae~tplv-photomode-image.jpeg?dr=9616&x-expires=1774407600&x-signature=JHl2mjwHec0njmSJ6D09VxqQIN0%3D&t=4d5b0474&ps=13740610&shp=81f88b70&shcp=9b759fb9&idc=useast5&ftpl=1"",""downloadLink"":""https://p16-common-sign.tiktokcdn-us.com/tos-useast5-i-photomode-tx/8b66214e5e8a4e109c99aba0af7fa2ae~tplv-photomode-image.jpeg?dr=9616&x-expires=1774407600&x-signature=JHl2mjwHec0njmSJ6D09VxqQIN0%3D&t=4d5b0474&ps=13740610&shp=81f88b70&shcp=9b759fb9&idc=useast5&ftpl=1""},{""tiktokLink"":""https://p19-common-sign.tiktokcdn-us.com/tos-useast5-i-photomode-tx/4ea41746fd154b62a55d830077ec2fb4~tplv-photomode-image.jpeg?dr=9616&x-expires=1774407600&x-signature=OpOuuqEutpraWOXa0yqjGm2bjy4%3D&t=4d5b0474&ps=13740610&shp=81f88b70&shcp=9b759fb9&idc=useast5&ftpl=1"",""downloadLink"":""https://p19-common-sign.tiktokcdn-us.com/tos-useast5-i-photomode-tx/4ea41746fd154b62a55d830077ec2fb4~tplv-photomode-image.jpeg?dr=9616&x-expires=1774407600&x-signature=OpOuuqEutpraWOXa0yqjGm2bjy4%3D&t=4d5b0474&ps=13740610&shp=81f88b70&shcp=9b759fb9&idc=useast5&ftpl=1""}]",false,false,[],sanctuarywrld,videos,
7545949452750572855,"The Pisces lunar eclipse on September 7 is pure release energy. 🌕 Illusions will unravel, old chapters will close, and you’re being asked to let go of what’s been draining you. 

What old habits or p...",en,1756928306,2025-09-03T19:38:26.000Z,false,"{""id"":""6870995222446408710"",""name"":""sanctuarywrld"",""profileUrl"":""https://www.tiktok.com/@sanctuarywrld"",""nickName"":""Sanctuary"",""verified"":false,""signature"":""▼ Your daily guide to the universe ▼\nDownload the app iOS and Android!"",""bioLink"":""https://social.sanctuaryworld.co/tiktok-linkinbio-birthchart"",""avatar"":""https://p16-common-sign.tiktokcdn-us.com/tos-useast5-avt-0068-tx/7347087487909429291~tplv-tiktokx-cropcenter:720:720.jpeg?dr=9640&refresh_token=e654da7f&x-expires=1774407600&x-signature=%2FF6Fr6Rw4orlgXoAh7JGjK94izM%3D&t=4d5b0474&ps=13740610&shp=a5d48078&shcp=81f88b70&idc=useast8"",""commerceUserInfo"":{""commerceUser"":true,""category"":""Software & Apps"",""categoryButton"":false},""privateAccount"":false,""roomId"":"""",""ttSeller"":false,""createTime"":1599778397,""following"":583,""friends"":53,""fans"":45200,""heart"":1100000,""video"":966,""digg"":0,""originalAvatarUrl"":""https://p16-common-sign.tiktokcdn-us.com/tos-useast5-avt-0068-tx/7347087487909429291~tplv-tiktokx-cropcenter:720:720.jpeg?dr=9640&refresh_token=e654da7f&x-expires=1774407600&x-signature=%2FF6Fr6Rw4orlgXoAh7JGjK94izM%3D&t=4d5b0474&ps=13740610&shp=a5d48078&shcp=81f88b70&idc=useast8""}","{""musicName"":""Lovely"",""musicAuthor"":""RINZ. & Anton"",""musicOriginal"":false,""musicAlbum"":""Lovely"",""playUrl"":""https://sf19.tiktokcdn-us.com/obj/tos-alisg-ve-2774/oEW5IGBmBgnMIUZ01ii2fOoC7v6BOi7e7Qyvat"",""coverMediumUrl"":""https://p16-common.tiktokcdn-us.com/tos-alisg-v-2774/owEsQZBlFu5QBFm1eYCDHgAtQYBfC0FAoEAZEU~tplv-tiktokx-cropcenter:200:200.jpeg?dr=9584&t=4d5b0474&ps=933b5bde&shp=08d74b56&shcp=81f88b70&idc=useast5"",""musicId"":""7325526004655081473"",""originalCoverMediumUrl"":""https://p16-common.tiktokcdn-us.com/tos-alisg-v-2774/owEsQZBlFu5QBFm1eYCDHgAtQYBfC0FAoEAZEU~tplv-tiktokx-cropcenter:200:200.jpeg?dr=9584&t=4d5b0474&ps=933b5bde&shp=08d74b56&shcp=81f88b70&idc=useast5""}",https://www.tiktok.com/@sanctuarywrld/video/7545949452750572855,"{""height"":0,""width"":0,""duration"":0,""coverUrl"":""https://p19-common-sign.tiktokcdn-us.com/tos-useast5-i-photomode-tx/6caf29514ebc4034bdf8d82cc93b684b~tplv-photomode-image.jpeg?dr=9616&x-expires=1774407600&x-signature=uDjokXxEOGQs1N1o71rLoxycnu8%3D&t=4d5b0474&ps=13740610&shp=81f88b70&shcp=9b759fb9&idc=useast5&ftpl=1"",""transcriptionLink"":null,""originalCoverUrl"":""https://p19-common-sign.tiktokcdn-us.com/tos-useast5-i-photomode-tx/6caf29514ebc4034bdf8d82cc93b684b~tplv-photomode-image.jpeg?dr=9616&x-expires=1774407600&x-signature=uDjokXxEOGQs1N1o71rLoxycnu8%3D&t=4d5b0474&ps=13740610&shp=81f88b70&shcp=9b759fb9&idc=useast5&ftpl=1""}",36,0,1135,12,0,0,[],[],"[{""name"":""lunareclipse""},{""name"":""astrology""},{""name"":""pisces""},{""name"":""zodiacsigns""},{""name"":""astrologytiktok""}]","[{""ID"":""242883878"",""name"":""Flawless Skin"",""stickerStats"":{""useCount"":0}},{""ID"":""1501446"",""name"":""Green Eyes for Brown Eyes"",""stickerStats"":{""useCount"":0}}]",true,"[{""tiktokLink"":""https://p19-common-sign.tiktokcdn-us.com/tos-useast5-i-photomode-tx/6caf29514ebc4034bdf8d82cc93b684b~tplv-photomode-image.jpeg?dr=9616&x-expires=1774407600&x-signature=uDjokXxEOGQs1N1o71rLoxycnu8%3D&t=4d5b0474&ps=13740610&shp=81f88b70&shcp=9b759fb9&idc=useast5&ftpl=1"",""downloadLink"":""https://p19-common-sign.tiktokcdn-us.com/tos-useast5-i-photomode-tx/6caf29514ebc4034bdf8d82cc93b684b~tplv-photomode-image.jpeg?dr=9616&x-expires=1774407600&x-signature=uDjokXxEOGQs1N1o71rLoxycnu8%3D&t=4d5b0474&ps=13740610&shp=81f88b70&shcp=9b759fb9&idc=useast5&ftpl=1""},{""tiktokLink"":""https://p16-common-sign.tiktokcdn-us.com/tos-useast5-i-photomode-tx/002f5cf835184f51b1d06158ac392208~tplv-photomode-image.jpeg?dr=9616&x-expires=1774407600&x-signature=xOOXqv%2F5fIbmLEN38SilKqmYj5g%3D&t=4d5b0474&ps=13740610&shp=81f88b70&shcp=9b759fb9&idc=useast5&ftpl=1"",""downloadLink"":""https://p16-common-sign.tiktokcdn-us.com/tos-useast5-i-photomode-tx/002f5cf835184f51b1d06158ac392208~tplv-photomode-image.jpeg?dr=9616&x-expires=1774407600&x-signature=xOOXqv%2F5fIbmLEN38SilKqmYj5g%3D&t=4d5b0474&ps=13740610&shp=81f88b70&shcp=9b759fb9&idc=useast5&ftpl=1""},{""tiktokLink"":""https://p19-common-sign.tiktokcdn-us.com/tos-useast5-i-photomode-tx/f4d26bf5addc4aa78aa6f8ea18b4a366~tplv-photomode-image.jpeg?dr=9616&x-expires=1774407600&x-signature=u4y%2FYUz3ryZQaHozPmS%2FAYcekQc%3D&t=4d5b0474&ps=13740610&shp=81f88b70&shcp=9b759fb9&idc=useast5&ftpl=1"",""downloadLink"":""https://p19-common-sign.tiktokcdn-us.com/tos-useast5-i-photomode-tx/f4d26bf5addc4aa78aa6f8ea18b4a366~tplv-photomode-image.jpeg?dr=9616&x-expires=1774407600&x-signature=u4y%2FYUz3ryZQaHozPmS%2FAYcekQc%3D&t=4d5b0474&ps=13740610&shp=81f88b70&shcp=9b759fb9&idc=useast5&ftpl=1""},{""tiktokLink"":""https://p16-common-sign.tiktokcdn-us.com/tos-useast5-i-photomode-tx/b6aab29d68624487b35ffc07d91704ec~tplv-photomode-image.jpeg?dr=9616&x-expires=1774407600&x-signature=gLvf1l5sRCfrh0Vq428kzie6aG0%3D&t=4d5b0474&ps=13740610&shp=81f88b70&shcp=9b759fb9&idc=useast5&ftpl=1"",""downloadLink"":""https://p16-common-sign.tiktokcdn-us.com/tos-useast5-i-photomode-tx/b6aab29d68624487b35ffc07d91704ec~tplv-photomode-image.jpeg?dr=9616&x-expires=1774407600&x-signature=gLvf1l5sRCfrh0Vq428kzie6aG0%3D&t=4d5b0474&ps=13740610&shp=81f88b70&shcp=9b759fb9&idc=useast5&ftpl=1""},{""tiktokLink"":""https://p16-common-sign.tiktokcdn-us.com/tos-useast5-i-photomode-tx/d748ac2b2b3b4f0c9a05aba334972100~tplv-photomode-image.jpeg?dr=9616&x-expires=1774407600&x-signature=QKaOsgdHBivr1NuWFF7Qjr3eF%2B0%3D&t=4d5b0474&ps=13740610&shp=81f88b70&shcp=9b759fb9&idc=useast5&ftpl=1"",""downloadLink"":""https://p16-common-sign.tiktokcdn-us.com/tos-useast5-i-photomode-tx/d748ac2b2b3b4f0c9a05aba334972100~tplv-photomode-image.jpeg?dr=9616&x-expires=1774407600&x-signature=QKaOsgdHBivr1NuWFF7Qjr3eF%2B0%3D&t=4d5b0474&ps=13740610&shp=81f88b70&shcp=9b759fb9&idc=useast5&ftpl=1""},{""tiktokLink"":""https://p16-common-sign.tiktokcdn-us.com/tos-useast5-i-photomode-tx/53f242663f2d4e20a83ca2de8117c2c1~tplv-photomode-image.jpeg?dr=9616&x-expires=1774407600&x-signature=S6lztv9WZhktxzc9ONr9mVZG9pM%3D&t=4d5b0474&ps=13740610&shp=81f88b70&shcp=9b759fb9&idc=useast5&ftpl=1"",""downloadLink"":""https://p16-common-sign.tiktokcdn-us.com/tos-useast5-i-photomode-tx/53f242663f2d4e20a83ca2de8117c2c1~tplv-photomode-image.jpeg?dr=9616&x-expires=1774407600&x-signature=S6lztv9WZhktxzc9ONr9mVZG9pM%3D&t=4d5b0474&ps=13740610&shp=81f88b70&shcp=9b759fb9&idc=useast5&ftpl=1""},{""tiktokLink"":""https://p19-common-sign.tiktokcdn-us.com/tos-useast5-i-photomode-tx/ee615de026cd476c8edc0eea51bfee1e~tplv-photomode-image.jpeg?dr=9616&x-expires=1774407600&x-signature=NPDtl4c1E%2FNTGJxWPDIUC%2FGncWo%3D&t=4d5b0474&ps=13740610&shp=81f88b70&shcp=9b759fb9&idc=useast5&ftpl=1"",""downloadLink"":""https://p19-common-sign.tiktokcdn-us.com/tos-useast5-i-photomode-tx/ee615de026cd476c8edc0eea51bfee1e~tplv-photomode-image.jpeg?dr=9616&x-expires=1774407600&x-signature=NPDtl4c1E%2FNTGJxWPDIUC%2FGncWo%3D&t=4d5b0474&ps=13740610&shp=81f88b70&shcp=9b759fb9&idc=useast5&ftpl=1""}]",false,false,[],sanctuarywrld,videos,
7545146399629839629,"✨ Feel that shift in the air? September is here with big transformation energy and it’s serving clarity, refinement, and glow-up vibes all month long. 

On September 1, Saturn retrograde moves back in...",en,1756741320,2025-09-01T15:42:00.000Z,false,"{""id"":""6870995222446408710"",""name"":""sanctuarywrld"",""profileUrl"":""https://www.tiktok.com/@sanctuarywrld"",""nickName"":""Sanctuary"",""verified"":false,""signature"":""▼ Your daily guide to the universe ▼\nDownload the app iOS and Android!"",""bioLink"":""https://social.sanctuaryworld.co/tiktok-linkinbio-birthchart"",""avatar"":""https://p16-common-sign.tiktokcdn-us.com/tos-useast5-avt-0068-tx/7347087487909429291~tplv-tiktokx-cropcenter:720:720.jpeg?dr=9640&refresh_token=e654da7f&x-expires=1774407600&x-signature=%2FF6Fr6Rw4orlgXoAh7JGjK94izM%3D&t=4d5b0474&ps=13740610&shp=a5d48078&shcp=81f88b70&idc=useast8"",""commerceUserInfo"":{""commerceUser"":true,""category"":""Software & Apps"",""categoryButton"":false},""privateAccount"":false,""roomId"":"""",""ttSeller"":false,""createTime"":1599778397,""following"":583,""friends"":53,""fans"":45200,""heart"":1100000,""video"":966,""digg"":0,""originalAvatarUrl"":""https://p16-common-sign.tiktokcdn-us.com/tos-useast5-avt-0068-tx/7347087487909429291~tplv-tiktokx-cropcenter:720:720.jpeg?dr=9640&refresh_token=e654da7f&x-expires=1774407600&x-signature=%2FF6Fr6Rw4orlgXoAh7JGjK94izM%3D&t=4d5b0474&ps=13740610&shp=a5d48078&shcp=81f88b70&idc=useast8""}","{""musicName"":""Best One Yet"",""musicAuthor"":""Layup"",""musicOriginal"":false,""musicAlbum"":""Best One Yet"",""playUrl"":""https://sf19.tiktokcdn-us.com/obj/tos-alisg-ve-2774/oEQbgWS8fCCIEFFzsDoMewIO1paWAdf9KXIDEq"",""coverMediumUrl"":""https://p16-common.tiktokcdn-us.com/tos-alisg-v-2774/oEC6FBeUQLAAfaAAEQIGyHeyEADRAjQ8DgohVz~tplv-tiktokx-cropcenter:200:200.jpeg?dr=9584&t=4d5b0474&ps=933b5bde&shp=08d74b56&shcp=81f88b70&idc=useast5"",""musicId"":""7505242932283656208"",""originalCoverMediumUrl"":""https://p16-common.tiktokcdn-us.com/tos-alisg-v-2774/oEC6FBeUQLAAfaAAEQIGyHeyEADRAjQ8DgohVz~tplv-tiktokx-cropcenter:200:200.jpeg?dr=9584&t=4d5b0474&ps=933b5bde&shp=08d74b56&shcp=81f88b70&idc=useast5""}",https://www.tiktok.com/@sanctuarywrld/video/7545146399629839629,"{""height"":0,""width"":0,""duration"":0,""coverUrl"":""https://p16-common-sign.tiktokcdn-us.com/tos-useast5-i-photomode-tx/2a7b3275cf7c45138838c02600c2ba7b~tplv-photomode-image.jpeg?dr=9616&x-expires=1774407600&x-signature=oxQaIG9IHBzAYfp6wQd8TnLoHsQ%3D&t=4d5b0474&ps=13740610&shp=81f88b70&shcp=9b759fb9&idc=useast5&ftpl=1"",""transcriptionLink"":null,""originalCoverUrl"":""https://p16-common-sign.tiktokcdn-us.com/tos-useast5-i-photomode-tx/2a7b3275cf7c45138838c02600c2ba7b~tplv-photomode-image.jpeg?dr=9616&x-expires=1774407600&x-signature=oxQaIG9IHBzAYfp6wQd8TnLoHsQ%3D&t=4d5b0474&ps=13740610&shp=81f88b70&shcp=9b759fb9&idc=useast5&ftpl=1""}",108,1,8096,12,1,0,[],[],"[{""name"":""september""},{""name"":""astrology""},{""name"":""horoscopes""},{""name"":""libra""},{""name"":""astrologytiktok""}]","[{""ID"":""242883878"",""name"":""Flawless Skin"",""stickerStats"":{""useCount"":0}},{""ID"":""1501446"",""name"":""Green Eyes for Brown Eyes"",""stickerStats"":{""useCount"":0}}]",true,"[{""tiktokLink"":""https://p19-common-sign.tiktokcdn-us.com/tos-useast5-i-photomode-tx/2a7b3275cf7c45138838c02600c2ba7b~tplv-photomode-image.jpeg?dr=9616&x-expires=1774407600&x-signature=lZDzx4vhblkayJQF4gmRkwOnxj8%3D&t=4d5b0474&ps=13740610&shp=81f88b70&shcp=9b759fb9&idc=useast5&ftpl=1"",""downloadLink"":""https://p19-common-sign.tiktokcdn-us.com/tos-useast5-i-photomode-tx/2a7b3275cf7c45138838c02600c2ba7b~tplv-photomode-image.jpeg?dr=9616&x-expires=1774407600&x-signature=lZDzx4vhblkayJQF4gmRkwOnxj8%3D&t=4d5b0474&ps=13740610&shp=81f88b70&shcp=9b759fb9&idc=useast5&ftpl=1""},{""tiktokLink"":""https://p16-common-sign.tiktokcdn-us.com/tos-useast5-i-photomode-tx/674ccd1fba96474cab3216408f48069a~tplv-photomode-image.jpeg?dr=9616&x-expires=1774407600&x-signature=kpSEfZydbCMVECEW0jb5NgoS%2BFs%3D&t=4d5b0474&ps=13740610&shp=81f88b70&shcp=9b759fb9&idc=useast5&ftpl=1"",""downloadLink"":""https://p16-common-sign.tiktokcdn-us.com/tos-useast5-i-photomode-tx/674ccd1fba96474cab3216408f48069a~tplv-photomode-image.jpeg?dr=9616&x-expires=1774407600&x-signature=kpSEfZydbCMVECEW0jb5NgoS%2BFs%3D&t=4d5b0474&ps=13740610&shp=81f88b70&shcp=9b759fb9&idc=useast5&ftpl=1""},{""tiktokLink"":""https://p16-common-sign.tiktokcdn-us.com/tos-useast5-i-photomode-tx/61ef14fe17284c119896d148c0ee1f0b~tplv-photomode-image.jpeg?dr=9616&x-expires=1774407600&x-signature=VbdeNkCR%2Bu2QsdzubV8vUXllWu0%3D&t=4d5b0474&ps=13740610&shp=81f88b70&shcp=9b759fb9&idc=useast5&ftpl=1"",""downloadLink"":""https://p16-common-sign.tiktokcdn-us.com/tos-useast5-i-photomode-tx/61ef14fe17284c119896d148c0ee1f0b~tplv-photomode-image.jpeg?dr=9616&x-expires=1774407600&x-signature=VbdeNkCR%2Bu2QsdzubV8vUXllWu0%3D&t=4d5b0474&ps=13740610&shp=81f88b70&shcp=9b759fb9&idc=useast5&ftpl=1""},{""tiktokLink"":""https://p19-common-sign.tiktokcdn-us.com/tos-useast5-i-photomode-tx/d2d95b0d54f3497986f4033aebf181d1~tplv-photomode-image.jpeg?dr=9616&x-expires=1774407600&x-signature=SKZ8YJ15Pg6uF3QZppjNxzD0Fec%3D&t=4d5b0474&ps=13740610&shp=81f88b70&shcp=9b759fb9&idc=useast5&ftpl=1"",""downloadLink"":""https://p19-common-sign.tiktokcdn-us.com/tos-useast5-i-photomode-tx/d2d95b0d54f3497986f4033aebf181d1~tplv-photomode-image.jpeg?dr=9616&x-expires=1774407600&x-signature=SKZ8YJ15Pg6uF3QZppjNxzD0Fec%3D&t=4d5b0474&ps=13740610&shp=81f88b70&shcp=9b759fb9&idc=useast5&ftpl=1""},{""tiktokLink"":""https://p16-common-sign.tiktokcdn-us.com/tos-useast5-i-photomode-tx/0842a78d25ea461194782f92f45fe096~tplv-photomode-image.jpeg?dr=9616&x-expires=1774407600&x-signature=xo5RkkM7dSQ4UzqPsD1etss6vuI%3D&t=4d5b0474&ps=13740610&shp=81f88b70&shcp=9b759fb9&idc=useast5&ftpl=1"",""downloadLink"":""https://p16-common-sign.tiktokcdn-us.com/tos-useast5-i-photomode-tx/0842a78d25ea461194782f92f45fe096~tplv-photomode-image.jpeg?dr=9616&x-expires=1774407600&x-signature=xo5RkkM7dSQ4UzqPsD1etss6vuI%3D&t=4d5b0474&ps=13740610&shp=81f88b70&shcp=9b759fb9&idc=useast5&ftpl=1""},{""tiktokLink"":""https://p16-common-sign.tiktokcdn-us.com/tos-useast5-i-photomode-tx/1e4262a563874efe8c94599b3c5f6e02~tplv-photomode-image.jpeg?dr=9616&x-expires=1774407600&x-signature=10wHhcz9mJWs1PFmLBxXlM7G8fI%3D&t=4d5b0474&ps=13740610&shp=81f88b70&shcp=9b759fb9&idc=useast5&ftpl=1"",""downloadLink"":""https://p16-common-sign.tiktokcdn-us.com/tos-useast5-i-photomode-tx/1e4262a563874efe8c94599b3c5f6e02~tplv-photomode-image.jpeg?dr=9616&x-expires=1774407600&x-signature=10wHhcz9mJWs1PFmLBxXlM7G8fI%3D&t=4d5b0474&ps=13740610&shp=81f88b70&shcp=9b759fb9&idc=useast5&ftpl=1""},{""tiktokLink"":""https://p16-common-sign.tiktokcdn-us.com/tos-useast5-i-photomode-tx/4e12a12e32764f39a95d9f6d0856303d~tplv-photomode-image.jpeg?dr=9616&x-expires=1774407600&x-signature=1MNre7Yq%2FCS%2B8Sv8UIzDyzT7aOw%3D&t=4d5b0474&ps=13740610&shp=81f88b70&shcp=9b759fb9&idc=useast5&ftpl=1"",""downloadLink"":""https://p16-common-sign.tiktokcdn-us.com/tos-useast5-i-photomode-tx/4e12a12e32764f39a95d9f6d0856303d~tplv-photomode-image.jpeg?dr=9616&x-expires=1774407600&x-signature=1MNre7Yq%2FCS%2B8Sv8UIzDyzT7aOw%3D&t=4d5b0474&ps=13740610&shp=81f88b70&shcp=9b759fb9&idc=useast5&ftpl=1""},{""tiktokLink"":""https://p19-common-sign.tiktokcdn-us.com/tos-useast5-i-photomode-tx/9a95039421874f649d4be4d635ee8d62~tplv-photomode-image.jpeg?dr=9616&x-expires=1774407600&x-signature=9Y12vtPN7JdTyZegUW%2FALvPGIL0%3D&t=4d5b0474&ps=13740610&shp=81f88b70&shcp=9b759fb9&idc=useast5&ftpl=1"",""downloadLink"":""https://p19-common-sign.tiktokcdn-us.com/tos-useast5-i-photomode-tx/9a95039421874f649d4be4d635ee8d62~tplv-photomode-image.jpeg?dr=9616&x-expires=1774407600&x-signature=9Y12vtPN7JdTyZegUW%2FALvPGIL0%3D&t=4d5b0474&ps=13740610&shp=81f88b70&shcp=9b759fb9&idc=useast5&ftpl=1""},{""tiktokLink"":""https://p19-common-sign.tiktokcdn-us.com/tos-useast5-i-photomode-tx/d8fb3234d72545b9abb044c723ef1066~tplv-photomode-image.jpeg?dr=9616&x-expires=1774407600&x-signature=t%2Bwi8oUecUiLeic%2BaHu%2BOHmv1r8%3D&t=4d5b0474&ps=13740610&shp=81f88b70&shcp=9b759fb9&idc=useast5&ftpl=1"",""downloadLink"":""https://p19-common-sign.tiktokcdn-us.com/tos-useast5-i-photomode-tx/d8fb3234d72545b9abb044c723ef1066~tplv-photomode-image.jpeg?dr=9616&x-expires=1774407600&x-signature=t%2Bwi8oUecUiLeic%2BaHu%2BOHmv1r8%3D&t=4d5b0474&ps=13740610&shp=81f88b70&shcp=9b759fb9&idc=useast5&ftpl=1""},{""tiktokLink"":""https://p16-common-sign.tiktokcdn-us.com/tos-useast5-i-photomode-tx/3a921e09cf664a17bd9ae3f7135c2526~tplv-photomode-image.jpeg?dr=9616&x-expires=1774407600&x-signature=GiD5I%2BZQkNuNIDqkyzDGz78V8lw%3D&t=4d5b0474&ps=13740610&shp=81f88b70&shcp=9b759fb9&idc=useast5&ftpl=1"",""downloadLink"":""https://p16-common-sign.tiktokcdn-us.com/tos-useast5-i-photomode-tx/3a921e09cf664a17bd9ae3f7135c2526~tplv-photomode-image.jpeg?dr=9616&x-expires=1774407600&x-signature=GiD5I%2BZQkNuNIDqkyzDGz78V8lw%3D&t=4d5b0474&ps=13740610&shp=81f88b70&shcp=9b759fb9&idc=useast5&ftpl=1""},{""tiktokLink"":""https://p16-common-sign.tiktokcdn-us.com/tos-useast5-i-photomode-tx/65c97e6cb0654a48a357a1efd8395c38~tplv-photomode-image.jpeg?dr=9616&x-expires=1774407600&x-signature=qkXKT%2FiW50WXZrWJ74aFJPe9kc8%3D&t=4d5b0474&ps=13740610&shp=81f88b70&shcp=9b759fb9&idc=useast5&ftpl=1"",""downloadLink"":""https://p16-common-sign.tiktokcdn-us.com/tos-useast5-i-photomode-tx/65c97e6cb0654a48a357a1efd8395c38~tplv-photomode-image.jpeg?dr=9616&x-expires=1774407600&x-signature=qkXKT%2FiW50WXZrWJ74aFJPe9kc8%3D&t=4d5b0474&ps=13740610&shp=81f88b70&shcp=9b759fb9&idc=useast5&ftpl=1""},{""tiktokLink"":""https://p16-common-sign.tiktokcdn-us.com/tos-useast5-i-photomode-tx/269fe559d2374fe3b9155a6591e15a2b~tplv-photomode-image.jpeg?dr=9616&x-expires=1774407600&x-signature=%2B1JzIqhpTvKn0ZyW1bVpMxpnEeI%3D&t=4d5b0474&ps=13740610&shp=81f88b70&shcp=9b759fb9&idc=useast5&ftpl=1"",""downloadLink"":""https://p16-common-sign.tiktokcdn-us.com/tos-useast5-i-photomode-tx/269fe559d2374fe3b9155a6591e15a2b~tplv-photomode-image.jpeg?dr=9616&x-expires=1774407600&x-signature=%2B1JzIqhpTvKn0ZyW1bVpMxpnEeI%3D&t=4d5b0474&ps=13740610&shp=81f88b70&shcp=9b759fb9&idc=useast5&ftpl=1""},{""tiktokLink"":""https://p16-common-sign.tiktokcdn-us.com/tos-useast5-i-photomode-tx/fecd5c0d0cf04a1187b77b439ac6e96a~tplv-photomode-image.jpeg?dr=9616&x-expires=1774407600&x-signature=KGzhAHhmUFmZn7XL7vX0884N81Q%3D&t=4d5b0474&ps=13740610&shp=81f88b70&shcp=9b759fb9&idc=useast5&ftpl=1"",""downloadLink"":""https://p16-common-sign.tiktokcdn-us.com/tos-useast5-i-photomode-tx/fecd5c0d0cf04a1187b77b439ac6e96a~tplv-photomode-image.jpeg?dr=9616&x-expires=1774407600&x-signature=KGzhAHhmUFmZn7XL7vX0884N81Q%3D&t=4d5b0474&ps=13740610&shp=81f88b70&shcp=9b759fb9&idc=useast5&ftpl=1""},{""tiktokLink"":""https://p16-common-sign.tiktokcdn-us.com/tos-useast5-i-photomode-tx/d45c6c61af634a8ca23d1df54192930b~tplv-photomode-image.jpeg?dr=9616&x-expires=1774407600&x-signature=udYwyHdjrfJEsbGKjLjKQ2pTdnM%3D&t=4d5b0474&ps=13740610&shp=81f88b70&shcp=9b759fb9&idc=useast5&ftpl=1"",""downloadLink"":""https://p16-common-sign.tiktokcdn-us.com/tos-useast5-i-photomode-tx/d45c6c61af634a8ca23d1df54192930b~tplv-photomode-image.jpeg?dr=9616&x-expires=1774407600&x-signature=udYwyHdjrfJEsbGKjLjKQ2pTdnM%3D&t=4d5b0474&ps=13740610&shp=81f88b70&shcp=9b759fb9&idc=useast5&ftpl=1""}]",false,false,[],sanctuarywrld,videos,
7540754376143473951,"On August 23, the New moon arrives in Virgo. Clearing space purposefully marks new beginnings. It is time to focus on daily routines and LOCK IN!! 📝

What is a crucial step in your morning routine? 
...",en,1755718715,2025-08-20T19:38:35.000Z,false,"{""id"":""6870995222446408710"",""name"":""sanctuarywrld"",""profileUrl"":""https://www.tiktok.com/@sanctuarywrld"",""nickName"":""Sanctuary"",""verified"":false,""signature"":""▼ Your daily guide to the universe ▼\nDownload the app iOS and Android!"",""bioLink"":""https://social.sanctuaryworld.co/tiktok-linkinbio-birthchart"",""avatar"":""https://p16-common-sign.tiktokcdn-us.com/tos-useast5-avt-0068-tx/7347087487909429291~tplv-tiktokx-cropcenter:720:720.jpeg?dr=9640&refresh_token=e654da7f&x-expires=1774407600&x-signature=%2FF6Fr6Rw4orlgXoAh7JGjK94izM%3D&t=4d5b0474&ps=13740610&shp=a5d48078&shcp=81f88b70&idc=useast8"",""commerceUserInfo"":{""commerceUser"":true,""category"":""Software & Apps"",""categoryButton"":false},""privateAccount"":false,""roomId"":"""",""ttSeller"":false,""createTime"":1599778397,""following"":583,""friends"":53,""fans"":45200,""heart"":1100000,""video"":966,""digg"":0,""originalAvatarUrl"":""https://p16-common-sign.tiktokcdn-us.com/tos-useast5-avt-0068-tx/7347087487909429291~tplv-tiktokx-cropcenter:720:720.jpeg?dr=9640&refresh_token=e654da7f&x-expires=1774407600&x-signature=%2FF6Fr6Rw4orlgXoAh7JGjK94izM%3D&t=4d5b0474&ps=13740610&shp=a5d48078&shcp=81f88b70&idc=useast8""}","{""musicName"":""Meridian"",""musicAuthor"":""ODESZA"",""musicOriginal"":false,""musicAlbum"":""A Moment Apart"",""playUrl"":""https://sf19.tiktokcdn-us.com/obj/tos-alisg-ve-2774/731e71af5f4a4fdd908226bbcb810dd0"",""coverMediumUrl"":""https://p19-common.tiktokcdn-us.com/tos-alisg-v-2774/o8AAGXiEEAw06nkfn5iolMA7dvNpWWBEBAvsAw~tplv-tiktokx-cropcenter:200:200.jpeg?dr=9584&t=4d5b0474&ps=933b5bde&shp=08d74b56&shcp=81f88b70&idc=useast5"",""musicId"":""6741079271667664897"",""originalCoverMediumUrl"":""https://p19-common.tiktokcdn-us.com/tos-alisg-v-2774/o8AAGXiEEAw06nkfn5iolMA7dvNpWWBEBAvsAw~tplv-tiktokx-cropcenter:200:200.jpeg?dr=9584&t=4d5b0474&ps=933b5bde&shp=08d74b56&shcp=81f88b70&idc=useast5""}",https://www.tiktok.com/@sanctuarywrld/video/7540754376143473951,"{""height"":0,""width"":0,""duration"":0,""coverUrl"":""https://p16-common-sign.tiktokcdn-us.com/tos-useast8-i-photomode-tx2/a2cfc72c69c2458f804a488bc98c9f7e~tplv-photomode-image.jpeg?dr=9616&x-expires=1774407600&x-signature=zOU6nq91Wj%2BMAG68wiP2to28aTU%3D&t=4d5b0474&ps=13740610&shp=81f88b70&shcp=9b759fb9&idc=useast5&ftpl=1"",""transcriptionLink"":null,""originalCoverUrl"":""https://p16-common-sign.tiktokcdn-us.com/tos-useast8-i-photomode-tx2/a2cfc72c69c2458f804a488bc98c9f7e~tplv-photomode-image.jpeg?dr=9616&x-expires=1774407600&x-signature=zOU6nq91Wj%2BMAG68wiP2to28aTU%3D&t=4d5b0474&ps=13740610&shp=81f88b70&shcp=9b759fb9&idc=useast5&ftpl=1""}",68,3,2607,12,0,0,[],[],"[{""name"":""astrology""},{""name"":""astrologytok""},{""name"":""virgoseason""},{""name"":""virgo♍️""},{""name"":""newmoon""}]","[{""ID"":""242883878"",""name"":""Flawless Skin"",""stickerStats"":{""useCount"":0}},{""ID"":""1501446"",""name"":""Green Eyes for Brown Eyes"",""stickerStats"":{""useCount"":0}}]",true,"[{""tiktokLink"":""https://p16-common-sign.tiktokcdn-us.com/tos-useast8-i-photomode-tx2/a2cfc72c69c2458f804a488bc98c9f7e~tplv-photomode-image.jpeg?dr=9616&x-expires=1774407600&x-signature=zOU6nq91Wj%2BMAG68wiP2to28aTU%3D&t=4d5b0474&ps=13740610&shp=81f88b70&shcp=9b759fb9&idc=useast5&ftpl=1"",""downloadLink"":""https://p16-common-sign.tiktokcdn-us.com/tos-useast8-i-photomode-tx2/a2cfc72c69c2458f804a488bc98c9f7e~tplv-photomode-image.jpeg?dr=9616&x-expires=1774407600&x-signature=zOU6nq91Wj%2BMAG68wiP2to28aTU%3D&t=4d5b0474&ps=13740610&shp=81f88b70&shcp=9b759fb9&idc=useast5&ftpl=1""},{""tiktokLink"":""https://p19-common-sign.tiktokcdn-us.com/tos-useast8-i-photomode-tx2/be854c85202e449a888cc79caa70a7ff~tplv-photomode-image.jpeg?dr=9616&x-expires=1774407600&x-signature=TUz%2Fbx6Gwicm%2BsLLb8DjqWvfCxo%3D&t=4d5b0474&ps=13740610&shp=81f88b70&shcp=9b759fb9&idc=useast5&ftpl=1"",""downloadLink"":""https://p19-common-sign.tiktokcdn-us.com/tos-useast8-i-photomode-tx2/be854c85202e449a888cc79caa70a7ff~tplv-photomode-image.jpeg?dr=9616&x-expires=1774407600&x-signature=TUz%2Fbx6Gwicm%2BsLLb8DjqWvfCxo%3D&t=4d5b0474&ps=13740610&shp=81f88b70&shcp=9b759fb9&idc=useast5&ftpl=1""},{""tiktokLink"":""https://p16-common-sign.tiktokcdn-us.com/tos-useast8-i-photomode-tx2/f58ace6106504914affb4b46b11c2f59~tplv-photomode-image.jpeg?dr=9616&x-expires=1774407600&x-signature=5IyrIPEpws7B1YTATWFSriionDQ%3D&t=4d5b0474&ps=13740610&shp=81f88b70&shcp=9b759fb9&idc=useast5&ftpl=1"",""downloadLink"":""https://p16-common-sign.tiktokcdn-us.com/tos-useast8-i-photomode-tx2/f58ace6106504914affb4b46b11c2f59~tplv-photomode-image.jpeg?dr=9616&x-expires=1774407600&x-signature=5IyrIPEpws7B1YTATWFSriionDQ%3D&t=4d5b0474&ps=13740610&shp=81f88b70&shcp=9b759fb9&idc=useast5&ftpl=1""},{""tiktokLink"":""https://p16-common-sign.tiktokcdn-us.com/tos-useast8-i-photomode-tx2/94fb9aa51a1f497a83ac986d7fb7022d~tplv-photomode-image.jpeg?dr=9616&x-expires=1774407600&x-signature=nnFumtVUvxRb5zueKlZkiPjy2Aw%3D&t=4d5b0474&ps=13740610&shp=81f88b70&shcp=9b759fb9&idc=useast5&ftpl=1"",""downloadLink"":""https://p16-common-sign.tiktokcdn-us.com/tos-useast8-i-photomode-tx2/94fb9aa51a1f497a83ac986d7fb7022d~tplv-photomode-image.jpeg?dr=9616&x-expires=1774407600&x-signature=nnFumtVUvxRb5zueKlZkiPjy2Aw%3D&t=4d5b0474&ps=13740610&shp=81f88b70&shcp=9b759fb9&idc=useast5&ftpl=1""},{""tiktokLink"":""https://p16-common-sign.tiktokcdn-us.com/tos-useast8-i-photomode-tx2/9f74311fed534b79ad4c939197d40391~tplv-photomode-image.jpeg?dr=9616&x-expires=1774407600&x-signature=2CWqSQvZ1Odn3dNt67IFEWwEQY0%3D&t=4d5b0474&ps=13740610&shp=81f88b70&shcp=9b759fb9&idc=useast5&ftpl=1"",""downloadLink"":""https://p16-common-sign.tiktokcdn-us.com/tos-useast8-i-photomode-tx2/9f74311fed534b79ad4c939197d40391~tplv-photomode-image.jpeg?dr=9616&x-expires=1774407600&x-signature=2CWqSQvZ1Odn3dNt67IFEWwEQY0%3D&t=4d5b0474&ps=13740610&shp=81f88b70&shcp=9b759fb9&idc=useast5&ftpl=1""},{""tiktokLink"":""https://p16-common-sign.tiktokcdn-us.com/tos-useast8-i-photomode-tx2/b423a83d4af6469ebfab096d2ce5dfab~tplv-photomode-image.jpeg?dr=9616&x-expires=1774407600&x-signature=%2BBcZOT97TCYomFBq7TkrPJ9Ws9Q%3D&t=4d5b0474&ps=13740610&shp=81f88b70&shcp=9b759fb9&idc=useast5&ftpl=1"",""downloadLink"":""https://p16-common-sign.tiktokcdn-us.com/tos-useast8-i-photomode-tx2/b423a83d4af6469ebfab096d2ce5dfab~tplv-photomode-image.jpeg?dr=9616&x-expires=1774407600&x-signature=%2BBcZOT97TCYomFBq7TkrPJ9Ws9Q%3D&t=4d5b0474&ps=13740610&shp=81f88b70&shcp=9b759fb9&idc=useast5&ftpl=1""},{""tiktokLink"":""https://p16-common-sign.tiktokcdn-us.com/tos-useast8-i-photomode-tx2/a68f0fe97af04ec087c61cef1ff076f3~tplv-photomode-image.jpeg?dr=9616&x-expires=1774407600&x-signature=trgMfMF53Scu8rSGqvUlmPTUiJk%3D&t=4d5b0474&ps=13740610&shp=81f88b70&shcp=9b759fb9&idc=useast5&ftpl=1"",""downloadLink"":""https://p16-common-sign.tiktokcdn-us.com/tos-useast8-i-photomode-tx2/a68f0fe97af04ec087c61cef1ff076f3~tplv-photomode-image.jpeg?dr=9616&x-expires=1774407600&x-signature=trgMfMF53Scu8rSGqvUlmPTUiJk%3D&t=4d5b0474&ps=13740610&shp=81f88b70&shcp=9b759fb9&idc=useast5&ftpl=1""}]",false,false,[],sanctuarywrld,videos,
7536302550878833950,"This full moon is your “main character meets group project” moment.

Aquarius energy is asking: What kind of mark do you actually want to leave?
It’s giving independent baddie and team player — withou...",en,1754682186,2025-08-08T19:43:06.000Z,false,"{""id"":""6870995222446408710"",""name"":""sanctuarywrld"",""profileUrl"":""https://www.tiktok.com/@sanctuarywrld"",""nickName"":""Sanctuary"",""verified"":false,""signature"":""▼ Your daily guide to the universe ▼\nDownload the app iOS and Android!"",""bioLink"":""https://social.sanctuaryworld.co/tiktok-linkinbio-birthchart"",""avatar"":""https://p16-common-sign.tiktokcdn-us.com/tos-useast5-avt-0068-tx/7347087487909429291~tplv-tiktokx-cropcenter:720:720.jpeg?dr=9640&refresh_token=e654da7f&x-expires=1774407600&x-signature=%2FF6Fr6Rw4orlgXoAh7JGjK94izM%3D&t=4d5b0474&ps=13740610&shp=a5d48078&shcp=81f88b70&idc=useast8"",""commerceUserInfo"":{""commerceUser"":true,""category"":""Software & Apps"",""categoryButton"":false},""privateAccount"":false,""roomId"":"""",""ttSeller"":false,""createTime"":1599778397,""following"":583,""friends"":53,""fans"":45200,""heart"":1100000,""video"":966,""digg"":0,""originalAvatarUrl"":""https://p16-common-sign.tiktokcdn-us.com/tos-useast5-avt-0068-tx/7347087487909429291~tplv-tiktokx-cropcenter:720:720.jpeg?dr=9640&refresh_token=e654da7f&x-expires=1774407600&x-signature=%2FF6Fr6Rw4orlgXoAh7JGjK94izM%3D&t=4d5b0474&ps=13740610&shp=a5d48078&shcp=81f88b70&idc=useast8""}","{""musicName"":""original sound"",""musicAuthor"":""Sanctuary"",""musicOriginal"":true,""playUrl"":""https://v16m.tiktokcdn-us.com/149d3767a979b5ea76b4e92ef0accae5/69c10c0a/video/tos/useast8/tos-useast8-v-27dcd7-tx2/oQ0oILdqhEEKiAJfa3UaWeA6eAI7OCGCRECTAL/?a=1233&bti=ODszNWYuMDE6&ch=0&cr=0&dr=0&er=0&lr=default&cd=0%7C0%7C0%7C0&br=250&bt=125&ds=5&ft=GSDrKInz7Ths8N-PXq8Zmo&mime_type=audio_mpeg&qs=13&rc=M2s3dXg5cm04NTMzaTU8NEBpM2s3dXg5cm04NTMzaTU8NEBjbnBtMmRrM19hLS1kMTJzYSNjbnBtMmRrM19hLS1kMTJzcw%3D%3D&vvpl=1&l=20260323034408DD6B820CBFF55600FE72&btag=e00050000"",""coverMediumUrl"":""https://p19-common-sign.tiktokcdn-us.com/tos-useast5-avt-0068-tx/7347087487909429291~tplv-tiktokx-cropcenter:720:720.jpeg?dr=9640&refresh_token=bc63002c&x-expires=1774407600&x-signature=yJzcpfnM5ke80IDnOilHpQlw9fs%3D&t=4d5b0474&ps=13740610&shp=a5d48078&shcp=81f88b70&idc=useast5"",""musicId"":""7536302494599760671"",""originalCoverMediumUrl"":""https://p19-common-sign.tiktokcdn-us.com/tos-useast5-avt-0068-tx/7347087487909429291~tplv-tiktokx-cropcenter:720:720.jpeg?dr=9640&refresh_token=bc63002c&x-expires=1774407600&x-signature=yJzcpfnM5ke80IDnOilHpQlw9fs%3D&t=4d5b0474&ps=13740610&shp=a5d48078&shcp=81f88b70&idc=useast5""}",https://www.tiktok.com/@sanctuarywrld/video/7536302550878833950,"{""height"":1024,""width"":576,""duration"":162,""coverUrl"":""https://p16-common-sign.tiktokcdn-us.com/tos-useast8-p-0068-tx2/oY0Iyivpau6AhlyIZNnVD7ERoBmxJWq0URAiB~tplv-tiktokx-origin.image?dr=9636&x-expires=1774407600&x-signature=FUmp%2B%2FBNpE3orGwPY0qt08PC67Y%3D&t=4d5b0474&ps=13740610&shp=81f88b70&shcp=43f4a2f9&idc=useast5"",""definition"":""540p"",""format"":""mp4"",""subtitleLinks"":[{""language"":""eng-US"",""downloadLink"":""https://v16m-webapp.tiktokcdn-us.com/8fb7d0780932d903efda0861a7e5c3da/69c35aaa/video/tos/useast8/tos-useast8-v-0068-tx2/b87dce1dced54da4a4e8655a3e1f2020/?a=1988&bti=ODszNWYuMDE6&ch=0&cr=3&dr=0&lr=all&cd=0%7C0%7C0%7C&cv=1&br=19172&bt=9586&ds=4&ft=4KLMeMzm8Zmo0pVsyx4jVxmjdpWrKsd.&mime_type=video_mp4&qs=13&rc=amQ6PGs5cnQ4NTMzaTczNEBpamQ6PGs5cnQ4NTMzaTczNEAzMnBuMmRrMF9hLS1kMTJzYSMzMnBuMmRrMF9hLS1kMTJzcw%3D%3D&l=20260323034408DD6B820CBFF55600FE72&btag=e00050000"",""source"":""ASR"",""sourceUnabbreviated"":""automatic speech recognition"",""version"":""1:big_caption"",""tiktokLink"":""https://v16m-webapp.tiktokcdn-us.com/8fb7d0780932d903efda0861a7e5c3da/69c35aaa/video/tos/useast8/tos-useast8-v-0068-tx2/b87dce1dced54da4a4e8655a3e1f2020/?a=1988&bti=ODszNWYuMDE6&ch=0&cr=3&dr=0&lr=all&cd=0%7C0%7C0%7C&cv=1&br=19172&bt=9586&ds=4&ft=4KLMeMzm8Zmo0pVsyx4jVxmjdpWrKsd.&mime_type=video_mp4&qs=13&rc=amQ6PGs5cnQ4NTMzaTczNEBpamQ6PGs5cnQ4NTMzaTczNEAzMnBuMmRrMF9hLS1kMTJzYSMzMnBuMmRrMF9hLS1kMTJzcw%3D%3D&l=20260323034408DD6B820CBFF55600FE72&btag=e00050000""}],""transcriptionLink"":null,""originalCoverUrl"":""https://p16-common-sign.tiktokcdn-us.com/tos-useast8-p-0068-tx2/oY0Iyivpau6AhlyIZNnVD7ERoBmxJWq0URAiB~tplv-tiktokx-origin.image?dr=9636&x-expires=1774407600&x-signature=FUmp%2B%2FBNpE3orGwPY0qt08PC67Y%3D&t=4d5b0474&ps=13740610&shp=81f88b70&shcp=43f4a2f9&idc=useast5""}",109,12,1211,12,0,0,[],[],"[{""name"":""astrologytiktok""},{""name"":""astrologytok""},{""name"":""astrologysigns""},{""name"":""zodiacsigns""},{""name"":""astrologygirlies""},{""name"":""mercuryretrograde""},{""name"":""fullmoon""}]","[{""ID"":""242883878"",""name"":""Flawless Skin"",""stickerStats"":{""useCount"":0}},{""ID"":""1501446"",""name"":""Green Eyes for Brown Eyes"",""stickerStats"":{""useCount"":0}}]",false,,false,false,[],sanctuarywrld,videos,
7536297508968926494,"Like can you not 🥲

#astrologytiktok #astrologytok #astrologysigns #zodiacsigns #astrology #astrologygirlies #mercuryretrograde ",en,1754681009,2025-08-08T19:23:29.000Z,false,"{""id"":""6870995222446408710"",""name"":""sanctuarywrld"",""profileUrl"":""https://www.tiktok.com/@sanctuarywrld"",""nickName"":""Sanctuary"",""verified"":false,""signature"":""▼ Your daily guide to the universe ▼\nDownload the app iOS and Android!"",""bioLink"":""https://social.sanctuaryworld.co/tiktok-linkinbio-birthchart"",""avatar"":""https://p16-common-sign.tiktokcdn-us.com/tos-useast5-avt-0068-tx/7347087487909429291~tplv-tiktokx-cropcenter:720:720.jpeg?dr=9640&refresh_token=e654da7f&x-expires=1774407600&x-signature=%2FF6Fr6Rw4orlgXoAh7JGjK94izM%3D&t=4d5b0474&ps=13740610&shp=a5d48078&shcp=81f88b70&idc=useast8"",""commerceUserInfo"":{""commerceUser"":true,""category"":""Software & Apps"",""categoryButton"":false},""privateAccount"":false,""roomId"":"""",""ttSeller"":false,""createTime"":1599778397,""following"":583,""friends"":53,""fans"":45200,""heart"":1100000,""video"":966,""digg"":0,""originalAvatarUrl"":""https://p16-common-sign.tiktokcdn-us.com/tos-useast5-avt-0068-tx/7347087487909429291~tplv-tiktokx-cropcenter:720:720.jpeg?dr=9640&refresh_token=e654da7f&x-expires=1774407600&x-signature=%2FF6Fr6Rw4orlgXoAh7JGjK94izM%3D&t=4d5b0474&ps=13740610&shp=a5d48078&shcp=81f88b70&idc=useast8""}","{""musicName"":""original sound"",""musicAuthor"":""Brooke and Books"",""musicOriginal"":true,""playUrl"":""https://v16m.tiktokcdn-us.com/53272bf796f1246ddb8a617a16cfd328/69c10b6d/video/tos/useast5/tos-useast5-v-27dcd7-tx/36abc94f6d3c4369bb09c423a909b421/?a=1233&bti=ODszNWYuMDE6&ch=0&cr=0&dr=0&er=0&lr=default&cd=0%7C0%7C0%7C0&br=254&bt=127&ds=5&ft=GSDrKInz7Ths8N-PXq8Zmo&mime_type=audio_mpeg&qs=13&rc=MzM3NWQ6Zm0zbDMzZzU8NEBpMzM3NWQ6Zm0zbDMzZzU8NEBiNm9lcjRvNmhgLS1kMS9zYSNiNm9lcjRvNmhgLS1kMS9zcw%3D%3D&vvpl=1&l=20260323034408DD6B820CBFF55600FE72&btag=e00070000"",""coverMediumUrl"":""https://p16-common-sign.tiktokcdn-us.com/tos-useast8-avt-0068-tx2/bef6ec1efafcb42b9e6880c152c5e6e5~tplv-tiktokx-cropcenter:720:720.jpeg?dr=9640&refresh_token=cfdafe85&x-expires=1774407600&x-signature=AYsMps%2F2rULOSqNXjIDoQCc1vOE%3D&t=4d5b0474&ps=13740610&shp=a5d48078&shcp=81f88b70&idc=useast5"",""musicId"":""7253052441334172458"",""originalCoverMediumUrl"":""https://p16-common-sign.tiktokcdn-us.com/tos-useast8-avt-0068-tx2/bef6ec1efafcb42b9e6880c152c5e6e5~tplv-tiktokx-cropcenter:720:720.jpeg?dr=9640&refresh_token=cfdafe85&x-expires=1774407600&x-signature=AYsMps%2F2rULOSqNXjIDoQCc1vOE%3D&t=4d5b0474&ps=13740610&shp=a5d48078&shcp=81f88b70&idc=useast5""}",https://www.tiktok.com/@sanctuarywrld/video/7536297508968926494,"{""height"":1024,""width"":576,""duration"":5,""coverUrl"":""https://p19-common-sign.tiktokcdn-us.com/tos-useast8-p-0068-tx2/oIBxR7BTlmkf4NiyWWkaVOeiE4yiIEogEIAAr1~tplv-tiktokx-origin.image?dr=9636&x-expires=1774407600&x-signature=Dgpx2X6xvYv3oynexPvBFHVM%2Bkc%3D&t=4d5b0474&ps=13740610&shp=81f88b70&shcp=43f4a2f9&idc=useast5"",""definition"":""540p"",""format"":""mp4"",""subtitleLinks"":[{""language"":""eng-US"",""downloadLink"":""https://v16m-webapp.tiktokcdn-us.com/2f48ef3feaab57134da741a212e3a62c/69c35a0d/video/tos/useast8/tos-useast8-v-0068-tx2/a54f05d72c9247a69f01ed3f9d0d1a95/?a=1988&bti=ODszNWYuMDE6&ch=0&cr=3&dr=0&lr=all&cd=0%7C0%7C0%7C&cv=1&br=14434&bt=7217&ds=4&ft=4KLMeMzm8Zmo0pVsyx4jVxmjdpWrKsd.&mime_type=video_mp4&qs=13&rc=M29kOWw5cmk3NTMzaTczNEBpM29kOWw5cmk3NTMzaTczNEBwLmpfMmRjcF9hLS1kMTJzYSNwLmpfMmRjcF9hLS1kMTJzcw%3D%3D&l=20260323034408DD6B820CBFF55600FE72&btag=e00070000"",""source"":""ASR"",""sourceUnabbreviated"":""automatic speech recognition"",""version"":""1:big_caption"",""tiktokLink"":""https://v16m-webapp.tiktokcdn-us.com/2f48ef3feaab57134da741a212e3a62c/69c35a0d/video/tos/useast8/tos-useast8-v-0068-tx2/a54f05d72c9247a69f01ed3f9d0d1a95/?a=1988&bti=ODszNWYuMDE6&ch=0&cr=3&dr=0&lr=all&cd=0%7C0%7C0%7C&cv=1&br=14434&bt=7217&ds=4&ft=4KLMeMzm8Zmo0pVsyx4jVxmjdpWrKsd.&mime_type=video_mp4&qs=13&rc=M29kOWw5cmk3NTMzaTczNEBpM29kOWw5cmk3NTMzaTczNEBwLmpfMmRjcF9hLS1kMTJzYSNwLmpfMmRjcF9hLS1kMTJzcw%3D%3D&l=20260323034408DD6B820CBFF55600FE72&btag=e00070000""}],""transcriptionLink"":null,""originalCoverUrl"":""https://p19-common-sign.tiktokcdn-us.com/tos-useast8-p-0068-tx2/oIBxR7BTlmkf4NiyWWkaVOeiE4yiIEogEIAAr1~tplv-tiktokx-origin.image?dr=9636&x-expires=1774407600&x-signature=Dgpx2X6xvYv3oynexPvBFHVM%2Bkc%3D&t=4d5b0474&ps=13740610&shp=81f88b70&shcp=43f4a2f9&idc=useast5""}",62,0,1670,0,0,0,[],[],"[{""name"":""astrologytiktok""},{""name"":""astrologytok""},{""name"":""astrologysigns""},{""name"":""zodiacsigns""},{""name"":""astrology""},{""name"":""astrologygirlies""},{""name"":""mercuryretrograde""}]","[{""ID"":""242883878"",""name"":""Flawless Skin"",""stickerStats"":{""useCount"":0}},{""ID"":""1501446"",""name"":""Green Eyes for Brown Eyes"",""stickerStats"":{""useCount"":0}}]",false,,false,false,[],sanctuarywrld,videos,
7536296963256421662,"The vibes are intense, the moon is full, and the astrology is giving drama. Here’s your weekend cosmic survival guide 🪐💖

#astrologytiktok #astrologytok #astrologysigns #zodiacsigns #astrology #astr...",en,1754680883,2025-08-08T19:21:23.000Z,false,"{""id"":""6870995222446408710"",""name"":""sanctuarywrld"",""profileUrl"":""https://www.tiktok.com/@sanctuarywrld"",""nickName"":""Sanctuary"",""verified"":false,""signature"":""▼ Your daily guide to the universe ▼\nDownload the app iOS and Android!"",""bioLink"":""https://social.sanctuaryworld.co/tiktok-linkinbio-birthchart"",""avatar"":""https://p16-common-sign.tiktokcdn-us.com/tos-useast5-avt-0068-tx/7347087487909429291~tplv-tiktokx-cropcenter:720:720.jpeg?dr=9640&refresh_token=e654da7f&x-expires=1774407600&x-signature=%2FF6Fr6Rw4orlgXoAh7JGjK94izM%3D&t=4d5b0474&ps=13740610&shp=a5d48078&shcp=81f88b70&idc=useast8"",""commerceUserInfo"":{""commerceUser"":true,""category"":""Software & Apps"",""categoryButton"":false},""privateAccount"":false,""roomId"":"""",""ttSeller"":false,""createTime"":1599778397,""following"":583,""friends"":53,""fans"":45200,""heart"":1100000,""video"":966,""digg"":0,""originalAvatarUrl"":""https://p16-common-sign.tiktokcdn-us.com/tos-useast5-avt-0068-tx/7347087487909429291~tplv-tiktokx-cropcenter:720:720.jpeg?dr=9640&refresh_token=e654da7f&x-expires=1774407600&x-signature=%2FF6Fr6Rw4orlgXoAh7JGjK94izM%3D&t=4d5b0474&ps=13740610&shp=a5d48078&shcp=81f88b70&idc=useast8""}","{""musicName"":""original sound"",""musicAuthor"":""Sanctuary"",""musicOriginal"":true,""playUrl"":""https://v16m.tiktokcdn-us.com/527be7bff00b0b66bd37a9ca7d88804c/69c10c32/video/tos/useast8/tos-useast8-v-27dcd7-tx2/ocVDyAnAECKAEjFAod8CHTkfJ4lJB3UlWEEkZe/?a=1233&bti=ODszNWYuMDE6&ch=0&cr=0&dr=0&er=0&lr=default&cd=0%7C0%7C0%7C0&br=250&bt=125&ds=5&ft=GSDrKInz7Ths8N-PXq8Zmo&mime_type=audio_mpeg&qs=13&rc=M3ZpZWw5cmc3NTMzaTU8NEBpM3ZpZWw5cmc3NTMzaTU8NEBtcTFmMmRzcF9hLS1kMTJzYSNtcTFmMmRzcF9hLS1kMTJzcw%3D%3D&vvpl=1&l=20260323034408DD6B820CBFF55600FE72&btag=e00058000"",""coverMediumUrl"":""https://p19-common-sign.tiktokcdn-us.com/tos-useast5-avt-0068-tx/7347087487909429291~tplv-tiktokx-cropcenter:720:720.jpeg?dr=9640&refresh_token=bc63002c&x-expires=1774407600&x-signature=yJzcpfnM5ke80IDnOilHpQlw9fs%3D&t=4d5b0474&ps=13740610&shp=a5d48078&shcp=81f88b70&idc=useast5"",""musicId"":""7536296963902294815"",""originalCoverMediumUrl"":""https://p19-common-sign.tiktokcdn-us.com/tos-useast5-avt-0068-tx/7347087487909429291~tplv-tiktokx-cropcenter:720:720.jpeg?dr=9640&refresh_token=bc63002c&x-expires=1774407600&x-signature=yJzcpfnM5ke80IDnOilHpQlw9fs%3D&t=4d5b0474&ps=13740610&shp=a5d48078&shcp=81f88b70&idc=useast5""}",https://www.tiktok.com/@sanctuarywrld/video/7536296963256421662,"{""height"":1024,""width"":576,""duration"":202,""coverUrl"":""https://p16-common-sign.tiktokcdn-us.com/tos-useast8-p-0068-tx2/osTEVEYDA9PBouOFfeoREHAkQkWYjlQLkKYOlV~tplv-tiktokx-origin.image?dr=9636&x-expires=1774407600&x-signature=kiEp%2FEaR8hi6hzeYW9MPllMExL8%3D&t=4d5b0474&ps=13740610&shp=81f88b70&shcp=43f4a2f9&idc=useast5"",""definition"":""540p"",""format"":""mp4"",""subtitleLinks"":[{""language"":""eng-US"",""downloadLink"":""https://v16m-webapp.tiktokcdn-us.com/b8be4f96c6a2c034f45d8a90cb603c30/69c35ad2/video/tos/useast8/tos-useast8-v-0068-tx2/d35bcdcfe2d347dab8efc1726d519192/?a=1988&bti=ODszNWYuMDE6&ch=0&cr=3&dr=0&lr=all&cd=0%7C0%7C0%7C&cv=1&br=19182&bt=9591&ds=4&ft=4KLMeMzm8Zmo0pVsyx4jVxmjdpWrKsd.&mime_type=video_mp4&qs=13&rc=M3hqNmw5cjU3NTMzaTczNEBpM3hqNmw5cjU3NTMzaTczNEBqYi82MmRra19hLS1kMTJzYSNqYi82MmRra19hLS1kMTJzcw%3D%3D&l=20260323034408DD6B820CBFF55600FE72&btag=e00058000"",""source"":""ASR"",""sourceUnabbreviated"":""automatic speech recognition"",""version"":""1:big_caption"",""tiktokLink"":""https://v16m-webapp.tiktokcdn-us.com/b8be4f96c6a2c034f45d8a90cb603c30/69c35ad2/video/tos/useast8/tos-useast8-v-0068-tx2/d35bcdcfe2d347dab8efc1726d519192/?a=1988&bti=ODszNWYuMDE6&ch=0&cr=3&dr=0&lr=all&cd=0%7C0%7C0%7C&cv=1&br=19182&bt=9591&ds=4&ft=4KLMeMzm8Zmo0pVsyx4jVxmjdpWrKsd.&mime_type=video_mp4&qs=13&rc=M3hqNmw5cjU3NTMzaTczNEBpM3hqNmw5cjU3NTMzaTczNEBqYi82MmRra19hLS1kMTJzYSNqYi82MmRra19hLS1kMTJzcw%3D%3D&l=20260323034408DD6B820CBFF55600FE72&btag=e00058000""}],""transcriptionLink"":null,""originalCoverUrl"":""https://p16-common-sign.tiktokcdn-us.com/tos-useast8-p-0068-tx2/osTEVEYDA9PBouOFfeoREHAkQkWYjlQLkKYOlV~tplv-tiktokx-origin.image?dr=9636&x-expires=1774407600&x-signature=kiEp%2FEaR8hi6hzeYW9MPllMExL8%3D&t=4d5b0474&ps=13740610&shp=81f88b70&shcp=43f4a2f9&idc=useast5""}",29,0,500,9,1,0,[],[],"[{""name"":""astrologytiktok""},{""name"":""astrologytok""},{""name"":""astrologysigns""},{""name"":""zodiacsigns""},{""name"":""astrology""},{""name"":""astrologygirlies""}]","[{""ID"":""242883878"",""name"":""Flawless Skin"",""stickerStats"":{""useCount"":0}},{""ID"":""1501446"",""name"":""Green Eyes for Brown Eyes"",""stickerStats"":{""useCount"":0}}]",false,,false,false,[],sanctuarywrld,videos,
7533718527006559519,"August is your cosmic comeback era. 💅✨ After a chaotic kickoff to summer (looking at you, Mercury retrograde), August is here to help you reset, realign, and rewire your mindset.

The Full Moon in Aq...",en,1754080552,2025-08-01T20:35:52.000Z,false,"{""id"":""6870995222446408710"",""name"":""sanctuarywrld"",""profileUrl"":""https://www.tiktok.com/@sanctuarywrld"",""nickName"":""Sanctuary"",""verified"":false,""signature"":""▼ Your daily guide to the universe ▼\nDownload the app iOS and Android!"",""bioLink"":""https://social.sanctuaryworld.co/tiktok-linkinbio-birthchart"",""avatar"":""https://p16-common-sign.tiktokcdn-us.com/tos-useast5-avt-0068-tx/7347087487909429291~tplv-tiktokx-cropcenter:720:720.jpeg?dr=9640&refresh_token=e654da7f&x-expires=1774407600&x-signature=%2FF6Fr6Rw4orlgXoAh7JGjK94izM%3D&t=4d5b0474&ps=13740610&shp=a5d48078&shcp=81f88b70&idc=useast8"",""commerceUserInfo"":{""commerceUser"":true,""category"":""Software & Apps"",""categoryButton"":false},""privateAccount"":false,""roomId"":"""",""ttSeller"":false,""createTime"":1599778397,""following"":583,""friends"":53,""fans"":45200,""heart"":1100000,""video"":966,""digg"":0,""originalAvatarUrl"":""https://p16-common-sign.tiktokcdn-us.com/tos-useast5-avt-0068-tx/7347087487909429291~tplv-tiktokx-cropcenter:720:720.jpeg?dr=9640&refresh_token=e654da7f&x-expires=1774407600&x-signature=%2FF6Fr6Rw4orlgXoAh7JGjK94izM%3D&t=4d5b0474&ps=13740610&shp=a5d48078&shcp=81f88b70&idc=useast8""}","{""musicName"":""august"",""musicAuthor"":""chloe ✧"",""musicOriginal"":true,""playUrl"":""https://v16m.tiktokcdn-us.com/6799cf2e364e990fe6fbdfbc7c6a36aa/69c10b7c/video/tos/useast5/tos-useast5-v-27dcd7c799-tx/47f59d5220214c9f8f984b0e122e7f89/?a=1233&bti=ODszNWYuMDE6&ch=0&cr=0&dr=0&er=0&lr=default&cd=0%7C0%7C0%7C0&br=252&bt=126&ds=5&ft=GSDrKInz7Ths8N-PXq8Zmo&mime_type=audio_mp4&qs=13&rc=MzN1OjQ6ZjZyZTMzZjU8M0BpMzN1OjQ6ZjZyZTMzZjU8M0BhbC0zcjQwMWtgLS1kMWNzYSNhbC0zcjQwMWtgLS1kMWNzcw%3D%3D&vvpl=1&l=20260323034408DD6B820CBFF55600FE72&btag=e00078000"",""coverMediumUrl"":""https://p19-common-sign.tiktokcdn-us.com/tos-useast2a-avt-0068-giso/8bfe40d5de23658332e7b016cc77df85~tplv-tiktokx-cropcenter:720:720.jpeg?dr=9640&refresh_token=64f0daa4&x-expires=1774407600&x-signature=N6A%2Bkp82fUv%2FSkapEK49bxp0sbY%3D&t=4d5b0474&ps=13740610&shp=a5d48078&shcp=81f88b70&idc=useast5"",""musicId"":""7129059703895657242"",""originalCoverMediumUrl"":""https://p19-common-sign.tiktokcdn-us.com/tos-useast2a-avt-0068-giso/8bfe40d5de23658332e7b016cc77df85~tplv-tiktokx-cropcenter:720:720.jpeg?dr=9640&refresh_token=64f0daa4&x-expires=1774407600&x-signature=N6A%2Bkp82fUv%2FSkapEK49bxp0sbY%3D&t=4d5b0474&ps=13740610&shp=a5d48078&shcp=81f88b70&idc=useast5""}",https://www.tiktok.com/@sanctuarywrld/video/7533718527006559519,"{""height"":0,""width"":0,""duration"":0,""coverUrl"":""https://p16-common-sign.tiktokcdn-us.com/tos-useast8-i-photomode-tx2/88e490325c34478598575ccb2faa6273~tplv-photomode-image.jpeg?dr=9616&x-expires=1774407600&x-signature=t24EIUKI9Vo1pl1ASMHRbpad4e4%3D&t=4d5b0474&ps=13740610&shp=81f88b70&shcp=9b759fb9&idc=useast5&ftpl=1"",""transcriptionLink"":null,""originalCoverUrl"":""https://p16-common-sign.tiktokcdn-us.com/tos-useast8-i-photomode-tx2/88e490325c34478598575ccb2faa6273~tplv-photomode-image.jpeg?dr=9616&x-expires=1774407600&x-signature=t24EIUKI9Vo1pl1ASMHRbpad4e4%3D&t=4d5b0474&ps=13740610&shp=81f88b70&shcp=9b759fb9&idc=useast5&ftpl=1""}",39,0,978,3,0,0,[],[],"[{""name"":""astrology""},{""name"":""astrologytok""},{""name"":""astrologytiktok""},{""name"":""august""},{""name"":""virgo♍️""},{""name"":""virgoseason""},{""name"":""backtoschool""}]","[{""ID"":""242883878"",""name"":""Flawless Skin"",""stickerStats"":{""useCount"":0}},{""ID"":""1501446"",""name"":""Green Eyes for Brown Eyes"",""stickerStats"":{""useCount"":0}}]",true,"[{""tiktokLink"":""https://p19-common-sign.tiktokcdn-us.com/tos-useast8-i-photomode-tx2/88e490325c34478598575ccb2faa6273~tplv-photomode-image.jpeg?dr=9616&x-expires=1774407600&x-signature=4m%2FJPNCt5bvzEkds34RIsIX88RM%3D&t=4d5b0474&ps=13740610&shp=81f88b70&shcp=9b759fb9&idc=useast5&ftpl=1"",""downloadLink"":""https://p19-common-sign.tiktokcdn-us.com/tos-useast8-i-photomode-tx2/88e490325c34478598575ccb2faa6273~tplv-photomode-image.jpeg?dr=9616&x-expires=1774407600&x-signature=4m%2FJPNCt5bvzEkds34RIsIX88RM%3D&t=4d5b0474&ps=13740610&shp=81f88b70&shcp=9b759fb9&idc=useast5&ftpl=1""},{""tiktokLink"":""https://p16-common-sign.tiktokcdn-us.com/tos-useast8-i-photomode-tx2/db4dd9e156a5455ab1d72f1ba6e96c80~tplv-photomode-image.jpeg?dr=9616&x-expires=1774407600&x-signature=%2B%2BMYveBEdFxEEKNJIG8MY5qPdkk%3D&t=4d5b0474&ps=13740610&shp=81f88b70&shcp=9b759fb9&idc=useast5&ftpl=1"",""downloadLink"":""https://p16-common-sign.tiktokcdn-us.com/tos-useast8-i-photomode-tx2/db4dd9e156a5455ab1d72f1ba6e96c80~tplv-photomode-image.jpeg?dr=9616&x-expires=1774407600&x-signature=%2B%2BMYveBEdFxEEKNJIG8MY5qPdkk%3D&t=4d5b0474&ps=13740610&shp=81f88b70&shcp=9b759fb9&idc=useast5&ftpl=1""},{""tiktokLink"":""https://p19-common-sign.tiktokcdn-us.com/tos-useast8-i-photomode-tx2/3dae562eacc4411e801772c39d8110b4~tplv-photomode-image.jpeg?dr=9616&x-expires=1774407600&x-signature=0nL1wIb6StfwZCnJzf1XHdMuubg%3D&t=4d5b0474&ps=13740610&shp=81f88b70&shcp=9b759fb9&idc=useast5&ftpl=1"",""downloadLink"":""https://p19-common-sign.tiktokcdn-us.com/tos-useast8-i-photomode-tx2/3dae562eacc4411e801772c39d8110b4~tplv-photomode-image.jpeg?dr=9616&x-expires=1774407600&x-signature=0nL1wIb6StfwZCnJzf1XHdMuubg%3D&t=4d5b0474&ps=13740610&shp=81f88b70&shcp=9b759fb9&idc=useast5&ftpl=1""},{""tiktokLink"":""https://p19-common-sign.tiktokcdn-us.com/tos-useast8-i-photomode-tx2/c5bcb6b23a0943a29dfcc1be9114b748~tplv-photomode-image.jpeg?dr=9616&x-expires=1774407600&x-signature=wU3I13PYlzUDbH8CuI6INsvtCJ8%3D&t=4d5b0474&ps=13740610&shp=81f88b70&shcp=9b759fb9&idc=useast5&ftpl=1"",""downloadLink"":""https://p19-common-sign.tiktokcdn-us.com/tos-useast8-i-photomode-tx2/c5bcb6b23a0943a29dfcc1be9114b748~tplv-photomode-image.jpeg?dr=9616&x-expires=1774407600&x-signature=wU3I13PYlzUDbH8CuI6INsvtCJ8%3D&t=4d5b0474&ps=13740610&shp=81f88b70&shcp=9b759fb9&idc=useast5&ftpl=1""},{""tiktokLink"":""https://p16-common-sign.tiktokcdn-us.com/tos-useast8-i-photomode-tx2/120e36fd86e74a8c9593c88db6165d4d~tplv-photomode-image.jpeg?dr=9616&x-expires=1774407600&x-signature=p%2BNxo7ncCHG%2BePBvTzNSlEbQzik%3D&t=4d5b0474&ps=13740610&shp=81f88b70&shcp=9b759fb9&idc=useast5&ftpl=1"",""downloadLink"":""https://p16-common-sign.tiktokcdn-us.com/tos-useast8-i-photomode-tx2/120e36fd86e74a8c9593c88db6165d4d~tplv-photomode-image.jpeg?dr=9616&x-expires=1774407600&x-signature=p%2BNxo7ncCHG%2BePBvTzNSlEbQzik%3D&t=4d5b0474&ps=13740610&shp=81f88b70&shcp=9b759fb9&idc=useast5&ftpl=1""},{""tiktokLink"":""https://p19-common-sign.tiktokcdn-us.com/tos-useast8-i-photomode-tx2/c4094f70ee29425a96cad16f47005f6f~tplv-photomode-image.jpeg?dr=9616&x-expires=1774407600&x-signature=Jh1NsWm%2F0XyZwRciAoVXQdHKIx8%3D&t=4d5b0474&ps=13740610&shp=81f88b70&shcp=9b759fb9&idc=useast5&ftpl=1"",""downloadLink"":""https://p19-common-sign.tiktokcdn-us.com/tos-useast8-i-photomode-tx2/c4094f70ee29425a96cad16f47005f6f~tplv-photomode-image.jpeg?dr=9616&x-expires=1774407600&x-signature=Jh1NsWm%2F0XyZwRciAoVXQdHKIx8%3D&t=4d5b0474&ps=13740610&shp=81f88b70&shcp=9b759fb9&idc=useast5&ftpl=1""},{""tiktokLink"":""https://p19-common-sign.tiktokcdn-us.com/tos-useast8-i-photomode-tx2/0bb30e78949a492697eb8f540589fdd0~tplv-photomode-image.jpeg?dr=9616&x-expires=1774407600&x-signature=bOGkMVW6crA3rsCNp4wgjZDHDgQ%3D&t=4d5b0474&ps=13740610&shp=81f88b70&shcp=9b759fb9&idc=useast5&ftpl=1"",""downloadLink"":""https://p19-common-sign.tiktokcdn-us.com/tos-useast8-i-photomode-tx2/0bb30e78949a492697eb8f540589fdd0~tplv-photomode-image.jpeg?dr=9616&x-expires=1774407600&x-signature=bOGkMVW6crA3rsCNp4wgjZDHDgQ%3D&t=4d5b0474&ps=13740610&shp=81f88b70&shcp=9b759fb9&idc=useast5&ftpl=1""},{""tiktokLink"":""https://p16-common-sign.tiktokcdn-us.com/tos-useast8-i-photomode-tx2/2360f02bd5be4000a16c39324a57f10a~tplv-photomode-image.jpeg?dr=9616&x-expires=1774407600&x-signature=8Ib%2F7dfGk%2FZ5IZZXQPQJBGFHK7s%3D&t=4d5b0474&ps=13740610&shp=81f88b70&shcp=9b759fb9&idc=useast5&ftpl=1"",""downloadLink"":""https://p16-common-sign.tiktokcdn-us.com/tos-useast8-i-photomode-tx2/2360f02bd5be4000a16c39324a57f10a~tplv-photomode-image.jpeg?dr=9616&x-expires=1774407600&x-signature=8Ib%2F7dfGk%2FZ5IZZXQPQJBGFHK7s%3D&t=4d5b0474&ps=13740610&shp=81f88b70&shcp=9b759fb9&idc=useast5&ftpl=1""},{""tiktokLink"":""https://p19-common-sign.tiktokcdn-us.com/tos-useast8-i-photomode-tx2/fa8001dfbb1348468491e9878fdfa0e0~tplv-photomode-image.jpeg?dr=9616&x-expires=1774407600&x-signature=nEXbgVQGUnOlp3DXlLl%2BmjTYCkQ%3D&t=4d5b0474&ps=13740610&shp=81f88b70&shcp=9b759fb9&idc=useast5&ftpl=1"",""downloadLink"":""https://p19-common-sign.tiktokcdn-us.com/tos-useast8-i-photomode-tx2/fa8001dfbb1348468491e9878fdfa0e0~tplv-photomode-image.jpeg?dr=9616&x-expires=1774407600&x-signature=nEXbgVQGUnOlp3DXlLl%2BmjTYCkQ%3D&t=4d5b0474&ps=13740610&shp=81f88b70&shcp=9b759fb9&idc=useast5&ftpl=1""},{""tiktokLink"":""https://p16-common-sign.tiktokcdn-us.com/tos-useast8-i-photomode-tx2/2f170e19ac3340b49caa6a3c1fedf06d~tplv-photomode-image.jpeg?dr=9616&x-expires=1774407600&x-signature=FoHbwLwu8YAbiMonZ0saEUlrsIM%3D&t=4d5b0474&ps=13740610&shp=81f88b70&shcp=9b759fb9&idc=useast5&ftpl=1"",""downloadLink"":""https://p16-common-sign.tiktokcdn-us.com/tos-useast8-i-photomode-tx2/2f170e19ac3340b49caa6a3c1fedf06d~tplv-photomode-image.jpeg?dr=9616&x-expires=1774407600&x-signature=FoHbwLwu8YAbiMonZ0saEUlrsIM%3D&t=4d5b0474&ps=13740610&shp=81f88b70&shcp=9b759fb9&idc=useast5&ftpl=1""},{""tiktokLink"":""https://p16-common-sign.tiktokcdn-us.com/tos-useast8-i-photomode-tx2/ef6d804757294974b3457193054e2522~tplv-photomode-image.jpeg?dr=9616&x-expires=1774407600&x-signature=gciAkwEdrEOYiLIgkoicyDmDSq0%3D&t=4d5b0474&ps=13740610&shp=81f88b70&shcp=9b759fb9&idc=useast5&ftpl=1"",""downloadLink"":""https://p16-common-sign.tiktokcdn-us.com/tos-useast8-i-photomode-tx2/ef6d804757294974b3457193054e2522~tplv-photomode-image.jpeg?dr=9616&x-expires=1774407600&x-signature=gciAkwEdrEOYiLIgkoicyDmDSq0%3D&t=4d5b0474&ps=13740610&shp=81f88b70&shcp=9b759fb9&idc=useast5&ftpl=1""},{""tiktokLink"":""https://p16-common-sign.tiktokcdn-us.com/tos-useast8-i-photomode-tx2/ebf4036d24a84e9285565a772d9a948d~tplv-photomode-image.jpeg?dr=9616&x-expires=1774407600&x-signature=vjfX9OlSwIjzmQ4KQothJKQRhak%3D&t=4d5b0474&ps=13740610&shp=81f88b70&shcp=9b759fb9&idc=useast5&ftpl=1"",""downloadLink"":""https://p16-common-sign.tiktokcdn-us.com/tos-useast8-i-photomode-tx2/ebf4036d24a84e9285565a772d9a948d~tplv-photomode-image.jpeg?dr=9616&x-expires=1774407600&x-signature=vjfX9OlSwIjzmQ4KQothJKQRhak%3D&t=4d5b0474&ps=13740610&shp=81f88b70&shcp=9b759fb9&idc=useast5&ftpl=1""},{""tiktokLink"":""https://p16-common-sign.tiktokcdn-us.com/tos-useast8-i-photomode-tx2/7ae05145acd747d499c5de1d7fd023e0~tplv-photomode-image.jpeg?dr=9616&x-expires=1774407600&x-signature=S8HeWKBlKld6ZlBD4JveUdLFdgY%3D&t=4d5b0474&ps=13740610&shp=81f88b70&shcp=9b759fb9&idc=useast5&ftpl=1"",""downloadLink"":""https://p16-common-sign.tiktokcdn-us.com/tos-useast8-i-photomode-tx2/7ae05145acd747d499c5de1d7fd023e0~tplv-photomode-image.jpeg?dr=9616&x-expires=1774407600&x-signature=S8HeWKBlKld6ZlBD4JveUdLFdgY%3D&t=4d5b0474&ps=13740610&shp=81f88b70&shcp=9b759fb9&idc=useast5&ftpl=1""},{""tiktokLink"":""https://p16-common-sign.tiktokcdn-us.com/tos-useast8-i-photomode-tx2/8cf1d6f520ad45d8ac5054131e27a9a8~tplv-photomode-image.jpeg?dr=9616&x-expires=1774407600&x-signature=VZDN2DW8z6BrgHyuuQ%2FuBGkIPQ8%3D&t=4d5b0474&ps=13740610&shp=81f88b70&shcp=9b759fb9&idc=useast5&ftpl=1"",""downloadLink"":""https://p16-common-sign.tiktokcdn-us.com/tos-useast8-i-photomode-tx2/8cf1d6f520ad45d8ac5054131e27a9a8~tplv-photomode-image.jpeg?dr=9616&x-expires=1774407600&x-signature=VZDN2DW8z6BrgHyuuQ%2FuBGkIPQ8%3D&t=4d5b0474&ps=13740610&shp=81f88b70&shcp=9b759fb9&idc=useast5&ftpl=1""}]",false,false,[],sanctuarywrld,videos,
7532982884093791519,"We know who said it 😅

#astrologytiktok #astrologytok #astrologysigns #zodiacsigns #astrology #astrologygirlies ",en,1753909277,2025-07-30T21:01:17.000Z,false,"{""id"":""6870995222446408710"",""name"":""sanctuarywrld"",""profileUrl"":""https://www.tiktok.com/@sanctuarywrld"",""nickName"":""Sanctuary"",""verified"":false,""signature"":""▼ Your daily guide to the universe ▼\nDownload the app iOS and Android!"",""bioLink"":""https://social.sanctuaryworld.co/tiktok-linkinbio-birthchart"",""avatar"":""https://p16-common-sign.tiktokcdn-us.com/tos-useast5-avt-0068-tx/7347087487909429291~tplv-tiktokx-cropcenter:720:720.jpeg?dr=9640&refresh_token=e654da7f&x-expires=1774407600&x-signature=%2FF6Fr6Rw4orlgXoAh7JGjK94izM%3D&t=4d5b0474&ps=13740610&shp=a5d48078&shcp=81f88b70&idc=useast8"",""commerceUserInfo"":{""commerceUser"":true,""category"":""Software & Apps"",""categoryButton"":false},""privateAccount"":false,""roomId"":"""",""ttSeller"":false,""createTime"":1599778397,""following"":583,""friends"":53,""fans"":45200,""heart"":1100000,""video"":966,""digg"":0,""originalAvatarUrl"":""https://p16-common-sign.tiktokcdn-us.com/tos-useast5-avt-0068-tx/7347087487909429291~tplv-tiktokx-cropcenter:720:720.jpeg?dr=9640&refresh_token=e654da7f&x-expires=1774407600&x-signature=%2FF6Fr6Rw4orlgXoAh7JGjK94izM%3D&t=4d5b0474&ps=13740610&shp=a5d48078&shcp=81f88b70&idc=useast8""}","{""musicName"":""or did i just clock you"",""musicAuthor"":""gavin"",""musicOriginal"":true,""playUrl"":""https://v16m.tiktokcdn-us.com/27491c5f752f7cd4999a601a85780e67/69c10b6e/video/tos/useast5/tos-useast5-v-27dcd7-tx/o8EYEABAEaPLBtB0aiB1fMyQtV5KFiAwp9DoAB/?a=1233&bti=ODszNWYuMDE6&ch=0&cr=0&dr=0&er=0&lr=default&cd=0%7C0%7C0%7C0&br=250&bt=125&ds=5&ft=GSDrKInz7Ths8N-PXq8Zmo&mime_type=audio_mpeg&qs=13&rc=amZ5N3M5cjU5NDMzZzU8NEBpamZ5N3M5cjU5NDMzZzU8NEBqbi5hMmRzaWBhLS1kMS9zYSNqbi5hMmRzaWBhLS1kMS9zcw%3D%3D&vvpl=1&l=20260323034408DD6B820CBFF55600FE72&btag=e00070000"",""coverMediumUrl"":""https://p16-common-sign.tiktokcdn-us.com/tos-useast5-avt-0068-tx/62d9e4701ffb0f22fcc1a220260f0a50~tplv-tiktokx-cropcenter:720:720.jpeg?dr=9640&refresh_token=3b8dc4eb&x-expires=1774407600&x-signature=b9j0%2BucYoIzBCQhFEfyfjyH69u4%3D&t=4d5b0474&ps=13740610&shp=a5d48078&shcp=81f88b70&idc=useast5"",""musicId"":""7518876631667182350"",""originalCoverMediumUrl"":""https://p16-common-sign.tiktokcdn-us.com/tos-useast5-avt-0068-tx/62d9e4701ffb0f22fcc1a220260f0a50~tplv-tiktokx-cropcenter:720:720.jpeg?dr=9640&refresh_token=3b8dc4eb&x-expires=1774407600&x-signature=b9j0%2BucYoIzBCQhFEfyfjyH69u4%3D&t=4d5b0474&ps=13740610&shp=a5d48078&shcp=81f88b70&idc=useast5""}",https://www.tiktok.com/@sanctuarywrld/video/7532982884093791519,"{""height"":1024,""width"":576,""duration"":6,""coverUrl"":""https://p16-common-sign.tiktokcdn-us.com/tos-useast8-p-0068-tx2/oQIRB9yPIAAi7LAEaHqzIBMKiliEtBAARCs7B~tplv-tiktokx-origin.image?dr=9636&x-expires=1774407600&x-signature=WujIHerohedQMrWky6kHf3HAumY%3D&t=4d5b0474&ps=13740610&shp=81f88b70&shcp=43f4a2f9&idc=useast5"",""definition"":""540p"",""format"":""mp4"",""subtitleLinks"":[{""language"":""eng-US"",""downloadLink"":""https://v16m-webapp.tiktokcdn-us.com/11b91b43b84269349e8f8253e2502db4/69c35a0e/video/tos/useast8/tos-useast8-v-0068-tx2/0e0edbd3599b42f6a4a051945d896153/?a=1988&bti=ODszNWYuMDE6&ch=0&cr=3&dr=0&lr=all&cd=0%7C0%7C0%7C&cv=1&br=2742&bt=1371&cs=0&ds=6&ft=4KLMeMzm8Zmo0pVsyx4jVxmjdpWrKsd.&mime_type=video_mp4&qs=13&rc=ajk4bnE5cmc7NTMzaTczNEBpajk4bnE5cmc7NTMzaTczNEBwYmJeMmRrYzJhLS1kMTJzYSNwYmJeMmRrYzJhLS1kMTJzcw%3D%3D&l=20260323034408DD6B820CBFF55600FE72&btag=e00070000"",""source"":""ASR"",""sourceUnabbreviated"":""automatic speech recognition"",""version"":""1:big_caption"",""tiktokLink"":""https://v16m-webapp.tiktokcdn-us.com/11b91b43b84269349e8f8253e2502db4/69c35a0e/video/tos/useast8/tos-useast8-v-0068-tx2/0e0edbd3599b42f6a4a051945d896153/?a=1988&bti=ODszNWYuMDE6&ch=0&cr=3&dr=0&lr=all&cd=0%7C0%7C0%7C&cv=1&br=2742&bt=1371&cs=0&ds=6&ft=4KLMeMzm8Zmo0pVsyx4jVxmjdpWrKsd.&mime_type=video_mp4&qs=13&rc=ajk4bnE5cmc7NTMzaTczNEBpajk4bnE5cmc7NTMzaTczNEBwYmJeMmRrYzJhLS1kMTJzYSNwYmJeMmRrYzJhLS1kMTJzcw%3D%3D&l=20260323034408DD6B820CBFF55600FE72&btag=e00070000""}],""transcriptionLink"":null,""originalCoverUrl"":""https://p16-common-sign.tiktokcdn-us.com/tos-useast8-p-0068-tx2/oQIRB9yPIAAi7LAEaHqzIBMKiliEtBAARCs7B~tplv-tiktokx-origin.image?dr=9636&x-expires=1774407600&x-signature=WujIHerohedQMrWky6kHf3HAumY%3D&t=4d5b0474&ps=13740610&shp=81f88b70&shcp=43f4a2f9&idc=useast5""}",45,3,1069,4,2,0,[],[],"[{""name"":""astrologytiktok""},{""name"":""astrologytok""},{""name"":""astrologysigns""},{""name"":""zodiacsigns""},{""name"":""astrology""},{""name"":""astrologygirlies""}]","[{""ID"":""242883878"",""name"":""Flawless Skin"",""stickerStats"":{""useCount"":0}},{""ID"":""1501446"",""name"":""Green Eyes for Brown Eyes"",""stickerStats"":{""useCount"":0}}]",false,,false,false,[],sanctuarywrld,videos,
7532284917665778974,"Virgo’s love language: being told they are right…

#astrologytiktok #astrologytok #astrologysigns #zodiacsigns #astrology #astrologygirlies  ",en,1753746761,2025-07-28T23:52:41.000Z,false,"{""id"":""6870995222446408710"",""name"":""sanctuarywrld"",""profileUrl"":""https://www.tiktok.com/@sanctuarywrld"",""nickName"":""Sanctuary"",""verified"":false,""signature"":""▼ Your daily guide to the universe ▼\nDownload the app iOS and Android!"",""bioLink"":""https://social.sanctuaryworld.co/tiktok-linkinbio-birthchart"",""avatar"":""https://p16-common-sign.tiktokcdn-us.com/tos-useast5-avt-0068-tx/7347087487909429291~tplv-tiktokx-cropcenter:720:720.jpeg?dr=9640&refresh_token=e654da7f&x-expires=1774407600&x-signature=%2FF6Fr6Rw4orlgXoAh7JGjK94izM%3D&t=4d5b0474&ps=13740610&shp=a5d48078&shcp=81f88b70&idc=useast8"",""commerceUserInfo"":{""commerceUser"":true,""category"":""Software & Apps"",""categoryButton"":false},""privateAccount"":false,""roomId"":"""",""ttSeller"":false,""createTime"":1599778397,""following"":583,""friends"":53,""fans"":45200,""heart"":1100000,""video"":966,""digg"":0,""originalAvatarUrl"":""https://p16-common-sign.tiktokcdn-us.com/tos-useast5-avt-0068-tx/7347087487909429291~tplv-tiktokx-cropcenter:720:720.jpeg?dr=9640&refresh_token=e654da7f&x-expires=1774407600&x-signature=%2FF6Fr6Rw4orlgXoAh7JGjK94izM%3D&t=4d5b0474&ps=13740610&shp=a5d48078&shcp=81f88b70&idc=useast8""}","{""musicName"":""original sound"",""musicAuthor"":""kai 🪽"",""musicOriginal"":true,""playUrl"":""https://v16m.tiktokcdn-us.com/8daa65e1ee3b27904a4b9dcfa6edef99/69c10b74/video/tos/useast5/tos-useast5-v-27dcd7-tx/oMPrNEl7vwAAATaBB4gEqiUSTyms5alCoqGAi/?a=1233&bti=ODszNWYuMDE6&ch=0&cr=0&dr=0&er=0&lr=default&cd=0%7C0%7C0%7C0&br=250&bt=125&ds=5&ft=GSDrKInz7Ths8N-PXq8Zmo&mime_type=audio_mpeg&qs=13&rc=M2ZpPGo5cmlkNDMzZzU8NEBpM2ZpPGo5cmlkNDMzZzU8NEBoZ142MmQ0aWdhLS1kMS9zYSNoZ142MmQ0aWdhLS1kMS9zcw%3D%3D&vvpl=1&l=20260323034408DD6B820CBFF55600FE72&btag=e00070000"",""coverMediumUrl"":""https://p16-common-sign.tiktokcdn-us.com/tos-useast8-avt-0068-tx2/e2b38327dbdb38a715f5f7db1d3a9fe1~tplv-tiktokx-cropcenter:720:720.jpeg?dr=9640&refresh_token=aa04ed0d&x-expires=1774407600&x-signature=3j0XCQiWp2%2B4yV%2FUUmwikDpMUMM%3D&t=4d5b0474&ps=13740610&shp=a5d48078&shcp=81f88b70&idc=useast5"",""musicId"":""7522887886232881934"",""originalCoverMediumUrl"":""https://p16-common-sign.tiktokcdn-us.com/tos-useast8-avt-0068-tx2/e2b38327dbdb38a715f5f7db1d3a9fe1~tplv-tiktokx-cropcenter:720:720.jpeg?dr=9640&refresh_token=aa04ed0d&x-expires=1774407600&x-signature=3j0XCQiWp2%2B4yV%2FUUmwikDpMUMM%3D&t=4d5b0474&ps=13740610&shp=a5d48078&shcp=81f88b70&idc=useast5""}",https://www.tiktok.com/@sanctuarywrld/video/7532284917665778974,"{""height"":1024,""width"":576,""duration"":10,""coverUrl"":""https://p19-common-sign.tiktokcdn-us.com/tos-useast8-p-0068-tx2/oYEIIBE6RDRiAnDofFq2fwjXL14EBE0AVmAUB4~tplv-tiktokx-origin.image?dr=9636&x-expires=1774407600&x-signature=c%2BRADvvSrKvKVdRiUSsC%2BC7W8AE%3D&t=4d5b0474&ps=13740610&shp=81f88b70&shcp=43f4a2f9&idc=useast5"",""definition"":""540p"",""format"":""mp4"",""subtitleLinks"":[{""language"":""eng-US"",""downloadLink"":""https://v16m-webapp.tiktokcdn-us.com/4f370569b5c0c2e2bb774ee3c79e2b62/69c35a12/video/tos/useast8/tos-useast8-v-0068-tx2/e3958ce585e94cbeb648600487692608/?a=1988&bti=ODszNWYuMDE6&ch=0&cr=3&dr=0&lr=all&cd=0%7C0%7C0%7C&cv=1&br=2888&bt=1444&cs=0&ds=6&ft=4KLMeMzm8Zmo0pVsyx4jVxmjdpWrKsd.&mime_type=video_mp4&qs=13&rc=amo5b3Y5cmozNTMzaTczNEBpamo5b3Y5cmozNTMzaTczNEAyYW5jMmRjbjFhLS1kMTJzYSMyYW5jMmRjbjFhLS1kMTJzcw%3D%3D&l=20260323034408DD6B820CBFF55600FE72&btag=e00070000"",""source"":""ASR"",""sourceUnabbreviated"":""automatic speech recognition"",""version"":""1:big_caption"",""tiktokLink"":""https://v16m-webapp.tiktokcdn-us.com/4f370569b5c0c2e2bb774ee3c79e2b62/69c35a12/video/tos/useast8/tos-useast8-v-0068-tx2/e3958ce585e94cbeb648600487692608/?a=1988&bti=ODszNWYuMDE6&ch=0&cr=3&dr=0&lr=all&cd=0%7C0%7C0%7C&cv=1&br=2888&bt=1444&cs=0&ds=6&ft=4KLMeMzm8Zmo0pVsyx4jVxmjdpWrKsd.&mime_type=video_mp4&qs=13&rc=amo5b3Y5cmozNTMzaTczNEBpamo5b3Y5cmozNTMzaTczNEAyYW5jMmRjbjFhLS1kMTJzYSMyYW5jMmRjbjFhLS1kMTJzcw%3D%3D&l=20260323034408DD6B820CBFF55600FE72&btag=e00070000""}],""transcriptionLink"":null,""originalCoverUrl"":""https://p19-common-sign.tiktokcdn-us.com/tos-useast8-p-0068-tx2/oYEIIBE6RDRiAnDofFq2fwjXL14EBE0AVmAUB4~tplv-tiktokx-origin.image?dr=9636&x-expires=1774407600&x-signature=c%2BRADvvSrKvKVdRiUSsC%2BC7W8AE%3D&t=4d5b0474&ps=13740610&shp=81f88b70&shcp=43f4a2f9&idc=useast5""}",88,3,1143,2,0,0,[],[],"[{""name"":""astrologytiktok""},{""name"":""astrologytok""},{""name"":""astrologysigns""},{""name"":""zodiacsigns""},{""name"":""astrology""},{""name"":""astrologygirlies""}]","[{""ID"":""242883878"",""name"":""Flawless Skin"",""stickerStats"":{""useCount"":0}},{""ID"":""1501446"",""name"":""Green Eyes for Brown Eyes"",""stickerStats"":{""useCount"":0}}]",false,,false,false,[],sanctuarywrld,videos,
7532284693291584798,"Soft girl summer loading 🔄

Feeling triggered by everything? Emotions are dialed up, so handle with care.

#astrologytiktok #astrologytok #astrologysigns #zodiacsigns #mercuryretrograde ",en,1753746713,2025-07-28T23:51:53.000Z,false,"{""id"":""6870995222446408710"",""name"":""sanctuarywrld"",""profileUrl"":""https://www.tiktok.com/@sanctuarywrld"",""nickName"":""Sanctuary"",""verified"":false,""signature"":""▼ Your daily guide to the universe ▼\nDownload the app iOS and Android!"",""bioLink"":""https://social.sanctuaryworld.co/tiktok-linkinbio-birthchart"",""avatar"":""https://p16-common-sign.tiktokcdn-us.com/tos-useast5-avt-0068-tx/7347087487909429291~tplv-tiktokx-cropcenter:720:720.jpeg?dr=9640&refresh_token=e654da7f&x-expires=1774407600&x-signature=%2FF6Fr6Rw4orlgXoAh7JGjK94izM%3D&t=4d5b0474&ps=13740610&shp=a5d48078&shcp=81f88b70&idc=useast8"",""commerceUserInfo"":{""commerceUser"":true,""category"":""Software & Apps"",""categoryButton"":false},""privateAccount"":false,""roomId"":"""",""ttSeller"":false,""createTime"":1599778397,""following"":583,""friends"":53,""fans"":45200,""heart"":1100000,""video"":966,""digg"":0,""originalAvatarUrl"":""https://p16-common-sign.tiktokcdn-us.com/tos-useast5-avt-0068-tx/7347087487909429291~tplv-tiktokx-cropcenter:720:720.jpeg?dr=9640&refresh_token=e654da7f&x-expires=1774407600&x-signature=%2FF6Fr6Rw4orlgXoAh7JGjK94izM%3D&t=4d5b0474&ps=13740610&shp=a5d48078&shcp=81f88b70&idc=useast8""}","{""musicName"":""original sound"",""musicAuthor"":""Sanctuary"",""musicOriginal"":true,""playUrl"":""https://v16m.tiktokcdn-us.com/31a21d96b805d20b2be868ec9ab4f16a/69c10c1c/video/tos/useast8/tos-useast8-v-27dcd7-tx2/oEqWEyzTKIf3oG9IIRBAeoGqL9eAECjAEIGQAL/?a=1233&bti=ODszNWYuMDE6&ch=0&cr=0&dr=0&er=0&lr=default&cd=0%7C0%7C0%7C0&br=250&bt=125&ds=5&ft=GSDrKInz7Ths8N-PXq8Zmo&mime_type=audio_mpeg&qs=13&rc=ajhoeXQ5cjozNTMzaTU8NEBpajhoeXQ5cjozNTMzaTU8NEBgamtrMmRrbjFhLS1kMTJzYSNgamtrMmRrbjFhLS1kMTJzcw%3D%3D&vvpl=1&l=20260323034408DD6B820CBFF55600FE72&btag=e00058000"",""coverMediumUrl"":""https://p19-common-sign.tiktokcdn-us.com/tos-useast5-avt-0068-tx/7347087487909429291~tplv-tiktokx-cropcenter:720:720.jpeg?dr=9640&refresh_token=bc63002c&x-expires=1774407600&x-signature=yJzcpfnM5ke80IDnOilHpQlw9fs%3D&t=4d5b0474&ps=13740610&shp=a5d48078&shcp=81f88b70&idc=useast5"",""musicId"":""7532284673922321182"",""originalCoverMediumUrl"":""https://p19-common-sign.tiktokcdn-us.com/tos-useast5-avt-0068-tx/7347087487909429291~tplv-tiktokx-cropcenter:720:720.jpeg?dr=9640&refresh_token=bc63002c&x-expires=1774407600&x-signature=yJzcpfnM5ke80IDnOilHpQlw9fs%3D&t=4d5b0474&ps=13740610&shp=a5d48078&shcp=81f88b70&idc=useast5""}",https://www.tiktok.com/@sanctuarywrld/video/7532284693291584798,"{""height"":1024,""width"":576,""duration"":180,""coverUrl"":""https://p19-common-sign.tiktokcdn-us.com/tos-useast8-p-0068-tx2/oEzAgpxAnRRIBiINhIGiEdPilD0CByaAAIAEA~tplv-tiktokx-origin.image?dr=9636&x-expires=1774407600&x-signature=zn04k49BuaADN%2FhdRTlmGqEubvs%3D&t=4d5b0474&ps=13740610&shp=81f88b70&shcp=43f4a2f9&idc=useast5"",""definition"":""540p"",""format"":""mp4"",""subtitleLinks"":[{""language"":""eng-US"",""downloadLink"":""https://v16m-webapp.tiktokcdn-us.com/8ae2963a9169663b3601e7628e460b37/69c35abc/video/tos/useast8/tos-useast8-v-0068-tx2/eea06e0eae1447b9951d066ef42a2996/?a=1988&bti=ODszNWYuMDE6&ch=0&cr=3&dr=0&lr=all&cd=0%7C0%7C0%7C&cv=1&br=2412&bt=1206&cs=0&ds=6&ft=4KLMeMzm8Zmo0pVsyx4jVxmjdpWrKsd.&mime_type=video_mp4&qs=13&rc=M3B2bm85cm0zNTMzaTczNEBpM3B2bm85cm0zNTMzaTczNEBjZWplMmRraTFhLS1kMTJzYSNjZWplMmRraTFhLS1kMTJzcw%3D%3D&l=20260323034408DD6B820CBFF55600FE72&btag=e00058000"",""source"":""ASR"",""sourceUnabbreviated"":""automatic speech recognition"",""version"":""1:big_caption"",""tiktokLink"":""https://v16m-webapp.tiktokcdn-us.com/8ae2963a9169663b3601e7628e460b37/69c35abc/video/tos/useast8/tos-useast8-v-0068-tx2/eea06e0eae1447b9951d066ef42a2996/?a=1988&bti=ODszNWYuMDE6&ch=0&cr=3&dr=0&lr=all&cd=0%7C0%7C0%7C&cv=1&br=2412&bt=1206&cs=0&ds=6&ft=4KLMeMzm8Zmo0pVsyx4jVxmjdpWrKsd.&mime_type=video_mp4&qs=13&rc=M3B2bm85cm0zNTMzaTczNEBpM3B2bm85cm0zNTMzaTczNEBjZWplMmRraTFhLS1kMTJzYSNjZWplMmRraTFhLS1kMTJzcw%3D%3D&l=20260323034408DD6B820CBFF55600FE72&btag=e00058000""}],""transcriptionLink"":null,""originalCoverUrl"":""https://p19-common-sign.tiktokcdn-us.com/tos-useast8-p-0068-tx2/oEzAgpxAnRRIBiINhIGiEdPilD0CByaAAIAEA~tplv-tiktokx-origin.image?dr=9636&x-expires=1774407600&x-signature=zn04k49BuaADN%2FhdRTlmGqEubvs%3D&t=4d5b0474&ps=13740610&shp=81f88b70&shcp=43f4a2f9&idc=useast5""}",81,8,1575,11,0,0,[],[],"[{""name"":""astrologytiktok""},{""name"":""astrologytok""},{""name"":""astrologysigns""},{""name"":""zodiacsigns""},{""name"":""mercuryretrograde""}]","[{""ID"":""242883878"",""name"":""Flawless Skin"",""stickerStats"":{""useCount"":0}},{""ID"":""1501446"",""name"":""Green Eyes for Brown Eyes"",""stickerStats"":{""useCount"":0}}]",false,,false,false,[],sanctuarywrld,videos,
7527802015158750494,"Mercury retrograde hits July 18–Aug 11 and the fixed signs are not exempt 😮‍💨 If you’ve got Leo, Taurus, Scorpio, or Aquarius in your big three… buckle up, bestie. ✨📉🧃

#astrologytiktok #astrology...",en,1752703010,2025-07-16T21:56:50.000Z,false,"{""id"":""6870995222446408710"",""name"":""sanctuarywrld"",""profileUrl"":""https://www.tiktok.com/@sanctuarywrld"",""nickName"":""Sanctuary"",""verified"":false,""signature"":""▼ Your daily guide to the universe ▼\nDownload the app iOS and Android!"",""bioLink"":""https://social.sanctuaryworld.co/tiktok-linkinbio-birthchart"",""avatar"":""https://p16-common-sign.tiktokcdn-us.com/tos-useast5-avt-0068-tx/7347087487909429291~tplv-tiktokx-cropcenter:720:720.jpeg?dr=9640&refresh_token=e654da7f&x-expires=1774407600&x-signature=%2FF6Fr6Rw4orlgXoAh7JGjK94izM%3D&t=4d5b0474&ps=13740610&shp=a5d48078&shcp=81f88b70&idc=useast8"",""commerceUserInfo"":{""commerceUser"":true,""category"":""Software & Apps"",""categoryButton"":false},""privateAccount"":false,""roomId"":"""",""ttSeller"":false,""createTime"":1599778397,""following"":583,""friends"":53,""fans"":45200,""heart"":1100000,""video"":966,""digg"":0,""originalAvatarUrl"":""https://p16-common-sign.tiktokcdn-us.com/tos-useast5-avt-0068-tx/7347087487909429291~tplv-tiktokx-cropcenter:720:720.jpeg?dr=9640&refresh_token=e654da7f&x-expires=1774407600&x-signature=%2FF6Fr6Rw4orlgXoAh7JGjK94izM%3D&t=4d5b0474&ps=13740610&shp=a5d48078&shcp=81f88b70&idc=useast8""}","{""musicName"":""sunet original"",""musicAuthor"":""Fantomel"",""musicOriginal"":true,""playUrl"":""https://v16m.tiktokcdn-us.com/bb56e6d1012ac33e5358c3e4ee6664af/69c10b87/video/tos/no1a/tos-no1a-v-2370-no/oMGAzfbVEe2o1WIQTq3DLrRnOIMqIHLHBipWeG/?a=1233&bti=ODszNWYuMDE6&ch=0&cr=0&dr=0&er=0&lr=default&cd=0%7C0%7C0%7C0&br=250&bt=125&ft=GSDrKInz7Ths8N-PXq8Zmo&mime_type=audio_mpeg&qs=6&rc=Z2QzZGYzZzYzaTVpaWlkN0Bpank2cG85cmx0MzMzbzU8NUBgNDBiMDEzX2MxYi4tNDQwYSNvX2FrMmRrcWphLS1kMTFzcw%3D%3D&vvpl=1&l=20260323034408DD6B820CBFF55600FE72&btag=e00088000"",""coverMediumUrl"":""https://p16-common-sign.tiktokcdn-us.com/tos-maliva-avt-0068/8170fe98067a13b05180722e7ed88f61~tplv-tiktokx-cropcenter:720:720.jpeg?dr=9640&refresh_token=728dc664&x-expires=1774407600&x-signature=TTCyJYHp221ZPO9weTB4OiyhR%2Bc%3D&t=4d5b0474&ps=13740610&shp=a5d48078&shcp=81f88b70&idc=useast5"",""musicId"":""7506848319139678998"",""originalCoverMediumUrl"":""https://p16-common-sign.tiktokcdn-us.com/tos-maliva-avt-0068/8170fe98067a13b05180722e7ed88f61~tplv-tiktokx-cropcenter:720:720.jpeg?dr=9640&refresh_token=728dc664&x-expires=1774407600&x-signature=TTCyJYHp221ZPO9weTB4OiyhR%2Bc%3D&t=4d5b0474&ps=13740610&shp=a5d48078&shcp=81f88b70&idc=useast5""}",https://www.tiktok.com/@sanctuarywrld/video/7527802015158750494,"{""height"":1024,""width"":576,""duration"":8,""coverUrl"":""https://p16-common-sign.tiktokcdn-us.com/tos-useast8-p-0068-tx2/o0MwhgAefAILRADeADjQKEEKQEIqFIA8GCAQ0z~tplv-tiktokx-origin.image?dr=9636&x-expires=1774407600&x-signature=zxKAMFanuTJX99uU8m8B17i7Pd4%3D&t=4d5b0474&ps=13740610&shp=81f88b70&shcp=43f4a2f9&idc=useast5"",""definition"":""540p"",""format"":""mp4"",""transcriptionLink"":null,""originalCoverUrl"":""https://p16-common-sign.tiktokcdn-us.com/tos-useast8-p-0068-tx2/o0MwhgAefAILRADeADjQKEEKQEIqFIA8GCAQ0z~tplv-tiktokx-origin.image?dr=9636&x-expires=1774407600&x-signature=zxKAMFanuTJX99uU8m8B17i7Pd4%3D&t=4d5b0474&ps=13740610&shp=81f88b70&shcp=43f4a2f9&idc=useast5""}",12800,2751,514800,1039,647,0,[],[],"[{""name"":""astrologytiktok""},{""name"":""astrologytok""},{""name"":""astrologysigns""},{""name"":""zodiacsigns""},{""name"":""mercuryretrograde""},{""name"":""astrologygirles""}]","[{""ID"":""242883878"",""name"":""Flawless Skin"",""stickerStats"":{""useCount"":0}},{""ID"":""1501446"",""name"":""Green Eyes for Brown Eyes"",""stickerStats"":{""useCount"":0}}]",false,,false,false,[],sanctuarywrld,videos,
,,,,,,,,,,,,,,,,,,,,,,,,,nebulahoroscope,,
7242830327700557102,,un,1686352856,2023-06-09T23:20:56.000Z,false,"{""id"":""7060882549447263279"",""name"":""costarastrology"",""profileUrl"":""https://www.tiktok.com/@costarastrology"",""nickName"":""Co — Star"",""verified"":false,""signature"":""Astrology for real people. From your friends at Co–Star Reality Group."",""bioLink"":""https://apps.apple.com/us/app/co-star-personalized-astrology/id1264782561"",""avatar"":""https://p16-common-sign.tiktokcdn-us.com/tos-useast5-avt-0068-tx/13a04d95ac5d339520c49813eedd0da2~tplv-tiktokx-cropcenter:720:720.jpeg?dr=9640&refresh_token=57c9eb0f&x-expires=1774407600&x-signature=UXAMMpT3Ta8eacTrpKRr6Jkstwg%3D&t=4d5b0474&ps=13740610&shp=a5d48078&shcp=81f88b70&idc=useast5"",""commerceUserInfo"":{""commerceUser"":false},""privateAccount"":false,""roomId"":"""",""ttSeller"":false,""createTime"":1643990595,""following"":0,""friends"":0,""fans"":357500,""heart"":23800000,""video"":381,""digg"":0,""originalAvatarUrl"":""https://p16-common-sign.tiktokcdn-us.com/tos-useast5-avt-0068-tx/13a04d95ac5d339520c49813eedd0da2~tplv-tiktokx-cropcenter:720:720.jpeg?dr=9640&refresh_token=57c9eb0f&x-expires=1774407600&x-signature=UXAMMpT3Ta8eacTrpKRr6Jkstwg%3D&t=4d5b0474&ps=13740610&shp=a5d48078&shcp=81f88b70&idc=useast5""}","{""musicName"":""original sound"",""musicAuthor"":""Co — Star"",""musicOriginal"":true,""playUrl"":""https://v19.tiktokcdn-us.com/b8ded329f20fac1cb08629499e0babaf/69c10b9b/video/tos/useast5/tos-useast5-v-27dcd7-tx/ce574f40d519442197f4d21f89277536/?a=1233&bti=ODszNWYuMDE6&ch=0&cr=0&dr=0&er=0&lr=default&cd=0%7C0%7C0%7C0&br=250&bt=125&ds=5&ft=GSDrKInz7Thv8N-PXq8Zmo&mime_type=audio_mpeg&qs=13&rc=ang0dDU6ZnB1bDMzZzU8NEBpang0dDU6ZnB1bDMzZzU8NEBtbnNycjRnNC5gLS1kMS9zYSNtbnNycjRnNC5gLS1kMS9zcw%3D%3D&vvpl=1&l=20260323034408CC7EBB78130F51010B6B&btag=e00048000"",""coverMediumUrl"":""https://p16-common-sign.tiktokcdn-us.com/tos-useast5-avt-0068-tx/13a04d95ac5d339520c49813eedd0da2~tplv-tiktokx-cropcenter:720:720.jpeg?dr=9640&refresh_token=57c9eb0f&x-expires=1774407600&x-signature=UXAMMpT3Ta8eacTrpKRr6Jkstwg%3D&t=4d5b0474&ps=13740610&shp=a5d48078&shcp=81f88b70&idc=useast5"",""musicId"":""7242830336667732782"",""originalCoverMediumUrl"":""https://p16-common-sign.tiktokcdn-us.com/tos-useast5-avt-0068-tx/13a04d95ac5d339520c49813eedd0da2~tplv-tiktokx-cropcenter:720:720.jpeg?dr=9640&refresh_token=57c9eb0f&x-expires=1774407600&x-signature=UXAMMpT3Ta8eacTrpKRr6Jkstwg%3D&t=4d5b0474&ps=13740610&shp=a5d48078&shcp=81f88b70&idc=useast5""}",https://www.tiktok.com/@costarastrology/video/7242830327700557102,"{""height"":1024,""width"":576,""duration"":50,""coverUrl"":""https://p16-common-sign.tiktokcdn-us.com/tos-useast5-p-0068-tx/f0e24a60c71c4b769e49fa973094b45c_1686352858~tplv-tiktokx-origin.image?dr=9636&x-expires=1774407600&x-signature=dtRjrBgivp34m3x1I%2Fiisaqublw%3D&t=4d5b0474&ps=13740610&shp=81f88b70&shcp=43f4a2f9&idc=useast5"",""definition"":""540p"",""format"":""mp4"",""subtitleLinks"":[{""language"":""eng-US"",""downloadLink"":""https://v16m-webapp.tiktokcdn-us.com/fd4005ecdbd8ad52033d3413cfcdce0f/69c35a3b/video/tos/useast5/tos-useast5-v-0068-tx/0465daa66ff3420b942970df01f4eda3/?a=1988&bti=ODszNWYuMDE6&ch=0&cr=3&dr=0&lr=all&cd=0%7C0%7C0%7C&cv=1&br=11626&bt=5813&ds=4&ft=4KLMeMzm8Zmo0dVsyx4jVvrjdpWrKsd.&mime_type=video_mp4&qs=13&rc=amhmdmY6ZmZ1bDMzZzczNEBpamhmdmY6ZmZ1bDMzZzczNEBhZ3EtcjRvNC5gLS1kMS9zYSNhZ3EtcjRvNC5gLS1kMS9zcw%3D%3D&l=20260323034408CC7EBB78130F51010B6B&btag=e00048000"",""source"":""ASR"",""sourceUnabbreviated"":""automatic speech recognition"",""version"":""1"",""tiktokLink"":""https://v16m-webapp.tiktokcdn-us.com/fd4005ecdbd8ad52033d3413cfcdce0f/69c35a3b/video/tos/useast5/tos-useast5-v-0068-tx/0465daa66ff3420b942970df01f4eda3/?a=1988&bti=ODszNWYuMDE6&ch=0&cr=3&dr=0&lr=all&cd=0%7C0%7C0%7C&cv=1&br=11626&bt=5813&ds=4&ft=4KLMeMzm8Zmo0dVsyx4jVvrjdpWrKsd.&mime_type=video_mp4&qs=13&rc=amhmdmY6ZmZ1bDMzZzczNEBpamhmdmY6ZmZ1bDMzZzczNEBhZ3EtcjRvNC5gLS1kMS9zYSNhZ3EtcjRvNC5gLS1kMS9zcw%3D%3D&l=20260323034408CC7EBB78130F51010B6B&btag=e00048000""}],""transcriptionLink"":null,""originalCoverUrl"":""https://p16-common-sign.tiktokcdn-us.com/tos-useast5-p-0068-tx/f0e24a60c71c4b769e49fa973094b45c_1686352858~tplv-tiktokx-origin.image?dr=9636&x-expires=1774407600&x-signature=dtRjrBgivp34m3x1I%2Fiisaqublw%3D&t=4d5b0474&ps=13740610&shp=81f88b70&shcp=43f4a2f9&idc=useast5""}",236200,9582,1400000,12924,1025,0,[],[],[],[],false,,true,false,[],costarastrology,videos,
7312923361523289386,,un,1702677600,2023-12-15T22:00:00.000Z,false,"{""id"":""7060882549447263279"",""name"":""costarastrology"",""profileUrl"":""https://www.tiktok.com/@costarastrology"",""nickName"":""Co — Star"",""verified"":false,""signature"":""Astrology for real people. From your friends at Co–Star Reality Group."",""bioLink"":""https://apps.apple.com/us/app/co-star-personalized-astrology/id1264782561"",""avatar"":""https://p16-common-sign.tiktokcdn-us.com/tos-useast5-avt-0068-tx/13a04d95ac5d339520c49813eedd0da2~tplv-tiktokx-cropcenter:720:720.jpeg?dr=9640&refresh_token=57c9eb0f&x-expires=1774407600&x-signature=UXAMMpT3Ta8eacTrpKRr6Jkstwg%3D&t=4d5b0474&ps=13740610&shp=a5d48078&shcp=81f88b70&idc=useast5"",""commerceUserInfo"":{""commerceUser"":false},""privateAccount"":false,""roomId"":"""",""ttSeller"":false,""createTime"":1643990595,""following"":0,""friends"":0,""fans"":357500,""heart"":23800000,""video"":381,""digg"":0,""originalAvatarUrl"":""https://p16-common-sign.tiktokcdn-us.com/tos-useast5-avt-0068-tx/13a04d95ac5d339520c49813eedd0da2~tplv-tiktokx-cropcenter:720:720.jpeg?dr=9640&refresh_token=57c9eb0f&x-expires=1774407600&x-signature=UXAMMpT3Ta8eacTrpKRr6Jkstwg%3D&t=4d5b0474&ps=13740610&shp=a5d48078&shcp=81f88b70&idc=useast5""}","{""musicName"":""original sound - Co — Star"",""musicAuthor"":""Co — Star"",""musicOriginal"":true,""playUrl"":""https://v19.tiktokcdn-us.com/f59ec87f2c54fe2566c49c50d9e9d8ad/69c10b8a/video/tos/useast5/tos-useast5-v-27dcd7-tx/oER3IKFSt9kSGS28HIDEMkffTVKAuC5oLLEXfp/?a=1233&bti=ODszNWYuMDE6&ch=0&cr=0&dr=0&er=0&lr=default&cd=0%7C0%7C0%7C0&br=250&bt=125&ft=GSDrKInz7Thv8N-PXq8Zmo&mime_type=audio_mpeg&qs=6&rc=Z2RmO2lnOmc5ODllNmhoZ0BpM2x5eXk5cjdlbzMzZzU8NEAvYzFhMl81NTAxYmMwXl80YSMyYl5eMmRrZnJgLS1kMS9zcw%3D%3D&vvpl=1&l=20260323034408CC7EBB78130F51010B6B&btag=e00088000"",""coverMediumUrl"":""https://p16-common-sign.tiktokcdn-us.com/tos-useast5-avt-0068-tx/13a04d95ac5d339520c49813eedd0da2~tplv-tiktokx-cropcenter:720:720.jpeg?dr=9640&refresh_token=57c9eb0f&x-expires=1774407600&x-signature=UXAMMpT3Ta8eacTrpKRr6Jkstwg%3D&t=4d5b0474&ps=13740610&shp=a5d48078&shcp=81f88b70&idc=useast5"",""musicId"":""7312923381056211755"",""originalCoverMediumUrl"":""https://p16-common-sign.tiktokcdn-us.com/tos-useast5-avt-0068-tx/13a04d95ac5d339520c49813eedd0da2~tplv-tiktokx-cropcenter:720:720.jpeg?dr=9640&refresh_token=57c9eb0f&x-expires=1774407600&x-signature=UXAMMpT3Ta8eacTrpKRr6Jkstwg%3D&t=4d5b0474&ps=13740610&shp=a5d48078&shcp=81f88b70&idc=useast5""}",https://www.tiktok.com/@costarastrology/video/7312923361523289386,"{""height"":1024,""width"":576,""duration"":33,""coverUrl"":""https://p16-common-sign.tiktokcdn-us.com/tos-useast5-p-0068-tx/93ae0dad1fe04c44b8c3454951d7194e_1702672658~tplv-tiktokx-origin.image?dr=9636&x-expires=1774407600&x-signature=kzCs9fTxgFXT%2FOKzvY6vZBm4SFs%3D&t=4d5b0474&ps=13740610&shp=81f88b70&shcp=43f4a2f9&idc=useast5"",""definition"":""540p"",""format"":""mp4"",""subtitleLinks"":[{""language"":""eng-US"",""downloadLink"":""https://v16m-webapp.tiktokcdn-us.com/1a079e03a0e9aa13883f2fefc1712039/69c35a2a/video/tos/useast5/tos-useast5-v-0068-tx/1c282a99fb774ac9a00db0b6f4111b6b/?a=1988&bti=ODszNWYuMDE6&ch=0&cr=3&dr=0&lr=all&cd=0%7C0%7C0%7C&cv=1&br=37682&bt=18841&cs=0&ds=4&ft=4KLMeMzm8Zmo0dVsyx4jVvrjdpWrKsd.&mime_type=video_mp4&qs=13&rc=anU6OHQ5cnVlbzMzZzgzNEBpanU6OHQ5cnVlbzMzZzgzNEA2Y2pxMmRrYnJgLS1kLy9zYSM2Y2pxMmRrYnJgLS1kLy9zcw%3D%3D&l=20260323034408CC7EBB78130F51010B6B&btag=e00048000"",""source"":""ASR"",""sourceUnabbreviated"":""automatic speech recognition"",""version"":""1"",""tiktokLink"":""https://v16m-webapp.tiktokcdn-us.com/1a079e03a0e9aa13883f2fefc1712039/69c35a2a/video/tos/useast5/tos-useast5-v-0068-tx/1c282a99fb774ac9a00db0b6f4111b6b/?a=1988&bti=ODszNWYuMDE6&ch=0&cr=3&dr=0&lr=all&cd=0%7C0%7C0%7C&cv=1&br=37682&bt=18841&cs=0&ds=4&ft=4KLMeMzm8Zmo0dVsyx4jVvrjdpWrKsd.&mime_type=video_mp4&qs=13&rc=anU6OHQ5cnVlbzMzZzgzNEBpanU6OHQ5cnVlbzMzZzgzNEA2Y2pxMmRrYnJgLS1kLy9zYSM2Y2pxMmRrYnJgLS1kLy9zcw%3D%3D&l=20260323034408CC7EBB78130F51010B6B&btag=e00048000""}],""transcriptionLink"":null,""originalCoverUrl"":""https://p16-common-sign.tiktokcdn-us.com/tos-useast5-p-0068-tx/93ae0dad1fe04c44b8c3454951d7194e_1702672658~tplv-tiktokx-origin.image?dr=9636&x-expires=1774407600&x-signature=kzCs9fTxgFXT%2FOKzvY6vZBm4SFs%3D&t=4d5b0474&ps=13740610&shp=81f88b70&shcp=43f4a2f9&idc=useast5""}",10700,71,150800,324,51,0,[],[],[],[],false,,true,false,[],costarastrology,videos,
7175686719595924782,,un,1670806801,2022-12-12T01:00:01.000Z,false,"{""id"":""7060882549447263279"",""name"":""costarastrology"",""profileUrl"":""https://www.tiktok.com/@costarastrology"",""nickName"":""Co — Star"",""verified"":false,""signature"":""Astrology for real people. From your friends at Co–Star Reality Group."",""bioLink"":""https://apps.apple.com/us/app/co-star-personalized-astrology/id1264782561"",""avatar"":""https://p16-common-sign.tiktokcdn-us.com/tos-useast5-avt-0068-tx/13a04d95ac5d339520c49813eedd0da2~tplv-tiktokx-cropcenter:720:720.jpeg?dr=9640&refresh_token=57c9eb0f&x-expires=1774407600&x-signature=UXAMMpT3Ta8eacTrpKRr6Jkstwg%3D&t=4d5b0474&ps=13740610&shp=a5d48078&shcp=81f88b70&idc=useast5"",""commerceUserInfo"":{""commerceUser"":false},""privateAccount"":false,""roomId"":"""",""ttSeller"":false,""createTime"":1643990595,""following"":0,""friends"":0,""fans"":357500,""heart"":23800000,""video"":381,""digg"":0,""originalAvatarUrl"":""https://p16-common-sign.tiktokcdn-us.com/tos-useast5-avt-0068-tx/13a04d95ac5d339520c49813eedd0da2~tplv-tiktokx-cropcenter:720:720.jpeg?dr=9640&refresh_token=57c9eb0f&x-expires=1774407600&x-signature=UXAMMpT3Ta8eacTrpKRr6Jkstwg%3D&t=4d5b0474&ps=13740610&shp=a5d48078&shcp=81f88b70&idc=useast5""}","{""musicName"":""original sound - Co — Star"",""musicAuthor"":""Co — Star"",""musicOriginal"":true,""playUrl"":""https://v19.tiktokcdn-us.com/e6147472381dcec786358e87451d7332/69c10ba0/video/tos/useast5/tos-useast5-v-27dcd7-tx/0a6ffe8866704d7e910cc91436ddcfca/?a=1233&bti=ODszNWYuMDE6&ch=0&cr=0&dr=0&er=0&lr=default&cd=0%7C0%7C0%7C0&br=250&bt=125&ft=GSDrKInz7Thv8N-PXq8Zmo&mime_type=audio_mpeg&qs=6&rc=ZWhkN2hnPDQ2ODllNTlkZkBpM3BkcjM6Zjg6aDMzZzU8NEAvYjAwMWA1NjIxM2MwXjM0YSNuMmotcjQwbl9gLS1kMS9zcw%3D%3D&vvpl=1&l=20260323034408CC7EBB78130F51010B6B&btag=e00088000"",""coverMediumUrl"":""https://p16-common-sign.tiktokcdn-us.com/tos-useast5-avt-0068-tx/13a04d95ac5d339520c49813eedd0da2~tplv-tiktokx-cropcenter:720:720.jpeg?dr=9640&refresh_token=57c9eb0f&x-expires=1774407600&x-signature=UXAMMpT3Ta8eacTrpKRr6Jkstwg%3D&t=4d5b0474&ps=13740610&shp=a5d48078&shcp=81f88b70&idc=useast5"",""musicId"":""7176060538751912746"",""originalCoverMediumUrl"":""https://p16-common-sign.tiktokcdn-us.com/tos-useast5-avt-0068-tx/13a04d95ac5d339520c49813eedd0da2~tplv-tiktokx-cropcenter:720:720.jpeg?dr=9640&refresh_token=57c9eb0f&x-expires=1774407600&x-signature=UXAMMpT3Ta8eacTrpKRr6Jkstwg%3D&t=4d5b0474&ps=13740610&shp=a5d48078&shcp=81f88b70&idc=useast5""}",https://www.tiktok.com/@costarastrology/video/7175686719595924782,"{""height"":1024,""width"":576,""duration"":55,""coverUrl"":""https://p16-common-sign.tiktokcdn-us.com/tos-useast5-p-0068-tx/b426955b68044fc7b5dff45a72bd15d5_1670806809~tplv-tiktokx-origin.image?dr=9636&x-expires=1774407600&x-signature=55y%2BVvBd%2B8aj8mcvFRcifc8CiKo%3D&t=4d5b0474&ps=13740610&shp=81f88b70&shcp=43f4a2f9&idc=useast5"",""definition"":""540p"",""format"":""mp4"",""transcriptionLink"":null,""originalCoverUrl"":""https://p16-common-sign.tiktokcdn-us.com/tos-useast5-p-0068-tx/b426955b68044fc7b5dff45a72bd15d5_1670806809~tplv-tiktokx-origin.image?dr=9636&x-expires=1774407600&x-signature=55y%2BVvBd%2B8aj8mcvFRcifc8CiKo%3D&t=4d5b0474&ps=13740610&shp=81f88b70&shcp=43f4a2f9&idc=useast5""}",3200000,91000,17000000,145201,7811,0,[],[],[],[],false,,true,false,[],costarastrology,videos,
7535566542809926943,she’s a pisces moon btw,en,1754510818,2025-08-06T20:06:58.000Z,false,"{""id"":""7060882549447263279"",""name"":""costarastrology"",""profileUrl"":""https://www.tiktok.com/@costarastrology"",""nickName"":""Co — Star"",""verified"":false,""signature"":""Astrology for real people. From your friends at Co–Star Reality Group."",""bioLink"":""https://apps.apple.com/us/app/co-star-personalized-astrology/id1264782561"",""avatar"":""https://p16-common-sign.tiktokcdn-us.com/tos-useast5-avt-0068-tx/13a04d95ac5d339520c49813eedd0da2~tplv-tiktokx-cropcenter:720:720.jpeg?dr=9640&refresh_token=57c9eb0f&x-expires=1774407600&x-signature=UXAMMpT3Ta8eacTrpKRr6Jkstwg%3D&t=4d5b0474&ps=13740610&shp=a5d48078&shcp=81f88b70&idc=useast5"",""commerceUserInfo"":{""commerceUser"":false},""privateAccount"":false,""roomId"":"""",""ttSeller"":false,""createTime"":1643990595,""following"":0,""friends"":0,""fans"":357500,""heart"":23800000,""video"":381,""digg"":0,""originalAvatarUrl"":""https://p16-common-sign.tiktokcdn-us.com/tos-useast5-avt-0068-tx/13a04d95ac5d339520c49813eedd0da2~tplv-tiktokx-cropcenter:720:720.jpeg?dr=9640&refresh_token=57c9eb0f&x-expires=1774407600&x-signature=UXAMMpT3Ta8eacTrpKRr6Jkstwg%3D&t=4d5b0474&ps=13740610&shp=a5d48078&shcp=81f88b70&idc=useast5""}","{""musicName"":""original sound"",""musicAuthor"":""♟️"",""musicOriginal"":true,""playUrl"":""https://v19.tiktokcdn-us.com/71a594db8af79268d8a2f72cc75afd7b/69c10b6e/video/tos/no1a/tos-no1a-v-2370-no/oQKHbPACEuiDB02l1AX1yRiZBJAYpbEABEahH/?a=1233&bti=ODszNWYuMDE6&ch=0&cr=0&dr=0&er=0&lr=default&cd=0%7C0%7C0%7C0&br=250&bt=125&ds=5&ft=GSDrKInz7Thv8N-PXq8Zmo&mime_type=audio_mpeg&qs=13&rc=ajxvdW45cjxnNDMzbzU8NUBpajxvdW45cjxnNDMzbzU8NUAwa2ouMmQ0Ym9hLS1kMTFzYSMwa2ouMmQ0Ym9hLS1kMTFzcw%3D%3D&vvpl=1&l=20260323034408CC7EBB78130F51010B6B&btag=e00070000"",""coverMediumUrl"":""https://p16-common-sign.tiktokcdn-us.com/tos-maliva-avt-0068/1a35d9244b583058bc675da4e54c599f~tplv-tiktokx-cropcenter:720:720.jpeg?dr=9640&refresh_token=7154c8a6&x-expires=1774407600&x-signature=IRcyDnZBNxW9gBTkJEnjLsA9gvs%3D&t=4d5b0474&ps=13740610&shp=a5d48078&shcp=81f88b70&idc=useast5"",""musicId"":""7527440322228226838"",""originalCoverMediumUrl"":""https://p16-common-sign.tiktokcdn-us.com/tos-maliva-avt-0068/1a35d9244b583058bc675da4e54c599f~tplv-tiktokx-cropcenter:720:720.jpeg?dr=9640&refresh_token=7154c8a6&x-expires=1774407600&x-signature=IRcyDnZBNxW9gBTkJEnjLsA9gvs%3D&t=4d5b0474&ps=13740610&shp=a5d48078&shcp=81f88b70&idc=useast5""}",https://www.tiktok.com/@costarastrology/video/7535566542809926943,"{""height"":1024,""width"":576,""duration"":5,""coverUrl"":""https://p16-common-sign.tiktokcdn-us.com/tos-useast8-p-0068-tx2/oQQDokAjjUg7ECghXBXEY6AAEEVenaAIHAfFRa~tplv-tiktokx-origin.image?dr=9636&x-expires=1774407600&x-signature=4ADN2x%2FzS6Dztc%2FPc9%2Bmcb44%2Bas%3D&t=4d5b0474&ps=13740610&shp=81f88b70&shcp=43f4a2f9&idc=useast5"",""definition"":""540p"",""format"":""mp4"",""subtitleLinks"":[{""language"":""eng-US"",""downloadLink"":""https://v16m-webapp.tiktokcdn-us.com/12b0c82215896ee88cc627906c7170d2/69c35a0e/video/tos/useast8/tos-useast8-v-0068-tx2/6c39ca381fb94547a4f6b4259076409d/?a=1988&bti=ODszNWYuMDE6&ch=0&cr=3&dr=0&lr=all&cd=0%7C0%7C0%7C&cv=1&br=17752&bt=8876&ds=4&ft=4KLMeMzm8Zmo0dVsyx4jVvrjdpWrKsd.&mime_type=video_mp4&qs=13&rc=ajNsN205cm51NTMzaTczNEBpajNsN205cm51NTMzaTczNEBkYV5tMmQ0XjZhLS1kMTJzYSNkYV5tMmQ0XjZhLS1kMTJzcw%3D%3D&l=20260323034408CC7EBB78130F51010B6B&btag=e00070000"",""source"":""ASR"",""sourceUnabbreviated"":""automatic speech recognition"",""version"":""1:big_caption"",""tiktokLink"":""https://v16m-webapp.tiktokcdn-us.com/12b0c82215896ee88cc627906c7170d2/69c35a0e/video/tos/useast8/tos-useast8-v-0068-tx2/6c39ca381fb94547a4f6b4259076409d/?a=1988&bti=ODszNWYuMDE6&ch=0&cr=3&dr=0&lr=all&cd=0%7C0%7C0%7C&cv=1&br=17752&bt=8876&ds=4&ft=4KLMeMzm8Zmo0dVsyx4jVvrjdpWrKsd.&mime_type=video_mp4&qs=13&rc=ajNsN205cm51NTMzaTczNEBpajNsN205cm51NTMzaTczNEBkYV5tMmQ0XjZhLS1kMTJzYSNkYV5tMmQ0XjZhLS1kMTJzcw%3D%3D&l=20260323034408CC7EBB78130F51010B6B&btag=e00070000""}],""transcriptionLink"":null,""originalCoverUrl"":""https://p16-common-sign.tiktokcdn-us.com/tos-useast8-p-0068-tx2/oQQDokAjjUg7ECghXBXEY6AAEEVenaAIHAfFRa~tplv-tiktokx-origin.image?dr=9636&x-expires=1774407600&x-signature=4ADN2x%2FzS6Dztc%2FPc9%2Bmcb44%2Bas%3D&t=4d5b0474&ps=13740610&shp=81f88b70&shcp=43f4a2f9&idc=useast5""}",636,48,17000,17,12,0,[],[],[],[],false,,false,false,[],costarastrology,videos,
7535259621376740638,haven’t been cracked this mercury retrograde 💔,en,1754439357,2025-08-06T00:15:57.000Z,false,"{""id"":""7060882549447263279"",""name"":""costarastrology"",""profileUrl"":""https://www.tiktok.com/@costarastrology"",""nickName"":""Co — Star"",""verified"":false,""signature"":""Astrology for real people. From your friends at Co–Star Reality Group."",""bioLink"":""https://apps.apple.com/us/app/co-star-personalized-astrology/id1264782561"",""avatar"":""https://p16-common-sign.tiktokcdn-us.com/tos-useast5-avt-0068-tx/13a04d95ac5d339520c49813eedd0da2~tplv-tiktokx-cropcenter:720:720.jpeg?dr=9640&refresh_token=57c9eb0f&x-expires=1774407600&x-signature=UXAMMpT3Ta8eacTrpKRr6Jkstwg%3D&t=4d5b0474&ps=13740610&shp=a5d48078&shcp=81f88b70&idc=useast5"",""commerceUserInfo"":{""commerceUser"":false},""privateAccount"":false,""roomId"":"""",""ttSeller"":false,""createTime"":1643990595,""following"":0,""friends"":0,""fans"":357500,""heart"":23800000,""video"":381,""digg"":0,""originalAvatarUrl"":""https://p16-common-sign.tiktokcdn-us.com/tos-useast5-avt-0068-tx/13a04d95ac5d339520c49813eedd0da2~tplv-tiktokx-cropcenter:720:720.jpeg?dr=9640&refresh_token=57c9eb0f&x-expires=1774407600&x-signature=UXAMMpT3Ta8eacTrpKRr6Jkstwg%3D&t=4d5b0474&ps=13740610&shp=a5d48078&shcp=81f88b70&idc=useast5""}","{""musicName"":""tsitp intro"",""musicAuthor"":""ashyrami"",""musicOriginal"":true,""playUrl"":""https://v19.tiktokcdn-us.com/d2291eac4085528f3f8057a5224b62a1/69c10b72/video/tos/useast5/tos-useast5-v-27dcd7-tx/193675738d534ff18236d880debd4f37/?a=1233&bti=ODszNWYuMDE6&ch=0&cr=0&dr=0&er=0&lr=default&cd=0%7C0%7C0%7C0&br=250&bt=125&ds=5&ft=GSDrKInz7Thv8N-PXq8Zmo&mime_type=audio_mpeg&qs=13&rc=M3VtZDU6Zjw2bTMzZzU8NEBpM3VtZDU6Zjw2bTMzZzU8NEBsNDIvcjQwcjNgLS1kMS9zYSNsNDIvcjQwcjNgLS1kMS9zcw%3D%3D&vvpl=1&l=20260323034408CC7EBB78130F51010B6B&btag=e00070000"",""coverMediumUrl"":""https://p16-common-sign.tiktokcdn-us.com/tos-useast5-avt-0068-tx/551ca0d7f0d07b989f754d0c7691d176~tplv-tiktokx-cropcenter:720:720.jpeg?dr=9640&refresh_token=07403f3d&x-expires=1774407600&x-signature=ywUEQcDTZLpcDhLzT%2F5MldYCgRk%3D&t=4d5b0474&ps=13740610&shp=a5d48078&shcp=81f88b70&idc=useast5"",""musicId"":""7263249680933489451"",""originalCoverMediumUrl"":""https://p16-common-sign.tiktokcdn-us.com/tos-useast5-avt-0068-tx/551ca0d7f0d07b989f754d0c7691d176~tplv-tiktokx-cropcenter:720:720.jpeg?dr=9640&refresh_token=07403f3d&x-expires=1774407600&x-signature=ywUEQcDTZLpcDhLzT%2F5MldYCgRk%3D&t=4d5b0474&ps=13740610&shp=a5d48078&shcp=81f88b70&idc=useast5""}",https://www.tiktok.com/@costarastrology/video/7535259621376740638,"{""height"":1024,""width"":576,""duration"":7,""coverUrl"":""https://p19-common-sign.tiktokcdn-us.com/tos-useast8-p-0068-tx2/oEUkeAGJMPsIYLjERAstjFqIAgflCDGgAeqTIm~tplv-tiktokx-origin.image?dr=9636&x-expires=1774407600&x-signature=%2FJ7f%2BbOHCsCUvt50fYHR2KJjLic%3D&t=4d5b0474&ps=13740610&shp=81f88b70&shcp=43f4a2f9&idc=useast5"",""definition"":""540p"",""format"":""mp4"",""transcriptionLink"":null,""originalCoverUrl"":""https://p19-common-sign.tiktokcdn-us.com/tos-useast8-p-0068-tx2/oEUkeAGJMPsIYLjERAstjFqIAgflCDGgAeqTIm~tplv-tiktokx-origin.image?dr=9636&x-expires=1774407600&x-signature=%2FJ7f%2BbOHCsCUvt50fYHR2KJjLic%3D&t=4d5b0474&ps=13740610&shp=81f88b70&shcp=43f4a2f9&idc=useast5""}",153,7,3810,11,1,0,[],[],[],[],false,,false,false,[],costarastrology,videos,
7535171262851599671,let go,en,1754418808,2025-08-05T18:33:28.000Z,false,"{""id"":""7060882549447263279"",""name"":""costarastrology"",""profileUrl"":""https://www.tiktok.com/@costarastrology"",""nickName"":""Co — Star"",""verified"":false,""signature"":""Astrology for real people. From your friends at Co–Star Reality Group."",""bioLink"":""https://apps.apple.com/us/app/co-star-personalized-astrology/id1264782561"",""avatar"":""https://p16-common-sign.tiktokcdn-us.com/tos-useast5-avt-0068-tx/13a04d95ac5d339520c49813eedd0da2~tplv-tiktokx-cropcenter:720:720.jpeg?dr=9640&refresh_token=57c9eb0f&x-expires=1774407600&x-signature=UXAMMpT3Ta8eacTrpKRr6Jkstwg%3D&t=4d5b0474&ps=13740610&shp=a5d48078&shcp=81f88b70&idc=useast5"",""commerceUserInfo"":{""commerceUser"":false},""privateAccount"":false,""roomId"":"""",""ttSeller"":false,""createTime"":1643990595,""following"":0,""friends"":0,""fans"":357500,""heart"":23800000,""video"":381,""digg"":0,""originalAvatarUrl"":""https://p16-common-sign.tiktokcdn-us.com/tos-useast5-avt-0068-tx/13a04d95ac5d339520c49813eedd0da2~tplv-tiktokx-cropcenter:720:720.jpeg?dr=9640&refresh_token=57c9eb0f&x-expires=1774407600&x-signature=UXAMMpT3Ta8eacTrpKRr6Jkstwg%3D&t=4d5b0474&ps=13740610&shp=a5d48078&shcp=81f88b70&idc=useast5""}","{""musicName"":""sonido original"",""musicAuthor"":""Greatcup"",""musicOriginal"":true,""playUrl"":""https://v19.tiktokcdn-us.com/a35b294c296ba1b262bc77b78538069a/69c10b88/video/tos/useast5/tos-useast5-v-27dcd7c799-tx/6e2732dca5d740219eeba9d42c37fd55/?a=1233&bti=ODszNWYuMDE6&ch=0&cr=0&dr=0&er=0&lr=default&cd=0%7C0%7C0%7C0&br=252&bt=126&ds=5&ft=GSDrKInz7Thv8N-PXq8Zmo&mime_type=video_mp4&qs=13&rc=amZ4N3lrdTw4MzMzNzU8M0BpamZ4N3lrdTw4MzMzNzU8M0BuZ3FxNm5hYTJgLS1gMTZzYSNuZ3FxNm5hYTJgLS1gMTZzcw%3D%3D&vvpl=1&l=20260323034408CC7EBB78130F51010B6B&btag=e00048000"",""coverMediumUrl"":""https://p16-common-sign.tiktokcdn-us.com/tos-maliva-avt-0068/7330992350394810373~tplv-tiktokx-cropcenter:720:720.jpeg?dr=9640&refresh_token=3a8419f5&x-expires=1774407600&x-signature=hJhQOrhmC%2Fv1JH2Sh2PfZBVfMqU%3D&t=4d5b0474&ps=13740610&shp=a5d48078&shcp=81f88b70&idc=useast5"",""musicId"":""6920438921713306374"",""originalCoverMediumUrl"":""https://p16-common-sign.tiktokcdn-us.com/tos-maliva-avt-0068/7330992350394810373~tplv-tiktokx-cropcenter:720:720.jpeg?dr=9640&refresh_token=3a8419f5&x-expires=1774407600&x-signature=hJhQOrhmC%2Fv1JH2Sh2PfZBVfMqU%3D&t=4d5b0474&ps=13740610&shp=a5d48078&shcp=81f88b70&idc=useast5""}",https://www.tiktok.com/@costarastrology/video/7535171262851599671,"{""height"":1024,""width"":576,""duration"":16,""coverUrl"":""https://p19-common-sign.tiktokcdn-us.com/tos-useast5-p-0068-tx/oIF4nPhokADeDxYCEsvkGRTBSoSfISJIERlgID~tplv-tiktokx-origin.image?dr=9636&x-expires=1774407600&x-signature=u%2F9QzEdOGosV4dkd18l3prwC8hQ%3D&t=4d5b0474&ps=13740610&shp=81f88b70&shcp=43f4a2f9&idc=useast5"",""definition"":""540p"",""format"":""mp4"",""transcriptionLink"":null,""originalCoverUrl"":""https://p19-common-sign.tiktokcdn-us.com/tos-useast5-p-0068-tx/oIF4nPhokADeDxYCEsvkGRTBSoSfISJIERlgID~tplv-tiktokx-origin.image?dr=9636&x-expires=1774407600&x-signature=u%2F9QzEdOGosV4dkd18l3prwC8hQ%3D&t=4d5b0474&ps=13740610&shp=81f88b70&shcp=43f4a2f9&idc=useast5""}",9802,400,58000,1283,70,0,[],[],[],[],false,,false,false,[],costarastrology,videos,
7524858817239141663,❤️,un,1752017746,2025-07-08T23:35:46.000Z,false,"{""id"":""7060882549447263279"",""name"":""costarastrology"",""profileUrl"":""https://www.tiktok.com/@costarastrology"",""nickName"":""Co — Star"",""verified"":false,""signature"":""Astrology for real people. From your friends at Co–Star Reality Group."",""bioLink"":""https://apps.apple.com/us/app/co-star-personalized-astrology/id1264782561"",""avatar"":""https://p16-common-sign.tiktokcdn-us.com/tos-useast5-avt-0068-tx/13a04d95ac5d339520c49813eedd0da2~tplv-tiktokx-cropcenter:720:720.jpeg?dr=9640&refresh_token=57c9eb0f&x-expires=1774407600&x-signature=UXAMMpT3Ta8eacTrpKRr6Jkstwg%3D&t=4d5b0474&ps=13740610&shp=a5d48078&shcp=81f88b70&idc=useast5"",""commerceUserInfo"":{""commerceUser"":false},""privateAccount"":false,""roomId"":"""",""ttSeller"":false,""createTime"":1643990595,""following"":0,""friends"":0,""fans"":357500,""heart"":23800000,""video"":381,""digg"":0,""originalAvatarUrl"":""https://p16-common-sign.tiktokcdn-us.com/tos-useast5-avt-0068-tx/13a04d95ac5d339520c49813eedd0da2~tplv-tiktokx-cropcenter:720:720.jpeg?dr=9640&refresh_token=57c9eb0f&x-expires=1774407600&x-signature=UXAMMpT3Ta8eacTrpKRr6Jkstwg%3D&t=4d5b0474&ps=13740610&shp=a5d48078&shcp=81f88b70&idc=useast5""}","{""musicName"":""Televangelism"",""musicAuthor"":""Ethel Cain"",""musicOriginal"":false,""musicAlbum"":""Preacher’s Daughter"",""playUrl"":""https://sf16.tiktokcdn-us.com/obj/tos-alisg-ve-2774/oIrIFREYQDAPx8JfU6FgT0eTKjou8aFYDCezdt"",""coverMediumUrl"":""https://p16-common.tiktokcdn-us.com/tos-alisg-v-2774/owVAMrT8AgfAAMfAExf4KvUnkYcel1BoUfVpEA~tplv-tiktokx-cropcenter:200:200.jpeg?dr=9584&t=4d5b0474&ps=933b5bde&shp=08d74b56&shcp=81f88b70&idc=useast5"",""musicId"":""7086572950958147585"",""originalCoverMediumUrl"":""https://p16-common.tiktokcdn-us.com/tos-alisg-v-2774/owVAMrT8AgfAAMfAExf4KvUnkYcel1BoUfVpEA~tplv-tiktokx-cropcenter:200:200.jpeg?dr=9584&t=4d5b0474&ps=933b5bde&shp=08d74b56&shcp=81f88b70&idc=useast5""}",https://www.tiktok.com/@costarastrology/video/7524858817239141663,"{""height"":1024,""width"":576,""duration"":7,""coverUrl"":""https://p16-common-sign.tiktokcdn-us.com/tos-useast8-p-0068-tx2/ow5qbAueaVE01EQozbFfEBAOOVjTlCQjR1D9EE~tplv-tiktokx-origin.image?dr=9636&x-expires=1774407600&x-signature=kp3A0Sus8fk5k%2FaHJMxtdaE1mSQ%3D&t=4d5b0474&ps=13740610&shp=81f88b70&shcp=43f4a2f9&idc=useast5"",""definition"":""540p"",""format"":""mp4"",""transcriptionLink"":null,""originalCoverUrl"":""https://p16-common-sign.tiktokcdn-us.com/tos-useast8-p-0068-tx2/ow5qbAueaVE01EQozbFfEBAOOVjTlCQjR1D9EE~tplv-tiktokx-origin.image?dr=9636&x-expires=1774407600&x-signature=kp3A0Sus8fk5k%2FaHJMxtdaE1mSQ%3D&t=4d5b0474&ps=13740610&shp=81f88b70&shcp=43f4a2f9&idc=useast5""}",16400,1651,117000,840,95,0,[],[],[],[],false,,false,false,[],costarastrology,videos,
7524118888687144205,,un,1751845486,2025-07-06T23:44:46.000Z,false,"{""id"":""7060882549447263279"",""name"":""costarastrology"",""profileUrl"":""https://www.tiktok.com/@costarastrology"",""nickName"":""Co — Star"",""verified"":false,""signature"":""Astrology for real people. From your friends at Co–Star Reality Group."",""bioLink"":""https://apps.apple.com/us/app/co-star-personalized-astrology/id1264782561"",""avatar"":""https://p16-common-sign.tiktokcdn-us.com/tos-useast5-avt-0068-tx/13a04d95ac5d339520c49813eedd0da2~tplv-tiktokx-cropcenter:720:720.jpeg?dr=9640&refresh_token=57c9eb0f&x-expires=1774407600&x-signature=UXAMMpT3Ta8eacTrpKRr6Jkstwg%3D&t=4d5b0474&ps=13740610&shp=a5d48078&shcp=81f88b70&idc=useast5"",""commerceUserInfo"":{""commerceUser"":false},""privateAccount"":false,""roomId"":"""",""ttSeller"":false,""createTime"":1643990595,""following"":0,""friends"":0,""fans"":357500,""heart"":23800000,""video"":381,""digg"":0,""originalAvatarUrl"":""https://p16-common-sign.tiktokcdn-us.com/tos-useast5-avt-0068-tx/13a04d95ac5d339520c49813eedd0da2~tplv-tiktokx-cropcenter:720:720.jpeg?dr=9640&refresh_token=57c9eb0f&x-expires=1774407600&x-signature=UXAMMpT3Ta8eacTrpKRr6Jkstwg%3D&t=4d5b0474&ps=13740610&shp=a5d48078&shcp=81f88b70&idc=useast5""}","{""musicName"":""Music and Me"",""musicAuthor"":""fakemink"",""musicOriginal"":false,""musicAlbum"":""Music and Me"",""playUrl"":""https://sf16.tiktokcdn-us.com/obj/tos-alisg-ve-2774/okLffWKjBKUnGyl7I5axGmjFASDewoXe1VsAgG"",""coverMediumUrl"":""https://p16-common.tiktokcdn-us.com/tos-alisg-v-2774/osgDIAGAEGLAIeFARqMFHj4fbftzCqagDIDvdw~tplv-tiktokx-cropcenter:200:200.jpeg?dr=9584&t=4d5b0474&ps=933b5bde&shp=08d74b56&shcp=81f88b70&idc=useast5"",""musicId"":""7487386952196589585"",""originalCoverMediumUrl"":""https://p16-common.tiktokcdn-us.com/tos-alisg-v-2774/osgDIAGAEGLAIeFARqMFHj4fbftzCqagDIDvdw~tplv-tiktokx-cropcenter:200:200.jpeg?dr=9584&t=4d5b0474&ps=933b5bde&shp=08d74b56&shcp=81f88b70&idc=useast5""}",https://www.tiktok.com/@costarastrology/video/7524118888687144205,"{""height"":1024,""width"":576,""duration"":37,""coverUrl"":""https://p16-common-sign.tiktokcdn-us.com/tos-useast5-p-0068-tx/osdBUnBBiaVANCrkEIboAA3CM9cIIpDfw0YuTi~tplv-tiktokx-origin.image?dr=9636&x-expires=1774407600&x-signature=vmH6L1kd3S88jxeQPGrzWEYwSQ8%3D&t=4d5b0474&ps=13740610&shp=81f88b70&shcp=43f4a2f9&idc=useast5"",""definition"":""540p"",""format"":""mp4"",""subtitleLinks"":[{""language"":""eng-US"",""downloadLink"":""https://v16m-webapp.tiktokcdn-us.com/c6500614d4cad0a7d3d4875a0974d972/69c35a2e/video/tos/useast5/tos-useast5-v-0068-tx/643e3b7d94be41b280f0adfe83c5e455/?a=1988&bti=ODszNWYuMDE6&ch=0&cr=3&dr=0&lr=all&cd=0%7C0%7C0%7C&cv=1&br=13984&bt=6992&ds=4&ft=4KLMeMzm8Zmo0dVsyx4jVvrjdpWrKsd.&mime_type=video_mp4&qs=13&rc=M29tZXc5cjNqNDMzZzczNEBpM29tZXc5cjNqNDMzZzczNEBoYmczMmRjaGlhLS1kMS9zYSNoYmczMmRjaGlhLS1kMS9zcw%3D%3D&l=20260323034408CC7EBB78130F51010B6B&btag=e00048000"",""source"":""ASR"",""sourceUnabbreviated"":""automatic speech recognition"",""version"":""1:big_caption"",""tiktokLink"":""https://v16m-webapp.tiktokcdn-us.com/c6500614d4cad0a7d3d4875a0974d972/69c35a2e/video/tos/useast5/tos-useast5-v-0068-tx/643e3b7d94be41b280f0adfe83c5e455/?a=1988&bti=ODszNWYuMDE6&ch=0&cr=3&dr=0&lr=all&cd=0%7C0%7C0%7C&cv=1&br=13984&bt=6992&ds=4&ft=4KLMeMzm8Zmo0dVsyx4jVvrjdpWrKsd.&mime_type=video_mp4&qs=13&rc=M29tZXc5cjNqNDMzZzczNEBpM29tZXc5cjNqNDMzZzczNEBoYmczMmRjaGlhLS1kMS9zYSNoYmczMmRjaGlhLS1kMS9zcw%3D%3D&l=20260323034408CC7EBB78130F51010B6B&btag=e00048000""}],""transcriptionLink"":null,""originalCoverUrl"":""https://p16-common-sign.tiktokcdn-us.com/tos-useast5-p-0068-tx/osdBUnBBiaVANCrkEIboAA3CM9cIIpDfw0YuTi~tplv-tiktokx-origin.image?dr=9636&x-expires=1774407600&x-signature=vmH6L1kd3S88jxeQPGrzWEYwSQ8%3D&t=4d5b0474&ps=13740610&shp=81f88b70&shcp=43f4a2f9&idc=useast5""}",1551,24,26200,69,21,0,[],[],[],[],false,,false,false,[],costarastrology,videos,
7520439203323333919,,un,1750988720,2025-06-27T01:45:20.000Z,false,"{""id"":""7060882549447263279"",""name"":""costarastrology"",""profileUrl"":""https://www.tiktok.com/@costarastrology"",""nickName"":""Co — Star"",""verified"":false,""signature"":""Astrology for real people. From your friends at Co–Star Reality Group."",""bioLink"":""https://apps.apple.com/us/app/co-star-personalized-astrology/id1264782561"",""avatar"":""https://p16-common-sign.tiktokcdn-us.com/tos-useast5-avt-0068-tx/13a04d95ac5d339520c49813eedd0da2~tplv-tiktokx-cropcenter:720:720.jpeg?dr=9640&refresh_token=57c9eb0f&x-expires=1774407600&x-signature=UXAMMpT3Ta8eacTrpKRr6Jkstwg%3D&t=4d5b0474&ps=13740610&shp=a5d48078&shcp=81f88b70&idc=useast5"",""commerceUserInfo"":{""commerceUser"":false},""privateAccount"":false,""roomId"":"""",""ttSeller"":false,""createTime"":1643990595,""following"":0,""friends"":0,""fans"":357500,""heart"":23800000,""video"":381,""digg"":0,""originalAvatarUrl"":""https://p16-common-sign.tiktokcdn-us.com/tos-useast5-avt-0068-tx/13a04d95ac5d339520c49813eedd0da2~tplv-tiktokx-cropcenter:720:720.jpeg?dr=9640&refresh_token=57c9eb0f&x-expires=1774407600&x-signature=UXAMMpT3Ta8eacTrpKRr6Jkstwg%3D&t=4d5b0474&ps=13740610&shp=a5d48078&shcp=81f88b70&idc=useast5""}","{""musicName"":""original sound"",""musicAuthor"":""fran"",""musicOriginal"":true,""playUrl"":""https://v19.tiktokcdn-us.com/8220b13831f093972a2def05dbd89472/69c10ba3/video/tos/useast5/tos-useast5-v-27dcd7c799-tx/oEJFABjPfpZIeEyAZDG1DIfiknrmIgLAAxAQMe/?a=1233&bti=ODszNWYuMDE6&ch=0&cr=0&dr=0&er=0&lr=default&cd=0%7C0%7C0%7C0&br=250&bt=125&ds=5&ft=GSDrKInz7Thv8N-PXq8Zmo&mime_type=audio_mpeg&qs=13&rc=M2szOnA5cjZ3czMzNzU8M0BpM2szOnA5cjZ3czMzNzU8M0BnMGxhMmRzYGdgLS1kMTZzYSNnMGxhMmRzYGdgLS1kMTZzcw%3D%3D&vvpl=1&l=20260323034408CC7EBB78130F51010B6B&btag=e00048000"",""coverMediumUrl"":""https://p16-common-sign.tiktokcdn-us.com/tos-alisg-avt-0068/60586ca65ff42f42a3451111993a57ca~tplv-tiktokx-cropcenter:720:720.jpeg?dr=9640&refresh_token=df1f5520&x-expires=1774407600&x-signature=AvXwh2F1t53F%2B34ihwuxUC9lfx0%3D&t=4d5b0474&ps=13740610&shp=a5d48078&shcp=81f88b70&idc=useast5"",""musicId"":""7379101872926755589"",""originalCoverMediumUrl"":""https://p16-common-sign.tiktokcdn-us.com/tos-alisg-avt-0068/60586ca65ff42f42a3451111993a57ca~tplv-tiktokx-cropcenter:720:720.jpeg?dr=9640&refresh_token=df1f5520&x-expires=1774407600&x-signature=AvXwh2F1t53F%2B34ihwuxUC9lfx0%3D&t=4d5b0474&ps=13740610&shp=a5d48078&shcp=81f88b70&idc=useast5""}",https://www.tiktok.com/@costarastrology/video/7520439203323333919,"{""height"":1024,""width"":576,""duration"":44,""coverUrl"":""https://p19-common-sign.tiktokcdn-us.com/tos-useast8-p-0068-tx2/oc4dQqkvyDA79xfQDfF2IjQExIFAXCJuQofOdE~tplv-tiktokx-origin.image?dr=9636&x-expires=1774407600&x-signature=KhVRpE2Rq5N5T1AiHb6AyTVl7wU%3D&t=4d5b0474&ps=13740610&shp=81f88b70&shcp=43f4a2f9&idc=useast5"",""definition"":""540p"",""format"":""mp4"",""subtitleLinks"":[{""language"":""eng-US"",""downloadLink"":""https://v16m-webapp.tiktokcdn-us.com/01cadd84bf2bf6ba32699e43b396c5f7/69c35a35/video/tos/useast8/tos-useast8-v-0068-tx2/fafd192442554190bdf86b1ccf7965bb/?a=1988&bti=ODszNWYuMDE6&ch=0&cr=3&dr=0&lr=all&cd=0%7C0%7C0%7C&cv=1&br=11798&bt=5899&ds=4&ft=4KLMeMzm8Zmo0dVsyx4jVvrjdpWrKsd.&mime_type=video_mp4&qs=13&rc=M2VqeHU5cnZ5NDMzaTczNEBpM2VqeHU5cnZ5NDMzaTczNEBtMjNfMmRrYmJhLS1kMTJzYSNtMjNfMmRrYmJhLS1kMTJzcw%3D%3D&l=20260323034408CC7EBB78130F51010B6B&btag=e00048000"",""source"":""ASR"",""sourceUnabbreviated"":""automatic speech recognition"",""version"":""1:big_caption"",""tiktokLink"":""https://v16m-webapp.tiktokcdn-us.com/01cadd84bf2bf6ba32699e43b396c5f7/69c35a35/video/tos/useast8/tos-useast8-v-0068-tx2/fafd192442554190bdf86b1ccf7965bb/?a=1988&bti=ODszNWYuMDE6&ch=0&cr=3&dr=0&lr=all&cd=0%7C0%7C0%7C&cv=1&br=11798&bt=5899&ds=4&ft=4KLMeMzm8Zmo0dVsyx4jVvrjdpWrKsd.&mime_type=video_mp4&qs=13&rc=M2VqeHU5cnZ5NDMzaTczNEBpM2VqeHU5cnZ5NDMzaTczNEBtMjNfMmRrYmJhLS1kMTJzYSNtMjNfMmRrYmJhLS1kMTJzcw%3D%3D&l=20260323034408CC7EBB78130F51010B6B&btag=e00048000""}],""transcriptionLink"":null,""originalCoverUrl"":""https://p19-common-sign.tiktokcdn-us.com/tos-useast8-p-0068-tx2/oc4dQqkvyDA79xfQDfF2IjQExIFAXCJuQofOdE~tplv-tiktokx-origin.image?dr=9636&x-expires=1774407600&x-signature=KhVRpE2Rq5N5T1AiHb6AyTVl7wU%3D&t=4d5b0474&ps=13740610&shp=81f88b70&shcp=43f4a2f9&idc=useast5""}",17000,870,196200,820,195,0,[],[],[],[],false,,false,false,[],costarastrology,videos,
7517040230440963358,,un,1750197337,2025-06-17T21:55:37.000Z,false,"{""id"":""7060882549447263279"",""name"":""costarastrology"",""profileUrl"":""https://www.tiktok.com/@costarastrology"",""nickName"":""Co — Star"",""verified"":false,""signature"":""Astrology for real people. From your friends at Co–Star Reality Group."",""bioLink"":""https://apps.apple.com/us/app/co-star-personalized-astrology/id1264782561"",""avatar"":""https://p16-common-sign.tiktokcdn-us.com/tos-useast5-avt-0068-tx/13a04d95ac5d339520c49813eedd0da2~tplv-tiktokx-cropcenter:720:720.jpeg?dr=9640&refresh_token=57c9eb0f&x-expires=1774407600&x-signature=UXAMMpT3Ta8eacTrpKRr6Jkstwg%3D&t=4d5b0474&ps=13740610&shp=a5d48078&shcp=81f88b70&idc=useast5"",""commerceUserInfo"":{""commerceUser"":false},""privateAccount"":false,""roomId"":"""",""ttSeller"":false,""createTime"":1643990595,""following"":0,""friends"":0,""fans"":357500,""heart"":23800000,""video"":381,""digg"":0,""originalAvatarUrl"":""https://p16-common-sign.tiktokcdn-us.com/tos-useast5-avt-0068-tx/13a04d95ac5d339520c49813eedd0da2~tplv-tiktokx-cropcenter:720:720.jpeg?dr=9640&refresh_token=57c9eb0f&x-expires=1774407600&x-signature=UXAMMpT3Ta8eacTrpKRr6Jkstwg%3D&t=4d5b0474&ps=13740610&shp=a5d48078&shcp=81f88b70&idc=useast5""}","{""musicName"":""Lover, You Should've Come Over"",""musicAuthor"":""Jeff Buckley"",""musicOriginal"":false,""musicAlbum"":""Grace"",""playUrl"":""https://sf16.tiktokcdn-us.com/obj/tos-alisg-ve-2774/8d1ba0fdcdd546b383bbd84630f2cc3d"",""coverMediumUrl"":""https://p16-common.tiktokcdn-us.com/tos-alisg-v-2774/810b9e8610704f07a3eb0c6aee364706~tplv-tiktokx-cropcenter:200:200.jpeg?dr=9584&t=4d5b0474&ps=933b5bde&shp=08d74b56&shcp=81f88b70&idc=useast5"",""musicId"":""6720664346394888193"",""originalCoverMediumUrl"":""https://p16-common.tiktokcdn-us.com/tos-alisg-v-2774/810b9e8610704f07a3eb0c6aee364706~tplv-tiktokx-cropcenter:200:200.jpeg?dr=9584&t=4d5b0474&ps=933b5bde&shp=08d74b56&shcp=81f88b70&idc=useast5""}",https://www.tiktok.com/@costarastrology/video/7517040230440963358,"{""height"":1024,""width"":576,""duration"":48,""coverUrl"":""https://p16-common-sign.tiktokcdn-us.com/tos-useast8-p-0068-tx2/oQPeFvAF7E5sjfdQAuLpQ5QRfPIxJCIqNDjjoF~tplv-tiktokx-origin.image?dr=9636&x-expires=1774407600&x-signature=RjHi%2FIj7cKnNU%2BCyStcBRyJn%2Fxg%3D&t=4d5b0474&ps=13740610&shp=81f88b70&shcp=43f4a2f9&idc=useast5"",""definition"":""540p"",""format"":""mp4"",""subtitleLinks"":[{""language"":""eng-US"",""downloadLink"":""https://v16m-webapp.tiktokcdn-us.com/8fcfcf5e418d68842fbe21031b0d7fa0/69c35a39/video/tos/useast8/tos-useast8-v-0068-tx2/ed2a130e129849d486c7096dcb31294d/?a=1988&bti=ODszNWYuMDE6&ch=0&cr=3&dr=0&lr=all&cd=0%7C0%7C0%7C&cv=1&br=22526&bt=11263&ds=4&ft=4KLMeMzm8Zmo0dVsyx4jVvrjdpWrKsd.&mime_type=video_mp4&qs=13&rc=ajlxdWs5cm14NDMzaTczNEBpajlxdWs5cm14NDMzaTczNEBvY2tsMmRzNDVhLS1kMTJzYSNvY2tsMmRzNDVhLS1kMTJzcw%3D%3D&l=20260323034408CC7EBB78130F51010B6B&btag=e00048000"",""source"":""ASR"",""sourceUnabbreviated"":""automatic speech recognition"",""version"":""1:big_caption"",""tiktokLink"":""https://v16m-webapp.tiktokcdn-us.com/8fcfcf5e418d68842fbe21031b0d7fa0/69c35a39/video/tos/useast8/tos-useast8-v-0068-tx2/ed2a130e129849d486c7096dcb31294d/?a=1988&bti=ODszNWYuMDE6&ch=0&cr=3&dr=0&lr=all&cd=0%7C0%7C0%7C&cv=1&br=22526&bt=11263&ds=4&ft=4KLMeMzm8Zmo0dVsyx4jVvrjdpWrKsd.&mime_type=video_mp4&qs=13&rc=ajlxdWs5cm14NDMzaTczNEBpajlxdWs5cm14NDMzaTczNEBvY2tsMmRzNDVhLS1kMTJzYSNvY2tsMmRzNDVhLS1kMTJzcw%3D%3D&l=20260323034408CC7EBB78130F51010B6B&btag=e00048000""}],""transcriptionLink"":null,""originalCoverUrl"":""https://p16-common-sign.tiktokcdn-us.com/tos-useast8-p-0068-tx2/oQPeFvAF7E5sjfdQAuLpQ5QRfPIxJCIqNDjjoF~tplv-tiktokx-origin.image?dr=9636&x-expires=1774407600&x-signature=RjHi%2FIj7cKnNU%2BCyStcBRyJn%2Fxg%3D&t=4d5b0474&ps=13740610&shp=81f88b70&shcp=43f4a2f9&idc=useast5""}",138,1,3482,3,0,0,[],[],[],[],false,,false,false,[],costarastrology,videos,
7516687365407034638,,un,1750115193,2025-06-16T23:06:33.000Z,false,"{""id"":""7060882549447263279"",""name"":""costarastrology"",""profileUrl"":""https://www.tiktok.com/@costarastrology"",""nickName"":""Co — Star"",""verified"":false,""signature"":""Astrology for real people. From your friends at Co–Star Reality Group."",""bioLink"":""https://apps.apple.com/us/app/co-star-personalized-astrology/id1264782561"",""avatar"":""https://p16-common-sign.tiktokcdn-us.com/tos-useast5-avt-0068-tx/13a04d95ac5d339520c49813eedd0da2~tplv-tiktokx-cropcenter:720:720.jpeg?dr=9640&refresh_token=57c9eb0f&x-expires=1774407600&x-signature=UXAMMpT3Ta8eacTrpKRr6Jkstwg%3D&t=4d5b0474&ps=13740610&shp=a5d48078&shcp=81f88b70&idc=useast5"",""commerceUserInfo"":{""commerceUser"":false},""privateAccount"":false,""roomId"":"""",""ttSeller"":false,""createTime"":1643990595,""following"":0,""friends"":0,""fans"":357500,""heart"":23800000,""video"":381,""digg"":0,""originalAvatarUrl"":""https://p16-common-sign.tiktokcdn-us.com/tos-useast5-avt-0068-tx/13a04d95ac5d339520c49813eedd0da2~tplv-tiktokx-cropcenter:720:720.jpeg?dr=9640&refresh_token=57c9eb0f&x-expires=1774407600&x-signature=UXAMMpT3Ta8eacTrpKRr6Jkstwg%3D&t=4d5b0474&ps=13740610&shp=a5d48078&shcp=81f88b70&idc=useast5""}","{""musicName"":""Almost forgot that this was the whole point - Take my Hand Instrumental"",""musicAuthor"":""AntonioVivald"",""musicOriginal"":false,""musicAlbum"":""Almost forgot that this was the whole point - Take my Hand Instrumental"",""playUrl"":""https://sf19.tiktokcdn-us.com/obj/tos-alisg-ve-2774/o8qBNQo0dBZCETJtFACooQYDQg0QEeMBgcfSBn"",""coverMediumUrl"":""https://p16-common.tiktokcdn-us.com/tos-alisg-v-2774/o8yPlAAF0AAo57SOA0iiw8BsWhBs6lAEErfyox~tplv-tiktokx-cropcenter:200:200.jpeg?dr=9584&t=4d5b0474&ps=933b5bde&shp=08d74b56&shcp=81f88b70&idc=useast5"",""musicId"":""7498488534715336720"",""originalCoverMediumUrl"":""https://p16-common.tiktokcdn-us.com/tos-alisg-v-2774/o8yPlAAF0AAo57SOA0iiw8BsWhBs6lAEErfyox~tplv-tiktokx-cropcenter:200:200.jpeg?dr=9584&t=4d5b0474&ps=933b5bde&shp=08d74b56&shcp=81f88b70&idc=useast5""}",https://www.tiktok.com/@costarastrology/video/7516687365407034638,"{""height"":1024,""width"":576,""duration"":37,""coverUrl"":""https://p19-common-sign.tiktokcdn-us.com/tos-useast5-p-0068-tx/ogIQIHDvRovUAqDobFJrfbiXPMfECEPgS5K3BT~tplv-tiktokx-origin.image?dr=9636&x-expires=1774407600&x-signature=f0kqKO0IUCBK51pOWAkXbLYU9aM%3D&t=4d5b0474&ps=13740610&shp=81f88b70&shcp=43f4a2f9&idc=useast5"",""definition"":""540p"",""format"":""mp4"",""subtitleLinks"":[{""language"":""eng-US"",""downloadLink"":""https://v16m-webapp.tiktokcdn-us.com/3c73c072048305ba7aed7136e784c224/69c35a2e/video/tos/useast5/tos-useast5-v-0068-tx/6f56945265074e728886c1a8b48135db/?a=1988&bti=ODszNWYuMDE6&ch=0&cr=3&dr=0&lr=all&cd=0%7C0%7C0%7C&cv=1&br=16816&bt=8408&ds=4&ft=4KLMeMzm8Zmo0dVsyx4jVvrjdpWrKsd.&mime_type=video_mp4&qs=13&rc=anV5b3k5cjNkNDMzZzczNEBpanV5b3k5cjNkNDMzZzczNEA0ZnFhMmRrMzVhLS1kMS9zYSM0ZnFhMmRrMzVhLS1kMS9zcw%3D%3D&l=20260323034408CC7EBB78130F51010B6B&btag=e00048000"",""source"":""ASR"",""sourceUnabbreviated"":""automatic speech recognition"",""version"":""1:big_caption"",""tiktokLink"":""https://v16m-webapp.tiktokcdn-us.com/3c73c072048305ba7aed7136e784c224/69c35a2e/video/tos/useast5/tos-useast5-v-0068-tx/6f56945265074e728886c1a8b48135db/?a=1988&bti=ODszNWYuMDE6&ch=0&cr=3&dr=0&lr=all&cd=0%7C0%7C0%7C&cv=1&br=16816&bt=8408&ds=4&ft=4KLMeMzm8Zmo0dVsyx4jVvrjdpWrKsd.&mime_type=video_mp4&qs=13&rc=anV5b3k5cjNkNDMzZzczNEBpanV5b3k5cjNkNDMzZzczNEA0ZnFhMmRrMzVhLS1kMS9zYSM0ZnFhMmRrMzVhLS1kMS9zcw%3D%3D&l=20260323034408CC7EBB78130F51010B6B&btag=e00048000""}],""transcriptionLink"":null,""originalCoverUrl"":""https://p19-common-sign.tiktokcdn-us.com/tos-useast5-p-0068-tx/ogIQIHDvRovUAqDobFJrfbiXPMfECEPgS5K3BT~tplv-tiktokx-origin.image?dr=9636&x-expires=1774407600&x-signature=f0kqKO0IUCBK51pOWAkXbLYU9aM%3D&t=4d5b0474&ps=13740610&shp=81f88b70&shcp=43f4a2f9&idc=useast5""}",246,10,4697,7,5,0,[],[],[],[],false,,false,false,[],costarastrology,videos,
7514457960894975278,happy #gemini season,en,1749596096,2025-06-10T22:54:56.000Z,false,"{""id"":""7060882549447263279"",""name"":""costarastrology"",""profileUrl"":""https://www.tiktok.com/@costarastrology"",""nickName"":""Co — Star"",""verified"":false,""signature"":""Astrology for real people. From your friends at Co–Star Reality Group."",""bioLink"":""https://apps.apple.com/us/app/co-star-personalized-astrology/id1264782561"",""avatar"":""https://p16-common-sign.tiktokcdn-us.com/tos-useast5-avt-0068-tx/13a04d95ac5d339520c49813eedd0da2~tplv-tiktokx-cropcenter:720:720.jpeg?dr=9640&refresh_token=57c9eb0f&x-expires=1774407600&x-signature=UXAMMpT3Ta8eacTrpKRr6Jkstwg%3D&t=4d5b0474&ps=13740610&shp=a5d48078&shcp=81f88b70&idc=useast5"",""commerceUserInfo"":{""commerceUser"":false},""privateAccount"":false,""roomId"":"""",""ttSeller"":false,""createTime"":1643990595,""following"":0,""friends"":0,""fans"":357500,""heart"":23800000,""video"":381,""digg"":0,""originalAvatarUrl"":""https://p16-common-sign.tiktokcdn-us.com/tos-useast5-avt-0068-tx/13a04d95ac5d339520c49813eedd0da2~tplv-tiktokx-cropcenter:720:720.jpeg?dr=9640&refresh_token=57c9eb0f&x-expires=1774407600&x-signature=UXAMMpT3Ta8eacTrpKRr6Jkstwg%3D&t=4d5b0474&ps=13740610&shp=a5d48078&shcp=81f88b70&idc=useast5""}","{""musicName"":""Music and Me"",""musicAuthor"":""fakemink"",""musicOriginal"":false,""musicAlbum"":""Music and Me"",""playUrl"":""https://sf16.tiktokcdn-us.com/obj/tos-alisg-ve-2774/okLffWKjBKUnGyl7I5axGmjFASDewoXe1VsAgG"",""coverMediumUrl"":""https://p16-common.tiktokcdn-us.com/tos-alisg-v-2774/osgDIAGAEGLAIeFARqMFHj4fbftzCqagDIDvdw~tplv-tiktokx-cropcenter:200:200.jpeg?dr=9584&t=4d5b0474&ps=933b5bde&shp=08d74b56&shcp=81f88b70&idc=useast5"",""musicId"":""7487386952196589585"",""originalCoverMediumUrl"":""https://p16-common.tiktokcdn-us.com/tos-alisg-v-2774/osgDIAGAEGLAIeFARqMFHj4fbftzCqagDIDvdw~tplv-tiktokx-cropcenter:200:200.jpeg?dr=9584&t=4d5b0474&ps=933b5bde&shp=08d74b56&shcp=81f88b70&idc=useast5""}",https://www.tiktok.com/@costarastrology/video/7514457960894975278,"{""height"":658,""width"":576,""duration"":20,""coverUrl"":""https://p16-common-sign.tiktokcdn-us.com/tos-useast8-p-0068-tx2/ocrVANBCrI0NipkwjqfAKdSLC6NiGYBsAiijDI~tplv-tiktokx-origin.image?dr=9636&x-expires=1774407600&x-signature=W6N8co%2FrVV5Yzy9osyDKY%2FYNYbY%3D&t=4d5b0474&ps=13740610&shp=81f88b70&shcp=43f4a2f9&idc=useast5"",""definition"":""540p"",""format"":""mp4"",""transcriptionLink"":null,""originalCoverUrl"":""https://p16-common-sign.tiktokcdn-us.com/tos-useast8-p-0068-tx2/ocrVANBCrI0NipkwjqfAKdSLC6NiGYBsAiijDI~tplv-tiktokx-origin.image?dr=9636&x-expires=1774407600&x-signature=W6N8co%2FrVV5Yzy9osyDKY%2FYNYbY%3D&t=4d5b0474&ps=13740610&shp=81f88b70&shcp=43f4a2f9&idc=useast5""}",59,8,2042,7,3,0,[],[],"[{""name"":""gemini""}]",[],false,,false,false,[],costarastrology,videos,
7512615997325462815,😔,un,1749167234,2025-06-05T23:47:14.000Z,false,"{""id"":""7060882549447263279"",""name"":""costarastrology"",""profileUrl"":""https://www.tiktok.com/@costarastrology"",""nickName"":""Co — Star"",""verified"":false,""signature"":""Astrology for real people. From your friends at Co–Star Reality Group."",""bioLink"":""https://apps.apple.com/us/app/co-star-personalized-astrology/id1264782561"",""avatar"":""https://p16-common-sign.tiktokcdn-us.com/tos-useast5-avt-0068-tx/13a04d95ac5d339520c49813eedd0da2~tplv-tiktokx-cropcenter:720:720.jpeg?dr=9640&refresh_token=57c9eb0f&x-expires=1774407600&x-signature=UXAMMpT3Ta8eacTrpKRr6Jkstwg%3D&t=4d5b0474&ps=13740610&shp=a5d48078&shcp=81f88b70&idc=useast5"",""commerceUserInfo"":{""commerceUser"":false},""privateAccount"":false,""roomId"":"""",""ttSeller"":false,""createTime"":1643990595,""following"":0,""friends"":0,""fans"":357500,""heart"":23800000,""video"":381,""digg"":0,""originalAvatarUrl"":""https://p16-common-sign.tiktokcdn-us.com/tos-useast5-avt-0068-tx/13a04d95ac5d339520c49813eedd0da2~tplv-tiktokx-cropcenter:720:720.jpeg?dr=9640&refresh_token=57c9eb0f&x-expires=1774407600&x-signature=UXAMMpT3Ta8eacTrpKRr6Jkstwg%3D&t=4d5b0474&ps=13740610&shp=a5d48078&shcp=81f88b70&idc=useast5""}","{""musicName"":""gucci gang x you deserve this"",""musicAuthor"":""ooslo"",""musicOriginal"":true,""playUrl"":""https://v19.tiktokcdn-us.com/7a677e4ac8ee91b4c5e21a9cf3d5c5ff/69c10b8e/video/tos/useast5/tos-useast5-v-27dcd7c799-tx/osWAgMStkBAleMAAzfhzZaAcexjnY4eKAUmf3b/?a=1233&bti=ODszNWYuMDE6&ch=0&cr=0&dr=0&er=0&lr=default&cd=0%7C0%7C0%7C0&br=250&bt=125&ds=5&ft=GSDrKInz7Thv8N-PXq8Zmo&mime_type=audio_mpeg&qs=13&rc=amtvbXA5cmRxeTMzODU8NEBpamtvbXA5cmRxeTMzODU8NEBnaG9fMmRjMG1gLS1kMS1zYSNnaG9fMmRjMG1gLS1kMS1zcw%3D%3D&vvpl=1&l=20260323034408CC7EBB78130F51010B6B&btag=e00048000"",""coverMediumUrl"":""https://p16-common-sign.tiktokcdn-us.com/tos-alisg-avt-0068/af70175545e008de0ef7cde2338d1947~tplv-tiktokx-cropcenter:720:720.jpeg?dr=9640&refresh_token=0ae0e7c0&x-expires=1774407600&x-signature=JBpnu%2BQzymd7L04swI7PHIT%2FQOs%3D&t=4d5b0474&ps=13740610&shp=a5d48078&shcp=81f88b70&idc=useast5"",""musicId"":""7490455575021587216"",""originalCoverMediumUrl"":""https://p16-common-sign.tiktokcdn-us.com/tos-alisg-avt-0068/af70175545e008de0ef7cde2338d1947~tplv-tiktokx-cropcenter:720:720.jpeg?dr=9640&refresh_token=0ae0e7c0&x-expires=1774407600&x-signature=JBpnu%2BQzymd7L04swI7PHIT%2FQOs%3D&t=4d5b0474&ps=13740610&shp=a5d48078&shcp=81f88b70&idc=useast5""}",https://www.tiktok.com/@costarastrology/video/7512615997325462815,"{""height"":0,""width"":0,""duration"":0,""coverUrl"":""https://p16-common-sign.tiktokcdn-us.com/tos-useast8-i-photomode-tx2/b98cd77f2ff94bda9357aae1bb98a360~tplv-photomode-image.jpeg?dr=9616&x-expires=1774407600&x-signature=5BamAQSUwjNAjSJHdRoLKBLCgc4%3D&t=4d5b0474&ps=13740610&shp=81f88b70&shcp=9b759fb9&idc=useast5&ftpl=1"",""transcriptionLink"":null,""originalCoverUrl"":""https://p16-common-sign.tiktokcdn-us.com/tos-useast8-i-photomode-tx2/b98cd77f2ff94bda9357aae1bb98a360~tplv-photomode-image.jpeg?dr=9616&x-expires=1774407600&x-signature=5BamAQSUwjNAjSJHdRoLKBLCgc4%3D&t=4d5b0474&ps=13740610&shp=81f88b70&shcp=9b759fb9&idc=useast5&ftpl=1""}",802,86,8186,49,12,0,[],[],[],[],true,"[{""tiktokLink"":""https://p19-common-sign.tiktokcdn-us.com/tos-useast8-i-photomode-tx2/b98cd77f2ff94bda9357aae1bb98a360~tplv-photomode-image.jpeg?dr=9616&x-expires=1774407600&x-signature=GjgXG8Auzhq2ll%2BvK8lY7S3coJk%3D&t=4d5b0474&ps=13740610&shp=81f88b70&shcp=9b759fb9&idc=useast5&ftpl=1"",""downloadLink"":""https://p19-common-sign.tiktokcdn-us.com/tos-useast8-i-photomode-tx2/b98cd77f2ff94bda9357aae1bb98a360~tplv-photomode-image.jpeg?dr=9616&x-expires=1774407600&x-signature=GjgXG8Auzhq2ll%2BvK8lY7S3coJk%3D&t=4d5b0474&ps=13740610&shp=81f88b70&shcp=9b759fb9&idc=useast5&ftpl=1""},{""tiktokLink"":""https://p19-common-sign.tiktokcdn-us.com/tos-useast8-i-photomode-tx2/24c2e202d78d484b8a60b6e14c2c13b8~tplv-photomode-image.jpeg?dr=9616&x-expires=1774407600&x-signature=eIzQOUmifH%2Bfhy3SrKaC3oEBj3M%3D&t=4d5b0474&ps=13740610&shp=81f88b70&shcp=9b759fb9&idc=useast5&ftpl=1"",""downloadLink"":""https://p19-common-sign.tiktokcdn-us.com/tos-useast8-i-photomode-tx2/24c2e202d78d484b8a60b6e14c2c13b8~tplv-photomode-image.jpeg?dr=9616&x-expires=1774407600&x-signature=eIzQOUmifH%2Bfhy3SrKaC3oEBj3M%3D&t=4d5b0474&ps=13740610&shp=81f88b70&shcp=9b759fb9&idc=useast5&ftpl=1""},{""tiktokLink"":""https://p16-common-sign.tiktokcdn-us.com/tos-useast8-i-photomode-tx2/7ba45d391b434f66b6c95f5691b9085d~tplv-photomode-image.jpeg?dr=9616&x-expires=1774407600&x-signature=x8FCwmA81PWHRe44DPK5MkCVnew%3D&t=4d5b0474&ps=13740610&shp=81f88b70&shcp=9b759fb9&idc=useast5&ftpl=1"",""downloadLink"":""https://p16-common-sign.tiktokcdn-us.com/tos-useast8-i-photomode-tx2/7ba45d391b434f66b6c95f5691b9085d~tplv-photomode-image.jpeg?dr=9616&x-expires=1774407600&x-signature=x8FCwmA81PWHRe44DPK5MkCVnew%3D&t=4d5b0474&ps=13740610&shp=81f88b70&shcp=9b759fb9&idc=useast5&ftpl=1""},{""tiktokLink"":""https://p16-common-sign.tiktokcdn-us.com/tos-useast8-i-photomode-tx2/7b61b13f1eb9436c95855daa5d164f41~tplv-photomode-image.jpeg?dr=9616&x-expires=1774407600&x-signature=BDdMSaWjJ9NsZnBGoIVa3%2FcZlSE%3D&t=4d5b0474&ps=13740610&shp=81f88b70&shcp=9b759fb9&idc=useast5&ftpl=1"",""downloadLink"":""https://p16-common-sign.tiktokcdn-us.com/tos-useast8-i-photomode-tx2/7b61b13f1eb9436c95855daa5d164f41~tplv-photomode-image.jpeg?dr=9616&x-expires=1774407600&x-signature=BDdMSaWjJ9NsZnBGoIVa3%2FcZlSE%3D&t=4d5b0474&ps=13740610&shp=81f88b70&shcp=9b759fb9&idc=useast5&ftpl=1""},{""tiktokLink"":""https://p16-common-sign.tiktokcdn-us.com/tos-useast8-i-photomode-tx2/3fbc2baec2af46fd891d7062d1cb225a~tplv-photomode-image.jpeg?dr=9616&x-expires=1774407600&x-signature=Mr9JhQ%2FCY8oLBOKxUfdCmeqt6aI%3D&t=4d5b0474&ps=13740610&shp=81f88b70&shcp=9b759fb9&idc=useast5&ftpl=1"",""downloadLink"":""https://p16-common-sign.tiktokcdn-us.com/tos-useast8-i-photomode-tx2/3fbc2baec2af46fd891d7062d1cb225a~tplv-photomode-image.jpeg?dr=9616&x-expires=1774407600&x-signature=Mr9JhQ%2FCY8oLBOKxUfdCmeqt6aI%3D&t=4d5b0474&ps=13740610&shp=81f88b70&shcp=9b759fb9&idc=useast5&ftpl=1""},{""tiktokLink"":""https://p19-common-sign.tiktokcdn-us.com/tos-useast8-i-photomode-tx2/c9308bb12c8749ed9664f8d9cc974675~tplv-photomode-image.jpeg?dr=9616&x-expires=1774407600&x-signature=FE%2BYfV5FeGGZwgNa0WkOMPGL0eU%3D&t=4d5b0474&ps=13740610&shp=81f88b70&shcp=9b759fb9&idc=useast5&ftpl=1"",""downloadLink"":""https://p19-common-sign.tiktokcdn-us.com/tos-useast8-i-photomode-tx2/c9308bb12c8749ed9664f8d9cc974675~tplv-photomode-image.jpeg?dr=9616&x-expires=1774407600&x-signature=FE%2BYfV5FeGGZwgNa0WkOMPGL0eU%3D&t=4d5b0474&ps=13740610&shp=81f88b70&shcp=9b759fb9&idc=useast5&ftpl=1""},{""tiktokLink"":""https://p16-common-sign.tiktokcdn-us.com/tos-useast8-i-photomode-tx2/5bbdc423be64408c83a9a06e48e50c27~tplv-photomode-image.jpeg?dr=9616&x-expires=1774407600&x-signature=%2FwQcJUmq0io7blIXbwAeND9iFmM%3D&t=4d5b0474&ps=13740610&shp=81f88b70&shcp=9b759fb9&idc=useast5&ftpl=1"",""downloadLink"":""https://p16-common-sign.tiktokcdn-us.com/tos-useast8-i-photomode-tx2/5bbdc423be64408c83a9a06e48e50c27~tplv-photomode-image.jpeg?dr=9616&x-expires=1774407600&x-signature=%2FwQcJUmq0io7blIXbwAeND9iFmM%3D&t=4d5b0474&ps=13740610&shp=81f88b70&shcp=9b759fb9&idc=useast5&ftpl=1""},{""tiktokLink"":""https://p19-common-sign.tiktokcdn-us.com/tos-useast8-i-photomode-tx2/73d4ddebe85448d299975dd566a11779~tplv-photomode-image.jpeg?dr=9616&x-expires=1774407600&x-signature=klXPi6BtkS%2F4NIO3vu%2B0zmHFARU%3D&t=4d5b0474&ps=13740610&shp=81f88b70&shcp=9b759fb9&idc=useast5&ftpl=1"",""downloadLink"":""https://p19-common-sign.tiktokcdn-us.com/tos-useast8-i-photomode-tx2/73d4ddebe85448d299975dd566a11779~tplv-photomode-image.jpeg?dr=9616&x-expires=1774407600&x-signature=klXPi6BtkS%2F4NIO3vu%2B0zmHFARU%3D&t=4d5b0474&ps=13740610&shp=81f88b70&shcp=9b759fb9&idc=useast5&ftpl=1""},{""tiktokLink"":""https://p16-common-sign.tiktokcdn-us.com/tos-useast8-i-photomode-tx2/acced9e99e00497b9c19f7683c58a424~tplv-photomode-image.jpeg?dr=9616&x-expires=1774407600&x-signature=JcXFMncTHtcyQDunlPH0oJQgnY4%3D&t=4d5b0474&ps=13740610&shp=81f88b70&shcp=9b759fb9&idc=useast5&ftpl=1"",""downloadLink"":""https://p16-common-sign.tiktokcdn-us.com/tos-useast8-i-photomode-tx2/acced9e99e00497b9c19f7683c58a424~tplv-photomode-image.jpeg?dr=9616&x-expires=1774407600&x-signature=JcXFMncTHtcyQDunlPH0oJQgnY4%3D&t=4d5b0474&ps=13740610&shp=81f88b70&shcp=9b759fb9&idc=useast5&ftpl=1""},{""tiktokLink"":""https://p19-common-sign.tiktokcdn-us.com/tos-useast8-i-photomode-tx2/fb2d333cc60d4a5885b0862957f76082~tplv-photomode-image.jpeg?dr=9616&x-expires=1774407600&x-signature=ZDVLd9Vkon7D1QBucRwrneHrR0E%3D&t=4d5b0474&ps=13740610&shp=81f88b70&shcp=9b759fb9&idc=useast5&ftpl=1"",""downloadLink"":""https://p19-common-sign.tiktokcdn-us.com/tos-useast8-i-photomode-tx2/fb2d333cc60d4a5885b0862957f76082~tplv-photomode-image.jpeg?dr=9616&x-expires=1774407600&x-signature=ZDVLd9Vkon7D1QBucRwrneHrR0E%3D&t=4d5b0474&ps=13740610&shp=81f88b70&shcp=9b759fb9&idc=useast5&ftpl=1""},{""tiktokLink"":""https://p16-common-sign.tiktokcdn-us.com/tos-useast8-i-photomode-tx2/350578b63ade4d17b8bfd67095cb2498~tplv-photomode-image.jpeg?dr=9616&x-expires=1774407600&x-signature=yzZvH81oIPSZsyVIkA6wTVFyZ68%3D&t=4d5b0474&ps=13740610&shp=81f88b70&shcp=9b759fb9&idc=useast5&ftpl=1"",""downloadLink"":""https://p16-common-sign.tiktokcdn-us.com/tos-useast8-i-photomode-tx2/350578b63ade4d17b8bfd67095cb2498~tplv-photomode-image.jpeg?dr=9616&x-expires=1774407600&x-signature=yzZvH81oIPSZsyVIkA6wTVFyZ68%3D&t=4d5b0474&ps=13740610&shp=81f88b70&shcp=9b759fb9&idc=useast5&ftpl=1""},{""tiktokLink"":""https://p19-common-sign.tiktokcdn-us.com/tos-useast8-i-photomode-tx2/343edc4ab12f4a81b8f39ecdaf1b10f4~tplv-photomode-image.jpeg?dr=9616&x-expires=1774407600&x-signature=sY4VUVDl4Ny4Qo6RzRTkp8xvK5w%3D&t=4d5b0474&ps=13740610&shp=81f88b70&shcp=9b759fb9&idc=useast5&ftpl=1"",""downloadLink"":""https://p19-common-sign.tiktokcdn-us.com/tos-useast8-i-photomode-tx2/343edc4ab12f4a81b8f39ecdaf1b10f4~tplv-photomode-image.jpeg?dr=9616&x-expires=1774407600&x-signature=sY4VUVDl4Ny4Qo6RzRTkp8xvK5w%3D&t=4d5b0474&ps=13740610&shp=81f88b70&shcp=9b759fb9&idc=useast5&ftpl=1""},{""tiktokLink"":""https://p19-common-sign.tiktokcdn-us.com/tos-useast8-i-photomode-tx2/490327d0a3c54750acd41fbf49722c9e~tplv-photomode-image.jpeg?dr=9616&x-expires=1774407600&x-signature=YehcGW3JUnxtlZRcTVa%2Fg0s7OqI%3D&t=4d5b0474&ps=13740610&shp=81f88b70&shcp=9b759fb9&idc=useast5&ftpl=1"",""downloadLink"":""https://p19-common-sign.tiktokcdn-us.com/tos-useast8-i-photomode-tx2/490327d0a3c54750acd41fbf49722c9e~tplv-photomode-image.jpeg?dr=9616&x-expires=1774407600&x-signature=YehcGW3JUnxtlZRcTVa%2Fg0s7OqI%3D&t=4d5b0474&ps=13740610&shp=81f88b70&shcp=9b759fb9&idc=useast5&ftpl=1""}]",false,false,[],costarastrology,videos,
7509957020439596318,,un,1748559600,2025-05-29T23:00:00.000Z,false,"{""id"":""7060882549447263279"",""name"":""costarastrology"",""profileUrl"":""https://www.tiktok.com/@costarastrology"",""nickName"":""Co — Star"",""verified"":false,""signature"":""Astrology for real people. From your friends at Co–Star Reality Group."",""bioLink"":""https://apps.apple.com/us/app/co-star-personalized-astrology/id1264782561"",""avatar"":""https://p16-common-sign.tiktokcdn-us.com/tos-useast5-avt-0068-tx/13a04d95ac5d339520c49813eedd0da2~tplv-tiktokx-cropcenter:720:720.jpeg?dr=9640&refresh_token=57c9eb0f&x-expires=1774407600&x-signature=UXAMMpT3Ta8eacTrpKRr6Jkstwg%3D&t=4d5b0474&ps=13740610&shp=a5d48078&shcp=81f88b70&idc=useast5"",""commerceUserInfo"":{""commerceUser"":false},""privateAccount"":false,""roomId"":"""",""ttSeller"":false,""createTime"":1643990595,""following"":0,""friends"":0,""fans"":357500,""heart"":23800000,""video"":381,""digg"":0,""originalAvatarUrl"":""https://p16-common-sign.tiktokcdn-us.com/tos-useast5-avt-0068-tx/13a04d95ac5d339520c49813eedd0da2~tplv-tiktokx-cropcenter:720:720.jpeg?dr=9640&refresh_token=57c9eb0f&x-expires=1774407600&x-signature=UXAMMpT3Ta8eacTrpKRr6Jkstwg%3D&t=4d5b0474&ps=13740610&shp=a5d48078&shcp=81f88b70&idc=useast5""}","{""musicName"":""Running Off"",""musicAuthor"":""Jshxwty"",""musicOriginal"":false,""musicAlbum"":""Running Off"",""playUrl"":""https://sf19.tiktokcdn-us.com/obj/tos-alisg-ve-2774/osF7yLhPJsXlGwAVzemCsUaAAgIfDemw9NvYgQ"",""coverMediumUrl"":""https://p19-common.tiktokcdn-us.com/tos-alisg-v-2774/o4B5ZADY2DWfEAm2ZeDGQ3dEAI2FEtmOBEgCRk~tplv-tiktokx-cropcenter:200:200.jpeg?dr=9584&t=4d5b0474&ps=933b5bde&shp=08d74b56&shcp=81f88b70&idc=useast5"",""musicId"":""7411047115374118913"",""originalCoverMediumUrl"":""https://p19-common.tiktokcdn-us.com/tos-alisg-v-2774/o4B5ZADY2DWfEAm2ZeDGQ3dEAI2FEtmOBEgCRk~tplv-tiktokx-cropcenter:200:200.jpeg?dr=9584&t=4d5b0474&ps=933b5bde&shp=08d74b56&shcp=81f88b70&idc=useast5""}",https://www.tiktok.com/@costarastrology/video/7509957020439596318,"{""height"":1024,""width"":576,""duration"":32,""coverUrl"":""https://p19-common-sign.tiktokcdn-us.com/tos-useast8-p-0068-tx2/o8K7H9dIuEb6CuZii0FAX0BxiTfAABiAAIY4AQ~tplv-tiktokx-origin.image?dr=9636&x-expires=1774407600&x-signature=SMSlv7zOMWE%2B8lCfnTdtWDiLyME%3D&t=4d5b0474&ps=13740610&shp=81f88b70&shcp=43f4a2f9&idc=useast5"",""definition"":""540p"",""format"":""mp4"",""subtitleLinks"":[{""language"":""eng-US"",""downloadLink"":""https://v16m-webapp.tiktokcdn-us.com/e83e55f1fd448048bf84b579df805c69/69c35a29/video/tos/useast8/tos-useast8-v-0068-tx2/dfce850100404333a5a682e159f2b85e/?a=1988&bti=ODszNWYuMDE6&ch=0&cr=3&dr=0&lr=all&cd=0%7C0%7C0%7C&br=15398&bt=7699&ds=4&ft=4KLMeMzm8Zmo0dVsyx4jVvrjdpWrKsd.&mime_type=video_mp4&qs=13&rc=anl4NG85cmtlMzMzaTczNEBpanl4NG85cmtlMzMzaTczNEBqMl9zMmQ0Z3BhLS1kMTJzYSNqMl9zMmQ0Z3BhLS1kMTJzcw%3D%3D&l=20260323034408CC7EBB78130F51010B6B&btag=e00048000"",""source"":""ASR"",""sourceUnabbreviated"":""automatic speech recognition"",""version"":""1:big_caption"",""tiktokLink"":""https://v16m-webapp.tiktokcdn-us.com/e83e55f1fd448048bf84b579df805c69/69c35a29/video/tos/useast8/tos-useast8-v-0068-tx2/dfce850100404333a5a682e159f2b85e/?a=1988&bti=ODszNWYuMDE6&ch=0&cr=3&dr=0&lr=all&cd=0%7C0%7C0%7C&br=15398&bt=7699&ds=4&ft=4KLMeMzm8Zmo0dVsyx4jVvrjdpWrKsd.&mime_type=video_mp4&qs=13&rc=anl4NG85cmtlMzMzaTczNEBpanl4NG85cmtlMzMzaTczNEBqMl9zMmQ0Z3BhLS1kMTJzYSNqMl9zMmQ0Z3BhLS1kMTJzcw%3D%3D&l=20260323034408CC7EBB78130F51010B6B&btag=e00048000""}],""transcriptionLink"":null,""originalCoverUrl"":""https://p19-common-sign.tiktokcdn-us.com/tos-useast8-p-0068-tx2/o8K7H9dIuEb6CuZii0FAX0BxiTfAABiAAIY4AQ~tplv-tiktokx-origin.image?dr=9636&x-expires=1774407600&x-signature=SMSlv7zOMWE%2B8lCfnTdtWDiLyME%3D&t=4d5b0474&ps=13740610&shp=81f88b70&shcp=43f4a2f9&idc=useast5""}",182,4,3324,7,1,0,[],[],[],[],false,,false,false,[],costarastrology,videos,
7507636405779139870,,un,1748307600,2025-05-27T01:00:00.000Z,false,"{""id"":""7060882549447263279"",""name"":""costarastrology"",""profileUrl"":""https://www.tiktok.com/@costarastrology"",""nickName"":""Co — Star"",""verified"":false,""signature"":""Astrology for real people. From your friends at Co–Star Reality Group."",""bioLink"":""https://apps.apple.com/us/app/co-star-personalized-astrology/id1264782561"",""avatar"":""https://p16-common-sign.tiktokcdn-us.com/tos-useast5-avt-0068-tx/13a04d95ac5d339520c49813eedd0da2~tplv-tiktokx-cropcenter:720:720.jpeg?dr=9640&refresh_token=57c9eb0f&x-expires=1774407600&x-signature=UXAMMpT3Ta8eacTrpKRr6Jkstwg%3D&t=4d5b0474&ps=13740610&shp=a5d48078&shcp=81f88b70&idc=useast5"",""commerceUserInfo"":{""commerceUser"":false},""privateAccount"":false,""roomId"":"""",""ttSeller"":false,""createTime"":1643990595,""following"":0,""friends"":0,""fans"":357500,""heart"":23800000,""video"":381,""digg"":0,""originalAvatarUrl"":""https://p16-common-sign.tiktokcdn-us.com/tos-useast5-avt-0068-tx/13a04d95ac5d339520c49813eedd0da2~tplv-tiktokx-cropcenter:720:720.jpeg?dr=9640&refresh_token=57c9eb0f&x-expires=1774407600&x-signature=UXAMMpT3Ta8eacTrpKRr6Jkstwg%3D&t=4d5b0474&ps=13740610&shp=a5d48078&shcp=81f88b70&idc=useast5""}","{""musicName"":""Almost forgot that this was the whole point - Take my Hand Instrumental"",""musicAuthor"":""AntonioVivald"",""musicOriginal"":false,""musicAlbum"":""Almost forgot that this was the whole point - Take my Hand Instrumental"",""playUrl"":""https://sf19.tiktokcdn-us.com/obj/tos-alisg-ve-2774/o8qBNQo0dBZCETJtFACooQYDQg0QEeMBgcfSBn"",""coverMediumUrl"":""https://p16-common.tiktokcdn-us.com/tos-alisg-v-2774/o8yPlAAF0AAo57SOA0iiw8BsWhBs6lAEErfyox~tplv-tiktokx-cropcenter:200:200.jpeg?dr=9584&t=4d5b0474&ps=933b5bde&shp=08d74b56&shcp=81f88b70&idc=useast5"",""musicId"":""7498488534715336720"",""originalCoverMediumUrl"":""https://p16-common.tiktokcdn-us.com/tos-alisg-v-2774/o8yPlAAF0AAo57SOA0iiw8BsWhBs6lAEErfyox~tplv-tiktokx-cropcenter:200:200.jpeg?dr=9584&t=4d5b0474&ps=933b5bde&shp=08d74b56&shcp=81f88b70&idc=useast5""}",https://www.tiktok.com/@costarastrology/video/7507636405779139870,"{""height"":1024,""width"":576,""duration"":44,""coverUrl"":""https://p16-common-sign.tiktokcdn-us.com/tos-useast8-p-0068-tx2/owJr9QAB8AEeAeMVI1DgdSQAyWjTPYgAsqQIIe~tplv-tiktokx-origin.image?dr=9636&x-expires=1774407600&x-signature=sDccdKGIhkUq3mDRazYGQQOwuR4%3D&t=4d5b0474&ps=13740610&shp=81f88b70&shcp=43f4a2f9&idc=useast5"",""definition"":""540p"",""format"":""mp4"",""subtitleLinks"":[{""language"":""eng-US"",""downloadLink"":""https://v16m-webapp.tiktokcdn-us.com/eaec61294c983b1d4fcb5d0077c0a0a6/69c35a35/video/tos/useast8/tos-useast8-v-0068-tx2/81b3f341dc61471fac1bf14e64a149f2/?a=1988&bti=ODszNWYuMDE6&ch=0&cr=3&dr=0&lr=all&cd=0%7C0%7C0%7C&br=12070&bt=6035&ds=4&ft=4KLMeMzm8Zmo0dVsyx4jVvrjdpWrKsd.&mime_type=video_mp4&qs=13&rc=am5ya245cjU6MzMzaTczNEBpam5ya245cjU6MzMzaTczNEBra2xtMmQ0a2xhLS1kMTJzYSNra2xtMmQ0a2xhLS1kMTJzcw%3D%3D&l=20260323034408CC7EBB78130F51010B6B&btag=e00048000"",""source"":""ASR"",""sourceUnabbreviated"":""automatic speech recognition"",""version"":""1:big_caption"",""tiktokLink"":""https://v16m-webapp.tiktokcdn-us.com/eaec61294c983b1d4fcb5d0077c0a0a6/69c35a35/video/tos/useast8/tos-useast8-v-0068-tx2/81b3f341dc61471fac1bf14e64a149f2/?a=1988&bti=ODszNWYuMDE6&ch=0&cr=3&dr=0&lr=all&cd=0%7C0%7C0%7C&br=12070&bt=6035&ds=4&ft=4KLMeMzm8Zmo0dVsyx4jVvrjdpWrKsd.&mime_type=video_mp4&qs=13&rc=am5ya245cjU6MzMzaTczNEBpam5ya245cjU6MzMzaTczNEBra2xtMmQ0a2xhLS1kMTJzYSNra2xtMmQ0a2xhLS1kMTJzcw%3D%3D&l=20260323034408CC7EBB78130F51010B6B&btag=e00048000""}],""transcriptionLink"":null,""originalCoverUrl"":""https://p16-common-sign.tiktokcdn-us.com/tos-useast8-p-0068-tx2/owJr9QAB8AEeAeMVI1DgdSQAyWjTPYgAsqQIIe~tplv-tiktokx-origin.image?dr=9636&x-expires=1774407600&x-signature=sDccdKGIhkUq3mDRazYGQQOwuR4%3D&t=4d5b0474&ps=13740610&shp=81f88b70&shcp=43f4a2f9&idc=useast5""}",307,15,3691,9,3,0,[],[],[],[],false,,false,false,[],costarastrology,videos,
7507636210496556319,,un,1748037600,2025-05-23T22:00:00.000Z,false,"{""id"":""7060882549447263279"",""name"":""costarastrology"",""profileUrl"":""https://www.tiktok.com/@costarastrology"",""nickName"":""Co — Star"",""verified"":false,""signature"":""Astrology for real people. From your friends at Co–Star Reality Group."",""bioLink"":""https://apps.apple.com/us/app/co-star-personalized-astrology/id1264782561"",""avatar"":""https://p16-common-sign.tiktokcdn-us.com/tos-useast5-avt-0068-tx/13a04d95ac5d339520c49813eedd0da2~tplv-tiktokx-cropcenter:720:720.jpeg?dr=9640&refresh_token=57c9eb0f&x-expires=1774407600&x-signature=UXAMMpT3Ta8eacTrpKRr6Jkstwg%3D&t=4d5b0474&ps=13740610&shp=a5d48078&shcp=81f88b70&idc=useast5"",""commerceUserInfo"":{""commerceUser"":false},""privateAccount"":false,""roomId"":"""",""ttSeller"":false,""createTime"":1643990595,""following"":0,""friends"":0,""fans"":357500,""heart"":23800000,""video"":381,""digg"":0,""originalAvatarUrl"":""https://p16-common-sign.tiktokcdn-us.com/tos-useast5-avt-0068-tx/13a04d95ac5d339520c49813eedd0da2~tplv-tiktokx-cropcenter:720:720.jpeg?dr=9640&refresh_token=57c9eb0f&x-expires=1774407600&x-signature=UXAMMpT3Ta8eacTrpKRr6Jkstwg%3D&t=4d5b0474&ps=13740610&shp=a5d48078&shcp=81f88b70&idc=useast5""}","{""musicName"":""Black Lipstick"",""musicAuthor"":""Chicano Batman"",""musicOriginal"":false,""musicAlbum"":""Black Lipstick"",""playUrl"":""https://sf16.tiktokcdn-us.com/obj/tos-alisg-ve-2774/b23953f9060c4842a67385dff5dd5228"",""coverMediumUrl"":""https://p16-common.tiktokcdn-us.com/tos-alisg-v-2774/d2a4e17e6bd24391a387a2ede75536aa~tplv-tiktokx-cropcenter:200:200.jpeg?dr=9584&t=4d5b0474&ps=933b5bde&shp=08d74b56&shcp=81f88b70&idc=useast5"",""musicId"":""6786565460243515393"",""originalCoverMediumUrl"":""https://p16-common.tiktokcdn-us.com/tos-alisg-v-2774/d2a4e17e6bd24391a387a2ede75536aa~tplv-tiktokx-cropcenter:200:200.jpeg?dr=9584&t=4d5b0474&ps=933b5bde&shp=08d74b56&shcp=81f88b70&idc=useast5""}",https://www.tiktok.com/@costarastrology/video/7507636210496556319,"{""height"":1024,""width"":576,""duration"":52,""coverUrl"":""https://p16-common-sign.tiktokcdn-us.com/tos-useast8-p-0068-tx2/ooBI8e63IdqIqrYEegkGeIkjbzALAAPAAQXQQn~tplv-tiktokx-origin.image?dr=9636&x-expires=1774407600&x-signature=vQP4myNFnzeaDBHUMRWxhuJcSUc%3D&t=4d5b0474&ps=13740610&shp=81f88b70&shcp=43f4a2f9&idc=useast5"",""definition"":""540p"",""format"":""mp4"",""subtitleLinks"":[{""language"":""eng-US"",""downloadLink"":""https://v16m-webapp.tiktokcdn-us.com/e7155d3f813900272ed6aec5f52c64fc/69c35a3d/video/tos/useast8/tos-useast8-v-0068-tx2/78cac8a2efc64b25b5d3c177e8892b46/?a=1988&bti=ODszNWYuMDE6&ch=0&cr=3&dr=0&lr=all&cd=0%7C0%7C0%7C&br=15272&bt=7636&ds=4&ft=4KLMeMzm8Zmo0dVsyx4jVvrjdpWrKsd.&mime_type=video_mp4&qs=13&rc=anlyeXc5cjo6MzMzaTczNEBpanlyeXc5cjo6MzMzaTczNEByMWtkMmRramxhLS1kMTJzYSNyMWtkMmRramxhLS1kMTJzcw%3D%3D&l=20260323034408CC7EBB78130F51010B6B&btag=e00048000"",""source"":""ASR"",""sourceUnabbreviated"":""automatic speech recognition"",""version"":""1:big_caption"",""tiktokLink"":""https://v16m-webapp.tiktokcdn-us.com/e7155d3f813900272ed6aec5f52c64fc/69c35a3d/video/tos/useast8/tos-useast8-v-0068-tx2/78cac8a2efc64b25b5d3c177e8892b46/?a=1988&bti=ODszNWYuMDE6&ch=0&cr=3&dr=0&lr=all&cd=0%7C0%7C0%7C&br=15272&bt=7636&ds=4&ft=4KLMeMzm8Zmo0dVsyx4jVvrjdpWrKsd.&mime_type=video_mp4&qs=13&rc=anlyeXc5cjo6MzMzaTczNEBpanlyeXc5cjo6MzMzaTczNEByMWtkMmRramxhLS1kMTJzYSNyMWtkMmRramxhLS1kMTJzcw%3D%3D&l=20260323034408CC7EBB78130F51010B6B&btag=e00048000""}],""transcriptionLink"":null,""originalCoverUrl"":""https://p16-common-sign.tiktokcdn-us.com/tos-useast8-p-0068-tx2/ooBI8e63IdqIqrYEegkGeIkjbzALAAPAAQXQQn~tplv-tiktokx-origin.image?dr=9636&x-expires=1774407600&x-signature=vQP4myNFnzeaDBHUMRWxhuJcSUc%3D&t=4d5b0474&ps=13740610&shp=81f88b70&shcp=43f4a2f9&idc=useast5""}",137,1,3139,2,3,0,[],[],[],[],false,,false,false,[],costarastrology,videos,
7506611749001399582,,un,1747962000,2025-05-23T01:00:00.000Z,false,"{""id"":""7060882549447263279"",""name"":""costarastrology"",""profileUrl"":""https://www.tiktok.com/@costarastrology"",""nickName"":""Co — Star"",""verified"":false,""signature"":""Astrology for real people. From your friends at Co–Star Reality Group."",""bioLink"":""https://apps.apple.com/us/app/co-star-personalized-astrology/id1264782561"",""avatar"":""https://p16-common-sign.tiktokcdn-us.com/tos-useast5-avt-0068-tx/13a04d95ac5d339520c49813eedd0da2~tplv-tiktokx-cropcenter:720:720.jpeg?dr=9640&refresh_token=57c9eb0f&x-expires=1774407600&x-signature=UXAMMpT3Ta8eacTrpKRr6Jkstwg%3D&t=4d5b0474&ps=13740610&shp=a5d48078&shcp=81f88b70&idc=useast5"",""commerceUserInfo"":{""commerceUser"":false},""privateAccount"":false,""roomId"":"""",""ttSeller"":false,""createTime"":1643990595,""following"":0,""friends"":0,""fans"":357500,""heart"":23800000,""video"":381,""digg"":0,""originalAvatarUrl"":""https://p16-common-sign.tiktokcdn-us.com/tos-useast5-avt-0068-tx/13a04d95ac5d339520c49813eedd0da2~tplv-tiktokx-cropcenter:720:720.jpeg?dr=9640&refresh_token=57c9eb0f&x-expires=1774407600&x-signature=UXAMMpT3Ta8eacTrpKRr6Jkstwg%3D&t=4d5b0474&ps=13740610&shp=a5d48078&shcp=81f88b70&idc=useast5""}","{""musicName"":""original sound - Co — Star"",""musicAuthor"":""Co — Star"",""musicOriginal"":false,""playUrl"":""https://v19.tiktokcdn-us.com/fca0aac4d00432c38f6ffeb671d6b783/69c10b92/video/tos/useast8/tos-useast8-v-27dcd7-tx2/o0EasC1AivnizoBEA5RsRClAXAmaAuFZu7KAV/?a=1233&bti=ODszNWYuMDE6&ch=0&cr=0&dr=0&er=0&lr=default&cd=0%7C0%7C0%7C0&br=250&bt=125&ds=5&ft=GSDrKInz7Thv8N-PXq8Zmo&mime_type=audio_mpeg&qs=13&rc=Mzk3OXM5cmhnMzMzaTU8NEBpMzk3OXM5cmhnMzMzaTU8NEBqaV5hMmRrY2phLS1kMTJzYSNqaV5hMmRrY2phLS1kMTJzcw%3D%3D&vvpl=1&l=20260323034408CC7EBB78130F51010B6B&btag=e00048000"",""coverMediumUrl"":""https://p16-common.tiktokcdn-us.com/tos-useast5-avt-0068-tx/13a04d95ac5d339520c49813eedd0da2~tplv-tiktokx-cropcenter:200:200.jpeg?dr=9584&t=4d5b0474&ps=933b5bde&shp=08d74b56&shcp=81f88b70&idc=useast5"",""musicId"":""7506611713937902367"",""originalCoverMediumUrl"":""https://p16-common.tiktokcdn-us.com/tos-useast5-avt-0068-tx/13a04d95ac5d339520c49813eedd0da2~tplv-tiktokx-cropcenter:200:200.jpeg?dr=9584&t=4d5b0474&ps=933b5bde&shp=08d74b56&shcp=81f88b70&idc=useast5""}",https://www.tiktok.com/@costarastrology/video/7506611749001399582,"{""height"":1024,""width"":576,""duration"":41,""coverUrl"":""https://p16-common-sign.tiktokcdn-us.com/tos-useast8-p-0068-tx2/o0qG5ADAIAjAI7LAQaHAx1aee9EjEtIWsEIPvf~tplv-tiktokx-origin.image?dr=9636&x-expires=1774407600&x-signature=LRKfILeTCpgdUgUytikn4olMv2s%3D&t=4d5b0474&ps=13740610&shp=81f88b70&shcp=43f4a2f9&idc=useast5"",""definition"":""540p"",""format"":""mp4"",""subtitleLinks"":[{""language"":""eng-US"",""downloadLink"":""https://v16m-webapp.tiktokcdn-us.com/ac79ed8e1372b5edfa263383ab0005db/69c35a32/video/tos/useast8/tos-useast8-v-0068-tx2/a6bcfe36c3a24ad4b91d21ee517c9685/?a=1988&bti=ODszNWYuMDE6&ch=0&cr=3&dr=0&lr=all&cd=0%7C0%7C0%7C&br=11524&bt=5762&cs=0&ds=4&ft=4KLMeMzm8Zmo0dVsyx4jVvrjdpWrKsd.&mime_type=video_mp4&qs=13&rc=ams7dXQ5cnRnMzMzaTczNEBpams7dXQ5cnRnMzMzaTczNEAvLWZnMmQ0YmphLS1kMTJzYSMvLWZnMmQ0YmphLS1kMTJzcw%3D%3D&l=20260323034408CC7EBB78130F51010B6B&btag=e00048000"",""source"":""ASR"",""sourceUnabbreviated"":""automatic speech recognition"",""version"":""1:big_caption"",""tiktokLink"":""https://v16m-webapp.tiktokcdn-us.com/ac79ed8e1372b5edfa263383ab0005db/69c35a32/video/tos/useast8/tos-useast8-v-0068-tx2/a6bcfe36c3a24ad4b91d21ee517c9685/?a=1988&bti=ODszNWYuMDE6&ch=0&cr=3&dr=0&lr=all&cd=0%7C0%7C0%7C&br=11524&bt=5762&cs=0&ds=4&ft=4KLMeMzm8Zmo0dVsyx4jVvrjdpWrKsd.&mime_type=video_mp4&qs=13&rc=ams7dXQ5cnRnMzMzaTczNEBpams7dXQ5cnRnMzMzaTczNEAvLWZnMmQ0YmphLS1kMTJzYSMvLWZnMmQ0YmphLS1kMTJzcw%3D%3D&l=20260323034408CC7EBB78130F51010B6B&btag=e00048000""}],""transcriptionLink"":null,""originalCoverUrl"":""https://p16-common-sign.tiktokcdn-us.com/tos-useast8-p-0068-tx2/o0qG5ADAIAjAI7LAQaHAx1aee9EjEtIWsEIPvf~tplv-tiktokx-origin.image?dr=9636&x-expires=1774407600&x-signature=LRKfILeTCpgdUgUytikn4olMv2s%3D&t=4d5b0474&ps=13740610&shp=81f88b70&shcp=43f4a2f9&idc=useast5""}",2423,214,24600,183,15,0,[],[],[],[],false,,false,false,[],costarastrology,videos,
7506611185408609567,,un,1747877400,2025-05-22T01:30:00.000Z,false,"{""id"":""7060882549447263279"",""name"":""costarastrology"",""profileUrl"":""https://www.tiktok.com/@costarastrology"",""nickName"":""Co — Star"",""verified"":false,""signature"":""Astrology for real people. From your friends at Co–Star Reality Group."",""bioLink"":""https://apps.apple.com/us/app/co-star-personalized-astrology/id1264782561"",""avatar"":""https://p16-common-sign.tiktokcdn-us.com/tos-useast5-avt-0068-tx/13a04d95ac5d339520c49813eedd0da2~tplv-tiktokx-cropcenter:720:720.jpeg?dr=9640&refresh_token=57c9eb0f&x-expires=1774407600&x-signature=UXAMMpT3Ta8eacTrpKRr6Jkstwg%3D&t=4d5b0474&ps=13740610&shp=a5d48078&shcp=81f88b70&idc=useast5"",""commerceUserInfo"":{""commerceUser"":false},""privateAccount"":false,""roomId"":"""",""ttSeller"":false,""createTime"":1643990595,""following"":0,""friends"":0,""fans"":357500,""heart"":23800000,""video"":381,""digg"":0,""originalAvatarUrl"":""https://p16-common-sign.tiktokcdn-us.com/tos-useast5-avt-0068-tx/13a04d95ac5d339520c49813eedd0da2~tplv-tiktokx-cropcenter:720:720.jpeg?dr=9640&refresh_token=57c9eb0f&x-expires=1774407600&x-signature=UXAMMpT3Ta8eacTrpKRr6Jkstwg%3D&t=4d5b0474&ps=13740610&shp=a5d48078&shcp=81f88b70&idc=useast5""}","{""musicName"":""original sound - Co — Star"",""musicAuthor"":""Co — Star"",""musicOriginal"":false,""playUrl"":""https://v19.tiktokcdn-us.com/4df65c26d02a2ba4aadcf175f718ecc4/69c10b90/video/tos/useast8/tos-useast8-v-27dcd7-tx2/oYEasC1AiPrizhBEA9WJRClAXAjiAOActzhAV/?a=1233&bti=ODszNWYuMDE6&ch=0&cr=0&dr=0&er=0&lr=default&cd=0%7C0%7C0%7C0&br=250&bt=125&ds=5&ft=GSDrKInz7Thv8N-PXq8Zmo&mime_type=audio_mpeg&qs=13&rc=ajZ0Onc5cmhnMzMzaTU8NEBpajZ0Onc5cmhnMzMzaTU8NEAxMC9lMmQ0YmphLS1kMTJzYSMxMC9lMmQ0YmphLS1kMTJzcw%3D%3D&vvpl=1&l=20260323034408CC7EBB78130F51010B6B&btag=e00048000"",""coverMediumUrl"":""https://p16-common.tiktokcdn-us.com/tos-useast5-avt-0068-tx/13a04d95ac5d339520c49813eedd0da2~tplv-tiktokx-cropcenter:200:200.jpeg?dr=9584&t=4d5b0474&ps=933b5bde&shp=08d74b56&shcp=81f88b70&idc=useast5"",""musicId"":""7506611205629430559"",""originalCoverMediumUrl"":""https://p16-common.tiktokcdn-us.com/tos-useast5-avt-0068-tx/13a04d95ac5d339520c49813eedd0da2~tplv-tiktokx-cropcenter:200:200.jpeg?dr=9584&t=4d5b0474&ps=933b5bde&shp=08d74b56&shcp=81f88b70&idc=useast5""}",https://www.tiktok.com/@costarastrology/video/7506611185408609567,"{""height"":1024,""width"":576,""duration"":39,""coverUrl"":""https://p16-common-sign.tiktokcdn-us.com/tos-useast8-p-0068-tx2/ogAlX3BSCAEUzi4sCIGwpABINE1NqRAAziAPa~tplv-tiktokx-origin.image?dr=9636&x-expires=1774407600&x-signature=8VYXiPduM8QfxrQLTKCGZzDtwu8%3D&t=4d5b0474&ps=13740610&shp=81f88b70&shcp=43f4a2f9&idc=useast5"",""definition"":""540p"",""format"":""mp4"",""subtitleLinks"":[{""language"":""eng-US"",""downloadLink"":""https://v16m-webapp.tiktokcdn-us.com/617a37340bc77a53d085e79badf602aa/69c35a30/video/tos/useast8/tos-useast8-v-0068-tx2/19de7328372d4a24ab0b6b88e7bda93c/?a=1988&bti=ODszNWYuMDE6&ch=0&cr=3&dr=0&lr=all&cd=0%7C0%7C0%7C&br=11500&bt=5750&cs=0&ds=4&ft=4KLMeMzm8Zmo0dVsyx4jVvrjdpWrKsd.&mime_type=video_mp4&qs=13&rc=Mzd4d2s5cnBnMzMzaTczNEBpMzd4d2s5cnBnMzMzaTczNEBpa2pyMmQ0XmphLS1kMTJzYSNpa2pyMmQ0XmphLS1kMTJzcw%3D%3D&l=20260323034408CC7EBB78130F51010B6B&btag=e00048000"",""source"":""ASR"",""sourceUnabbreviated"":""automatic speech recognition"",""version"":""1:big_caption"",""tiktokLink"":""https://v16m-webapp.tiktokcdn-us.com/617a37340bc77a53d085e79badf602aa/69c35a30/video/tos/useast8/tos-useast8-v-0068-tx2/19de7328372d4a24ab0b6b88e7bda93c/?a=1988&bti=ODszNWYuMDE6&ch=0&cr=3&dr=0&lr=all&cd=0%7C0%7C0%7C&br=11500&bt=5750&cs=0&ds=4&ft=4KLMeMzm8Zmo0dVsyx4jVvrjdpWrKsd.&mime_type=video_mp4&qs=13&rc=Mzd4d2s5cnBnMzMzaTczNEBpMzd4d2s5cnBnMzMzaTczNEBpa2pyMmQ0XmphLS1kMTJzYSNpa2pyMmQ0XmphLS1kMTJzcw%3D%3D&l=20260323034408CC7EBB78130F51010B6B&btag=e00048000""}],""transcriptionLink"":null,""originalCoverUrl"":""https://p16-common-sign.tiktokcdn-us.com/tos-useast8-p-0068-tx2/ogAlX3BSCAEUzi4sCIGwpABINE1NqRAAziAPa~tplv-tiktokx-origin.image?dr=9636&x-expires=1774407600&x-signature=8VYXiPduM8QfxrQLTKCGZzDtwu8%3D&t=4d5b0474&ps=13740610&shp=81f88b70&shcp=43f4a2f9&idc=useast5""}",68,0,2168,1,0,0,[],[],[],[],false,,false,false,[],costarastrology,videos,
7506606909269511455,,un,1747791000,2025-05-21T01:30:00.000Z,false,"{""id"":""7060882549447263279"",""name"":""costarastrology"",""profileUrl"":""https://www.tiktok.com/@costarastrology"",""nickName"":""Co — Star"",""verified"":false,""signature"":""Astrology for real people. From your friends at Co–Star Reality Group."",""bioLink"":""https://apps.apple.com/us/app/co-star-personalized-astrology/id1264782561"",""avatar"":""https://p16-common-sign.tiktokcdn-us.com/tos-useast5-avt-0068-tx/13a04d95ac5d339520c49813eedd0da2~tplv-tiktokx-cropcenter:720:720.jpeg?dr=9640&refresh_token=57c9eb0f&x-expires=1774407600&x-signature=UXAMMpT3Ta8eacTrpKRr6Jkstwg%3D&t=4d5b0474&ps=13740610&shp=a5d48078&shcp=81f88b70&idc=useast5"",""commerceUserInfo"":{""commerceUser"":false},""privateAccount"":false,""roomId"":"""",""ttSeller"":false,""createTime"":1643990595,""following"":0,""friends"":0,""fans"":357500,""heart"":23800000,""video"":381,""digg"":0,""originalAvatarUrl"":""https://p16-common-sign.tiktokcdn-us.com/tos-useast5-avt-0068-tx/13a04d95ac5d339520c49813eedd0da2~tplv-tiktokx-cropcenter:720:720.jpeg?dr=9640&refresh_token=57c9eb0f&x-expires=1774407600&x-signature=UXAMMpT3Ta8eacTrpKRr6Jkstwg%3D&t=4d5b0474&ps=13740610&shp=a5d48078&shcp=81f88b70&idc=useast5""}","{""musicName"":""original sound - Co — Star"",""musicAuthor"":""Co — Star"",""musicOriginal"":false,""playUrl"":""https://v19.tiktokcdn-us.com/6555b77b0bd26ee3d3cd90175f5c4401/69c10b95/video/tos/useast8/tos-useast8-v-27dcd7-tx2/o0ezZmpEIACIANAzEeGmqQIqWIAaIpThaLeoBo/?a=1233&bti=ODszNWYuMDE6&ch=0&cr=0&dr=0&er=0&lr=default&cd=0%7C0%7C0%7C0&br=250&bt=125&ds=5&ft=GSDrKInz7Thv8N-PXq8Zmo&mime_type=audio_mpeg&qs=13&rc=anNtaGs5cm9nMzMzaTU8NEBpanNtaGs5cm9nMzMzaTU8NEBrM2UzMmQ0M2phLS1kMTJzYSNrM2UzMmQ0M2phLS1kMTJzcw%3D%3D&vvpl=1&l=20260323034408CC7EBB78130F51010B6B&btag=e00048000"",""coverMediumUrl"":""https://p16-common.tiktokcdn-us.com/tos-useast5-avt-0068-tx/13a04d95ac5d339520c49813eedd0da2~tplv-tiktokx-cropcenter:200:200.jpeg?dr=9584&t=4d5b0474&ps=933b5bde&shp=08d74b56&shcp=81f88b70&idc=useast5"",""musicId"":""7506606892181998366"",""originalCoverMediumUrl"":""https://p16-common.tiktokcdn-us.com/tos-useast5-avt-0068-tx/13a04d95ac5d339520c49813eedd0da2~tplv-tiktokx-cropcenter:200:200.jpeg?dr=9584&t=4d5b0474&ps=933b5bde&shp=08d74b56&shcp=81f88b70&idc=useast5""}",https://www.tiktok.com/@costarastrology/video/7506606909269511455,"{""height"":1024,""width"":576,""duration"":44,""coverUrl"":""https://p16-common-sign.tiktokcdn-us.com/tos-useast8-p-0068-tx2/oEe0sAHSaqA5YIIQAWLeIEAlu0tAaOEcjAGfId~tplv-tiktokx-origin.image?dr=9636&x-expires=1774407600&x-signature=lV3DA2rUSTqTUCBPmADBdzar7FE%3D&t=4d5b0474&ps=13740610&shp=81f88b70&shcp=43f4a2f9&idc=useast5"",""definition"":""540p"",""format"":""mp4"",""subtitleLinks"":[{""language"":""eng-US"",""downloadLink"":""https://v16m-webapp.tiktokcdn-us.com/51446182de9262cc2be25deec52282fe/69c35a35/video/tos/useast8/tos-useast8-v-0068-tx2/3ef00179b6b749469667dcdc85203b96/?a=1988&bti=ODszNWYuMDE6&ch=0&cr=3&dr=0&lr=all&cd=0%7C0%7C0%7C&br=30426&bt=15213&cs=0&ds=4&ft=4KLMeMzm8Zmo0dVsyx4jVvrjdpWrKsd.&mime_type=video_mp4&qs=13&rc=ajs4aGo5cm9nMzMzaTczNEBpajs4aGo5cm9nMzMzaTczNEBeMjZsMmRrMWphLS1kMTJzYSNeMjZsMmRrMWphLS1kMTJzcw%3D%3D&l=20260323034408CC7EBB78130F51010B6B&btag=e00048000"",""source"":""ASR"",""sourceUnabbreviated"":""automatic speech recognition"",""version"":""1:big_caption"",""tiktokLink"":""https://v16m-webapp.tiktokcdn-us.com/51446182de9262cc2be25deec52282fe/69c35a35/video/tos/useast8/tos-useast8-v-0068-tx2/3ef00179b6b749469667dcdc85203b96/?a=1988&bti=ODszNWYuMDE6&ch=0&cr=3&dr=0&lr=all&cd=0%7C0%7C0%7C&br=30426&bt=15213&cs=0&ds=4&ft=4KLMeMzm8Zmo0dVsyx4jVvrjdpWrKsd.&mime_type=video_mp4&qs=13&rc=ajs4aGo5cm9nMzMzaTczNEBpajs4aGo5cm9nMzMzaTczNEBeMjZsMmRrMWphLS1kMTJzYSNeMjZsMmRrMWphLS1kMTJzcw%3D%3D&l=20260323034408CC7EBB78130F51010B6B&btag=e00048000""}],""transcriptionLink"":null,""originalCoverUrl"":""https://p16-common-sign.tiktokcdn-us.com/tos-useast8-p-0068-tx2/oEe0sAHSaqA5YIIQAWLeIEAlu0tAaOEcjAGfId~tplv-tiktokx-origin.image?dr=9636&x-expires=1774407600&x-signature=lV3DA2rUSTqTUCBPmADBdzar7FE%3D&t=4d5b0474&ps=13740610&shp=81f88b70&shcp=43f4a2f9&idc=useast5""}",1207,5,21200,51,8,0,[],[],[],[],false,,false,false,[],costarastrology,videos,
7503657359894433054,,un,1747081402,2025-05-12T20:23:22.000Z,false,"{""id"":""7060882549447263279"",""name"":""costarastrology"",""profileUrl"":""https://www.tiktok.com/@costarastrology"",""nickName"":""Co — Star"",""verified"":false,""signature"":""Astrology for real people. From your friends at Co–Star Reality Group."",""bioLink"":""https://apps.apple.com/us/app/co-star-personalized-astrology/id1264782561"",""avatar"":""https://p16-common-sign.tiktokcdn-us.com/tos-useast5-avt-0068-tx/13a04d95ac5d339520c49813eedd0da2~tplv-tiktokx-cropcenter:720:720.jpeg?dr=9640&refresh_token=57c9eb0f&x-expires=1774407600&x-signature=UXAMMpT3Ta8eacTrpKRr6Jkstwg%3D&t=4d5b0474&ps=13740610&shp=a5d48078&shcp=81f88b70&idc=useast5"",""commerceUserInfo"":{""commerceUser"":false},""privateAccount"":false,""roomId"":"""",""ttSeller"":false,""createTime"":1643990595,""following"":0,""friends"":0,""fans"":357500,""heart"":23800000,""video"":381,""digg"":0,""originalAvatarUrl"":""https://p16-common-sign.tiktokcdn-us.com/tos-useast5-avt-0068-tx/13a04d95ac5d339520c49813eedd0da2~tplv-tiktokx-cropcenter:720:720.jpeg?dr=9640&refresh_token=57c9eb0f&x-expires=1774407600&x-signature=UXAMMpT3Ta8eacTrpKRr6Jkstwg%3D&t=4d5b0474&ps=13740610&shp=a5d48078&shcp=81f88b70&idc=useast5""}","{""musicName"":""original sound"",""musicAuthor"":""Blurry Face Films"",""musicOriginal"":true,""playUrl"":""https://v19.tiktokcdn-us.com/5fe728f1be9139bcaa8413ed199021a6/69c10b7d/video/tos/useast5/tos-useast5-ve-27dcd7c799-tx/oUgLaoCKQ1TgeK3T2eRQLYjzLxGSeGg2rJIAED/?a=1233&bti=ODszNWYuMDE6&ch=0&cr=0&dr=0&er=0&lr=default&cd=0%7C0%7C0%7C0&br=250&bt=125&ft=GSDrKInz7Thv8N-PXq8Zmo&mime_type=audio_mpeg&qs=6&rc=NGY2ZWY3OjQ0PDM6NWZmN0Bpamo5Nm45cmxrcTMzODU8NEAzYV42NV9iNTMxNGBiNV9fYSMzXm9eMmRjZl9gLS1kMS1zcw%3D%3D&vvpl=1&l=20260323034408CC7EBB78130F51010B6B&btag=e000b8000"",""coverMediumUrl"":""https://p19-common-sign.tiktokcdn-us.com/tos-alisg-avt-0068/f798f8e7c6895b4fefb81915ad05d850~tplv-tiktokx-cropcenter:720:720.jpeg?dr=9640&refresh_token=00375af9&x-expires=1774407600&x-signature=KtfJ1vRBr4wE9YWPDwJWkfqbICM%3D&t=4d5b0474&ps=13740610&shp=a5d48078&shcp=81f88b70&idc=useast5"",""musicId"":""7338361942392048385"",""originalCoverMediumUrl"":""https://p19-common-sign.tiktokcdn-us.com/tos-alisg-avt-0068/f798f8e7c6895b4fefb81915ad05d850~tplv-tiktokx-cropcenter:720:720.jpeg?dr=9640&refresh_token=00375af9&x-expires=1774407600&x-signature=KtfJ1vRBr4wE9YWPDwJWkfqbICM%3D&t=4d5b0474&ps=13740610&shp=a5d48078&shcp=81f88b70&idc=useast5""}",https://www.tiktok.com/@costarastrology/video/7503657359894433054,"{""height"":0,""width"":0,""duration"":0,""coverUrl"":""https://p16-common-sign.tiktokcdn-us.com/tos-useast8-i-photomode-tx2/c6da582c13b448bab2b638cf675984ec~tplv-photomode-image.jpeg?dr=9616&x-expires=1774407600&x-signature=Dx%2FHDyBHI8EgPkBddfdyrHYDwLI%3D&t=4d5b0474&ps=13740610&shp=81f88b70&shcp=9b759fb9&idc=useast5&ftpl=1"",""transcriptionLink"":null,""originalCoverUrl"":""https://p16-common-sign.tiktokcdn-us.com/tos-useast8-i-photomode-tx2/c6da582c13b448bab2b638cf675984ec~tplv-photomode-image.jpeg?dr=9616&x-expires=1774407600&x-signature=Dx%2FHDyBHI8EgPkBddfdyrHYDwLI%3D&t=4d5b0474&ps=13740610&shp=81f88b70&shcp=9b759fb9&idc=useast5&ftpl=1""}",779,82,13000,114,108,0,[],[],[],[],true,"[{""tiktokLink"":""https://p16-common-sign.tiktokcdn-us.com/tos-useast8-i-photomode-tx2/c6da582c13b448bab2b638cf675984ec~tplv-photomode-image.jpeg?dr=9616&x-expires=1774407600&x-signature=Dx%2FHDyBHI8EgPkBddfdyrHYDwLI%3D&t=4d5b0474&ps=13740610&shp=81f88b70&shcp=9b759fb9&idc=useast5&ftpl=1"",""downloadLink"":""https://p16-common-sign.tiktokcdn-us.com/tos-useast8-i-photomode-tx2/c6da582c13b448bab2b638cf675984ec~tplv-photomode-image.jpeg?dr=9616&x-expires=1774407600&x-signature=Dx%2FHDyBHI8EgPkBddfdyrHYDwLI%3D&t=4d5b0474&ps=13740610&shp=81f88b70&shcp=9b759fb9&idc=useast5&ftpl=1""},{""tiktokLink"":""https://p16-common-sign.tiktokcdn-us.com/tos-useast8-i-photomode-tx2/f94050cf53bd42a2bc5abab9ac6137e1~tplv-photomode-image.jpeg?dr=9616&x-expires=1774407600&x-signature=HkbW6NEQ8Y58t2qEtETnLAjvk4E%3D&t=4d5b0474&ps=13740610&shp=81f88b70&shcp=9b759fb9&idc=useast5&ftpl=1"",""downloadLink"":""https://p16-common-sign.tiktokcdn-us.com/tos-useast8-i-photomode-tx2/f94050cf53bd42a2bc5abab9ac6137e1~tplv-photomode-image.jpeg?dr=9616&x-expires=1774407600&x-signature=HkbW6NEQ8Y58t2qEtETnLAjvk4E%3D&t=4d5b0474&ps=13740610&shp=81f88b70&shcp=9b759fb9&idc=useast5&ftpl=1""},{""tiktokLink"":""https://p16-common-sign.tiktokcdn-us.com/tos-useast8-i-photomode-tx2/4fe8f56c3c6d4fca8df45c138fa4ac78~tplv-photomode-image.jpeg?dr=9616&x-expires=1774407600&x-signature=A5YwOVTe9sysgAChWN2JrQ1c8Kc%3D&t=4d5b0474&ps=13740610&shp=81f88b70&shcp=9b759fb9&idc=useast5&ftpl=1"",""downloadLink"":""https://p16-common-sign.tiktokcdn-us.com/tos-useast8-i-photomode-tx2/4fe8f56c3c6d4fca8df45c138fa4ac78~tplv-photomode-image.jpeg?dr=9616&x-expires=1774407600&x-signature=A5YwOVTe9sysgAChWN2JrQ1c8Kc%3D&t=4d5b0474&ps=13740610&shp=81f88b70&shcp=9b759fb9&idc=useast5&ftpl=1""},{""tiktokLink"":""https://p19-common-sign.tiktokcdn-us.com/tos-useast8-i-photomode-tx2/ac009f184b9f46ceab1da96533856f90~tplv-photomode-image.jpeg?dr=9616&x-expires=1774407600&x-signature=CwyMkbA8MtdHKCQDghYZUuyHo%2BY%3D&t=4d5b0474&ps=13740610&shp=81f88b70&shcp=9b759fb9&idc=useast5&ftpl=1"",""downloadLink"":""https://p19-common-sign.tiktokcdn-us.com/tos-useast8-i-photomode-tx2/ac009f184b9f46ceab1da96533856f90~tplv-photomode-image.jpeg?dr=9616&x-expires=1774407600&x-signature=CwyMkbA8MtdHKCQDghYZUuyHo%2BY%3D&t=4d5b0474&ps=13740610&shp=81f88b70&shcp=9b759fb9&idc=useast5&ftpl=1""},{""tiktokLink"":""https://p16-common-sign.tiktokcdn-us.com/tos-useast8-i-photomode-tx2/b4653b43b46843aaaa3548ad891aef87~tplv-photomode-image.jpeg?dr=9616&x-expires=1774407600&x-signature=t8xSQSu4CxoibKZCe8HLNxIyMUY%3D&t=4d5b0474&ps=13740610&shp=81f88b70&shcp=9b759fb9&idc=useast5&ftpl=1"",""downloadLink"":""https://p16-common-sign.tiktokcdn-us.com/tos-useast8-i-photomode-tx2/b4653b43b46843aaaa3548ad891aef87~tplv-photomode-image.jpeg?dr=9616&x-expires=1774407600&x-signature=t8xSQSu4CxoibKZCe8HLNxIyMUY%3D&t=4d5b0474&ps=13740610&shp=81f88b70&shcp=9b759fb9&idc=useast5&ftpl=1""},{""tiktokLink"":""https://p16-common-sign.tiktokcdn-us.com/tos-useast8-i-photomode-tx2/b43726b926004e7080949c382e8e8adf~tplv-photomode-image.jpeg?dr=9616&x-expires=1774407600&x-signature=RqCenoiPcv0oNIj%2B%2FHZx4NWJ2TE%3D&t=4d5b0474&ps=13740610&shp=81f88b70&shcp=9b759fb9&idc=useast5&ftpl=1"",""downloadLink"":""https://p16-common-sign.tiktokcdn-us.com/tos-useast8-i-photomode-tx2/b43726b926004e7080949c382e8e8adf~tplv-photomode-image.jpeg?dr=9616&x-expires=1774407600&x-signature=RqCenoiPcv0oNIj%2B%2FHZx4NWJ2TE%3D&t=4d5b0474&ps=13740610&shp=81f88b70&shcp=9b759fb9&idc=useast5&ftpl=1""},{""tiktokLink"":""https://p19-common-sign.tiktokcdn-us.com/tos-useast8-i-photomode-tx2/b1593d5953054ea488c9761a190cb4d3~tplv-photomode-image.jpeg?dr=9616&x-expires=1774407600&x-signature=7KYFL7N1AvX%2Bg5izUE6V6TKEep8%3D&t=4d5b0474&ps=13740610&shp=81f88b70&shcp=9b759fb9&idc=useast5&ftpl=1"",""downloadLink"":""https://p19-common-sign.tiktokcdn-us.com/tos-useast8-i-photomode-tx2/b1593d5953054ea488c9761a190cb4d3~tplv-photomode-image.jpeg?dr=9616&x-expires=1774407600&x-signature=7KYFL7N1AvX%2Bg5izUE6V6TKEep8%3D&t=4d5b0474&ps=13740610&shp=81f88b70&shcp=9b759fb9&idc=useast5&ftpl=1""},{""tiktokLink"":""https://p16-common-sign.tiktokcdn-us.com/tos-useast8-i-photomode-tx2/b58fbe3ccf5a46d29fc0de4a6e4358ca~tplv-photomode-image.jpeg?dr=9616&x-expires=1774407600&x-signature=P3I44EibgBaGQL2RgQ9B%2BpfOs1M%3D&t=4d5b0474&ps=13740610&shp=81f88b70&shcp=9b759fb9&idc=useast5&ftpl=1"",""downloadLink"":""https://p16-common-sign.tiktokcdn-us.com/tos-useast8-i-photomode-tx2/b58fbe3ccf5a46d29fc0de4a6e4358ca~tplv-photomode-image.jpeg?dr=9616&x-expires=1774407600&x-signature=P3I44EibgBaGQL2RgQ9B%2BpfOs1M%3D&t=4d5b0474&ps=13740610&shp=81f88b70&shcp=9b759fb9&idc=useast5&ftpl=1""},{""tiktokLink"":""https://p19-common-sign.tiktokcdn-us.com/tos-useast8-i-photomode-tx2/1bf4da4ad20641508fdac0dc5de2508f~tplv-photomode-image.jpeg?dr=9616&x-expires=1774407600&x-signature=U8EILy2DJhGakkvWUWeK0rRX5zk%3D&t=4d5b0474&ps=13740610&shp=81f88b70&shcp=9b759fb9&idc=useast5&ftpl=1"",""downloadLink"":""https://p19-common-sign.tiktokcdn-us.com/tos-useast8-i-photomode-tx2/1bf4da4ad20641508fdac0dc5de2508f~tplv-photomode-image.jpeg?dr=9616&x-expires=1774407600&x-signature=U8EILy2DJhGakkvWUWeK0rRX5zk%3D&t=4d5b0474&ps=13740610&shp=81f88b70&shcp=9b759fb9&idc=useast5&ftpl=1""},{""tiktokLink"":""https://p19-common-sign.tiktokcdn-us.com/tos-useast8-i-photomode-tx2/841acea9cad446e0a24d607eb3f52831~tplv-photomode-image.jpeg?dr=9616&x-expires=1774407600&x-signature=d2lO4%2FSCDJyW3bJIXT%2FylXNC4rk%3D&t=4d5b0474&ps=13740610&shp=81f88b70&shcp=9b759fb9&idc=useast5&ftpl=1"",""downloadLink"":""https://p19-common-sign.tiktokcdn-us.com/tos-useast8-i-photomode-tx2/841acea9cad446e0a24d607eb3f52831~tplv-photomode-image.jpeg?dr=9616&x-expires=1774407600&x-signature=d2lO4%2FSCDJyW3bJIXT%2FylXNC4rk%3D&t=4d5b0474&ps=13740610&shp=81f88b70&shcp=9b759fb9&idc=useast5&ftpl=1""},{""tiktokLink"":""https://p16-common-sign.tiktokcdn-us.com/tos-useast8-i-photomode-tx2/31bc7eb2ef0a4e74b06a0ddd46e6e909~tplv-photomode-image.jpeg?dr=9616&x-expires=1774407600&x-signature=ThAgM0DG8D7h7qlRcNw7g51mefo%3D&t=4d5b0474&ps=13740610&shp=81f88b70&shcp=9b759fb9&idc=useast5&ftpl=1"",""downloadLink"":""https://p16-common-sign.tiktokcdn-us.com/tos-useast8-i-photomode-tx2/31bc7eb2ef0a4e74b06a0ddd46e6e909~tplv-photomode-image.jpeg?dr=9616&x-expires=1774407600&x-signature=ThAgM0DG8D7h7qlRcNw7g51mefo%3D&t=4d5b0474&ps=13740610&shp=81f88b70&shcp=9b759fb9&idc=useast5&ftpl=1""},{""tiktokLink"":""https://p16-common-sign.tiktokcdn-us.com/tos-useast8-i-photomode-tx2/e33b849d4eae4bc8bfcbd9bab52236e9~tplv-photomode-image.jpeg?dr=9616&x-expires=1774407600&x-signature=WZH7RPEJ7M4j%2FYO2Bfl955PPAho%3D&t=4d5b0474&ps=13740610&shp=81f88b70&shcp=9b759fb9&idc=useast5&ftpl=1"",""downloadLink"":""https://p16-common-sign.tiktokcdn-us.com/tos-useast8-i-photomode-tx2/e33b849d4eae4bc8bfcbd9bab52236e9~tplv-photomode-image.jpeg?dr=9616&x-expires=1774407600&x-signature=WZH7RPEJ7M4j%2FYO2Bfl955PPAho%3D&t=4d5b0474&ps=13740610&shp=81f88b70&shcp=9b759fb9&idc=useast5&ftpl=1""},{""tiktokLink"":""https://p19-common-sign.tiktokcdn-us.com/tos-useast8-i-photomode-tx2/09f6bfd988f94a03b85b5a1053e7939a~tplv-photomode-image.jpeg?dr=9616&x-expires=1774407600&x-signature=AILkFJ4MuZajAjZnUyWpruun4cg%3D&t=4d5b0474&ps=13740610&shp=81f88b70&shcp=9b759fb9&idc=useast5&ftpl=1"",""downloadLink"":""https://p19-common-sign.tiktokcdn-us.com/tos-useast8-i-photomode-tx2/09f6bfd988f94a03b85b5a1053e7939a~tplv-photomode-image.jpeg?dr=9616&x-expires=1774407600&x-signature=AILkFJ4MuZajAjZnUyWpruun4cg%3D&t=4d5b0474&ps=13740610&shp=81f88b70&shcp=9b759fb9&idc=useast5&ftpl=1""}]",false,false,[],costarastrology,videos,
7501877696734039327,,un,1746667041,2025-05-08T01:17:21.000Z,false,"{""id"":""7060882549447263279"",""name"":""costarastrology"",""profileUrl"":""https://www.tiktok.com/@costarastrology"",""nickName"":""Co — Star"",""verified"":false,""signature"":""Astrology for real people. From your friends at Co–Star Reality Group."",""bioLink"":""https://apps.apple.com/us/app/co-star-personalized-astrology/id1264782561"",""avatar"":""https://p16-common-sign.tiktokcdn-us.com/tos-useast5-avt-0068-tx/13a04d95ac5d339520c49813eedd0da2~tplv-tiktokx-cropcenter:720:720.jpeg?dr=9640&refresh_token=57c9eb0f&x-expires=1774407600&x-signature=UXAMMpT3Ta8eacTrpKRr6Jkstwg%3D&t=4d5b0474&ps=13740610&shp=a5d48078&shcp=81f88b70&idc=useast5"",""commerceUserInfo"":{""commerceUser"":false},""privateAccount"":false,""roomId"":"""",""ttSeller"":false,""createTime"":1643990595,""following"":0,""friends"":0,""fans"":357500,""heart"":23800000,""video"":381,""digg"":0,""originalAvatarUrl"":""https://p16-common-sign.tiktokcdn-us.com/tos-useast5-avt-0068-tx/13a04d95ac5d339520c49813eedd0da2~tplv-tiktokx-cropcenter:720:720.jpeg?dr=9640&refresh_token=57c9eb0f&x-expires=1774407600&x-signature=UXAMMpT3Ta8eacTrpKRr6Jkstwg%3D&t=4d5b0474&ps=13740610&shp=a5d48078&shcp=81f88b70&idc=useast5""}","{""musicName"":""original sound"",""musicAuthor"":""Co — Star"",""musicOriginal"":true,""playUrl"":""https://v19.tiktokcdn-us.com/2459333868a56476818bae9a88c759c8/69c10b88/video/tos/useast8/tos-useast8-v-27dcd7-tx2/oMhjYjAvEEtfNPAEABoUcDiBHEs9V1AfACWFAJ/?a=1233&bti=ODszNWYuMDE6&ch=0&cr=0&dr=0&er=0&lr=default&cd=0%7C0%7C0%7C0&br=250&bt=125&ds=5&ft=GSDrKInz7Thv8N-PXq8Zmo&mime_type=audio_mpeg&qs=13&rc=amd5cWs5cjszMzMzaTU8NEBpamd5cWs5cjszMzMzaTU8NEBrX2tpMmRzYGJhLS1kMTJzYSNrX2tpMmRzYGJhLS1kMTJzcw%3D%3D&vvpl=1&l=20260323034408CC7EBB78130F51010B6B&btag=e00048000"",""coverMediumUrl"":""https://p16-common-sign.tiktokcdn-us.com/tos-useast5-avt-0068-tx/13a04d95ac5d339520c49813eedd0da2~tplv-tiktokx-cropcenter:720:720.jpeg?dr=9640&refresh_token=57c9eb0f&x-expires=1774407600&x-signature=UXAMMpT3Ta8eacTrpKRr6Jkstwg%3D&t=4d5b0474&ps=13740610&shp=a5d48078&shcp=81f88b70&idc=useast5"",""musicId"":""7501877738714745630"",""originalCoverMediumUrl"":""https://p16-common-sign.tiktokcdn-us.com/tos-useast5-avt-0068-tx/13a04d95ac5d339520c49813eedd0da2~tplv-tiktokx-cropcenter:720:720.jpeg?dr=9640&refresh_token=57c9eb0f&x-expires=1774407600&x-signature=UXAMMpT3Ta8eacTrpKRr6Jkstwg%3D&t=4d5b0474&ps=13740610&shp=a5d48078&shcp=81f88b70&idc=useast5""}",https://www.tiktok.com/@costarastrology/video/7501877696734039327,"{""height"":1024,""width"":576,""duration"":31,""coverUrl"":""https://p19-common-sign.tiktokcdn-us.com/tos-useast8-p-0068-tx2/o08B4AIibAKlaBqAiDAWw5BAER86cIEGABPiB~tplv-tiktokx-origin.image?dr=9636&x-expires=1774407600&x-signature=db8JP9tJOiH33yrkIUr4NCVPBxc%3D&t=4d5b0474&ps=13740610&shp=81f88b70&shcp=43f4a2f9&idc=useast5"",""definition"":""540p"",""format"":""mp4"",""subtitleLinks"":[{""language"":""eng-US"",""downloadLink"":""https://v16m-webapp.tiktokcdn-us.com/eeb187204546f423e3a38b52e5836a83/69c35a28/video/tos/useast8/tos-useast8-v-0068-tx2/f411b41c871247bf8d32fadea5dab6e6/?a=1988&bti=ODszNWYuMDE6&ch=0&cr=3&dr=0&lr=all&cd=0%7C0%7C0%7C&cv=1&br=21036&bt=10518&ds=4&ft=4KLMeMzm8Zmo0dVsyx4jVvrjdpWrKsd.&mime_type=video_mp4&qs=13&rc=M2dzPHg5cmgzMzMzaTczNEBpM2dzPHg5cmgzMzMzaTczNEBsXmAwMmRzX2JhLS1kMTJzYSNsXmAwMmRzX2JhLS1kMTJzcw%3D%3D&l=20260323034408CC7EBB78130F51010B6B&btag=e00048000"",""source"":""ASR"",""sourceUnabbreviated"":""automatic speech recognition"",""version"":""1:big_caption"",""tiktokLink"":""https://v16m-webapp.tiktokcdn-us.com/eeb187204546f423e3a38b52e5836a83/69c35a28/video/tos/useast8/tos-useast8-v-0068-tx2/f411b41c871247bf8d32fadea5dab6e6/?a=1988&bti=ODszNWYuMDE6&ch=0&cr=3&dr=0&lr=all&cd=0%7C0%7C0%7C&cv=1&br=21036&bt=10518&ds=4&ft=4KLMeMzm8Zmo0dVsyx4jVvrjdpWrKsd.&mime_type=video_mp4&qs=13&rc=M2dzPHg5cmgzMzMzaTczNEBpM2dzPHg5cmgzMzMzaTczNEBsXmAwMmRzX2JhLS1kMTJzYSNsXmAwMmRzX2JhLS1kMTJzcw%3D%3D&l=20260323034408CC7EBB78130F51010B6B&btag=e00048000""}],""transcriptionLink"":null,""originalCoverUrl"":""https://p19-common-sign.tiktokcdn-us.com/tos-useast8-p-0068-tx2/o08B4AIibAKlaBqAiDAWw5BAER86cIEGABPiB~tplv-tiktokx-origin.image?dr=9636&x-expires=1774407600&x-signature=db8JP9tJOiH33yrkIUr4NCVPBxc%3D&t=4d5b0474&ps=13740610&shp=81f88b70&shcp=43f4a2f9&idc=useast5""}",155,1,5625,4,1,0,[],[],[],[],false,,false,false,[],costarastrology,videos,
7499953804201217311,,un,1746219102,2025-05-02T20:51:42.000Z,false,"{""id"":""7060882549447263279"",""name"":""costarastrology"",""profileUrl"":""https://www.tiktok.com/@costarastrology"",""nickName"":""Co — Star"",""verified"":false,""signature"":""Astrology for real people. From your friends at Co–Star Reality Group."",""bioLink"":""https://apps.apple.com/us/app/co-star-personalized-astrology/id1264782561"",""avatar"":""https://p16-common-sign.tiktokcdn-us.com/tos-useast5-avt-0068-tx/13a04d95ac5d339520c49813eedd0da2~tplv-tiktokx-cropcenter:720:720.jpeg?dr=9640&refresh_token=57c9eb0f&x-expires=1774407600&x-signature=UXAMMpT3Ta8eacTrpKRr6Jkstwg%3D&t=4d5b0474&ps=13740610&shp=a5d48078&shcp=81f88b70&idc=useast5"",""commerceUserInfo"":{""commerceUser"":false},""privateAccount"":false,""roomId"":"""",""ttSeller"":false,""createTime"":1643990595,""following"":0,""friends"":0,""fans"":357500,""heart"":23800000,""video"":381,""digg"":0,""originalAvatarUrl"":""https://p16-common-sign.tiktokcdn-us.com/tos-useast5-avt-0068-tx/13a04d95ac5d339520c49813eedd0da2~tplv-tiktokx-cropcenter:720:720.jpeg?dr=9640&refresh_token=57c9eb0f&x-expires=1774407600&x-signature=UXAMMpT3Ta8eacTrpKRr6Jkstwg%3D&t=4d5b0474&ps=13740610&shp=a5d48078&shcp=81f88b70&idc=useast5""}","{""musicName"":""original sound"",""musicAuthor"":""Co — Star"",""musicOriginal"":true,""playUrl"":""https://v19.tiktokcdn-us.com/f1137d03241a43b80e0d7bd1a7d7d746/69c10b94/video/tos/useast8/tos-useast8-v-27dcd7-tx2/osMUERCAiAoBlc3APIAwiAM5VVGUAEYERaBA7/?a=1233&bti=ODszNWYuMDE6&ch=0&cr=0&dr=0&er=0&lr=default&cd=0%7C0%7C0%7C0&br=250&bt=125&ds=5&ft=GSDrKInz7Thv8N-PXq8Zmo&mime_type=audio_mpeg&qs=13&rc=M3FqN3U5cnJtMzMzaTU8NEBpM3FqN3U5cnJtMzMzaTU8NEBiZV4zMmQ0LV5hLS1kMTJzYSNiZV4zMmQ0LV5hLS1kMTJzcw%3D%3D&vvpl=1&l=20260323034408CC7EBB78130F51010B6B&btag=e00048000"",""coverMediumUrl"":""https://p16-common-sign.tiktokcdn-us.com/tos-useast5-avt-0068-tx/13a04d95ac5d339520c49813eedd0da2~tplv-tiktokx-cropcenter:720:720.jpeg?dr=9640&refresh_token=57c9eb0f&x-expires=1774407600&x-signature=UXAMMpT3Ta8eacTrpKRr6Jkstwg%3D&t=4d5b0474&ps=13740610&shp=a5d48078&shcp=81f88b70&idc=useast5"",""musicId"":""7499953807880375071"",""originalCoverMediumUrl"":""https://p16-common-sign.tiktokcdn-us.com/tos-useast5-avt-0068-tx/13a04d95ac5d339520c49813eedd0da2~tplv-tiktokx-cropcenter:720:720.jpeg?dr=9640&refresh_token=57c9eb0f&x-expires=1774407600&x-signature=UXAMMpT3Ta8eacTrpKRr6Jkstwg%3D&t=4d5b0474&ps=13740610&shp=a5d48078&shcp=81f88b70&idc=useast5""}",https://www.tiktok.com/@costarastrology/video/7499953804201217311,"{""height"":1024,""width"":576,""duration"":43,""coverUrl"":""https://p19-common-sign.tiktokcdn-us.com/tos-useast8-p-0068-tx2/oUf0C7IAC1BCWV9itMigtEAFiYAEIAB9puAK0A~tplv-tiktokx-origin.image?dr=9636&x-expires=1774407600&x-signature=k2LAqxfWrMjcbjlDOnIgHbVOFMw%3D&t=4d5b0474&ps=13740610&shp=81f88b70&shcp=43f4a2f9&idc=useast5"",""definition"":""540p"",""format"":""mp4"",""subtitleLinks"":[{""language"":""eng-US"",""downloadLink"":""https://v16m-webapp.tiktokcdn-us.com/670a4eb85ed72edc16ed16bcbb22453a/69c35a34/video/tos/useast8/tos-useast8-v-0068-tx2/1ed8e47dadb34538a75414413e835df5/?a=1988&bti=ODszNWYuMDE6&ch=0&cr=3&dr=0&lr=all&cd=0%7C0%7C0%7C&cv=1&br=18614&bt=9307&ds=4&ft=4KLMeMzm8Zmo0dVsyx4jVvrjdpWrKsd.&mime_type=video_mp4&qs=13&rc=ajY0eWo5cmxsMzMzaTczNEBpajY0eWo5cmxsMzMzaTczNEAycmdjMmRjc15hLS1kMTJzYSMycmdjMmRjc15hLS1kMTJzcw%3D%3D&l=20260323034408CC7EBB78130F51010B6B&btag=e00048000"",""source"":""ASR"",""sourceUnabbreviated"":""automatic speech recognition"",""version"":""1:big_caption"",""tiktokLink"":""https://v16m-webapp.tiktokcdn-us.com/670a4eb85ed72edc16ed16bcbb22453a/69c35a34/video/tos/useast8/tos-useast8-v-0068-tx2/1ed8e47dadb34538a75414413e835df5/?a=1988&bti=ODszNWYuMDE6&ch=0&cr=3&dr=0&lr=all&cd=0%7C0%7C0%7C&cv=1&br=18614&bt=9307&ds=4&ft=4KLMeMzm8Zmo0dVsyx4jVvrjdpWrKsd.&mime_type=video_mp4&qs=13&rc=ajY0eWo5cmxsMzMzaTczNEBpajY0eWo5cmxsMzMzaTczNEAycmdjMmRjc15hLS1kMTJzYSMycmdjMmRjc15hLS1kMTJzcw%3D%3D&l=20260323034408CC7EBB78130F51010B6B&btag=e00048000""}],""transcriptionLink"":null,""originalCoverUrl"":""https://p19-common-sign.tiktokcdn-us.com/tos-useast8-p-0068-tx2/oUf0C7IAC1BCWV9itMigtEAFiYAEIAB9puAK0A~tplv-tiktokx-origin.image?dr=9636&x-expires=1774407600&x-signature=k2LAqxfWrMjcbjlDOnIgHbVOFMw%3D&t=4d5b0474&ps=13740610&shp=81f88b70&shcp=43f4a2f9&idc=useast5""}",129,4,2861,5,1,0,[],[],[],[],false,,false,false,[],costarastrology,videos,
7494038167490809131,everything is romantic ,en,1744841773,2025-04-16T22:16:13.000Z,false,"{""id"":""7060882549447263279"",""name"":""costarastrology"",""profileUrl"":""https://www.tiktok.com/@costarastrology"",""nickName"":""Co — Star"",""verified"":false,""signature"":""Astrology for real people. From your friends at Co–Star Reality Group."",""bioLink"":""https://apps.apple.com/us/app/co-star-personalized-astrology/id1264782561"",""avatar"":""https://p16-common-sign.tiktokcdn-us.com/tos-useast5-avt-0068-tx/13a04d95ac5d339520c49813eedd0da2~tplv-tiktokx-cropcenter:720:720.jpeg?dr=9640&refresh_token=57c9eb0f&x-expires=1774407600&x-signature=UXAMMpT3Ta8eacTrpKRr6Jkstwg%3D&t=4d5b0474&ps=13740610&shp=a5d48078&shcp=81f88b70&idc=useast5"",""commerceUserInfo"":{""commerceUser"":false},""privateAccount"":false,""roomId"":"""",""ttSeller"":false,""createTime"":1643990595,""following"":0,""friends"":0,""fans"":357500,""heart"":23800000,""video"":381,""digg"":0,""originalAvatarUrl"":""https://p16-common-sign.tiktokcdn-us.com/tos-useast5-avt-0068-tx/13a04d95ac5d339520c49813eedd0da2~tplv-tiktokx-cropcenter:720:720.jpeg?dr=9640&refresh_token=57c9eb0f&x-expires=1774407600&x-signature=UXAMMpT3Ta8eacTrpKRr6Jkstwg%3D&t=4d5b0474&ps=13740610&shp=a5d48078&shcp=81f88b70&idc=useast5""}","{""musicName"":""originalljud"",""musicAuthor"":""Matilda Fleberg"",""musicOriginal"":true,""playUrl"":""https://v19.tiktokcdn-us.com/11aaf8680675bb2fcbe5a52c08db3812/69c10ba4/video/tos/no1a/tos-no1a-v-2370-no/oQ9MgkRIDbgKFtnMaijtU3ilEB1lfQCWJOBf2k/?a=1233&bti=ODszNWYuMDE6&ch=0&cr=0&dr=0&er=0&lr=default&cd=0%7C0%7C0%7C0&br=250&bt=125&ft=GSDrKInz7Thv8N-PXq8Zmo&mime_type=audio_mpeg&qs=6&rc=aDY4aWk5ZjM6aDg3PDY2ZEBpM3BpcG85cnA2dzMzbzU8NUAwXzViMjQzNjIxXy5fMDEwYSMzbmcuMmRzczBgLS1kMTFzcw%3D%3D&vvpl=1&l=20260323034408CC7EBB78130F51010B6B&btag=e00090000"",""coverMediumUrl"":""https://p16-common-sign.tiktokcdn-us.com/tos-maliva-avt-0068/0f27064f6a3efa95b690d920bfe180c4~tplv-tiktokx-cropcenter:720:720.jpeg?dr=9640&refresh_token=92750938&x-expires=1774407600&x-signature=RRQmHenP%2FjogZl2znfDI78PxvDI%3D&t=4d5b0474&ps=13740610&shp=a5d48078&shcp=81f88b70&idc=useast5"",""musicId"":""7441705617015851798"",""originalCoverMediumUrl"":""https://p16-common-sign.tiktokcdn-us.com/tos-maliva-avt-0068/0f27064f6a3efa95b690d920bfe180c4~tplv-tiktokx-cropcenter:720:720.jpeg?dr=9640&refresh_token=92750938&x-expires=1774407600&x-signature=RRQmHenP%2FjogZl2znfDI78PxvDI%3D&t=4d5b0474&ps=13740610&shp=a5d48078&shcp=81f88b70&idc=useast5""}",https://www.tiktok.com/@costarastrology/video/7494038167490809131,"{""height"":0,""width"":0,""duration"":0,""coverUrl"":""https://p19-common-sign.tiktokcdn-us.com/tos-useast5-i-photomode-tx/e981dc7af46e41feab4d6fa0ce7d1a83~tplv-photomode-image.jpeg?dr=9616&x-expires=1774407600&x-signature=P83nua2nglHvNIAx4xOS4KiAUO0%3D&t=4d5b0474&ps=13740610&shp=81f88b70&shcp=9b759fb9&idc=useast5&ftpl=1"",""transcriptionLink"":null,""originalCoverUrl"":""https://p19-common-sign.tiktokcdn-us.com/tos-useast5-i-photomode-tx/e981dc7af46e41feab4d6fa0ce7d1a83~tplv-photomode-image.jpeg?dr=9616&x-expires=1774407600&x-signature=P83nua2nglHvNIAx4xOS4KiAUO0%3D&t=4d5b0474&ps=13740610&shp=81f88b70&shcp=9b759fb9&idc=useast5&ftpl=1""}",2450,693,39700,139,127,0,[],[],[],[],true,"[{""tiktokLink"":""https://p16-common-sign.tiktokcdn-us.com/tos-useast5-i-photomode-tx/e981dc7af46e41feab4d6fa0ce7d1a83~tplv-photomode-image.jpeg?dr=9616&x-expires=1774407600&x-signature=K2taIZTj1%2FM5cY8GmRfzz7hd2Qw%3D&t=4d5b0474&ps=13740610&shp=81f88b70&shcp=9b759fb9&idc=useast5&ftpl=1"",""downloadLink"":""https://p16-common-sign.tiktokcdn-us.com/tos-useast5-i-photomode-tx/e981dc7af46e41feab4d6fa0ce7d1a83~tplv-photomode-image.jpeg?dr=9616&x-expires=1774407600&x-signature=K2taIZTj1%2FM5cY8GmRfzz7hd2Qw%3D&t=4d5b0474&ps=13740610&shp=81f88b70&shcp=9b759fb9&idc=useast5&ftpl=1""},{""tiktokLink"":""https://p19-common-sign.tiktokcdn-us.com/tos-useast5-i-photomode-tx/9853a58a7e0f4e3980e86ad4f847d2e7~tplv-photomode-image.jpeg?dr=9616&x-expires=1774407600&x-signature=p3wQijJDCv0KHFxx8HoSL2fe0WY%3D&t=4d5b0474&ps=13740610&shp=81f88b70&shcp=9b759fb9&idc=useast5&ftpl=1"",""downloadLink"":""https://p19-common-sign.tiktokcdn-us.com/tos-useast5-i-photomode-tx/9853a58a7e0f4e3980e86ad4f847d2e7~tplv-photomode-image.jpeg?dr=9616&x-expires=1774407600&x-signature=p3wQijJDCv0KHFxx8HoSL2fe0WY%3D&t=4d5b0474&ps=13740610&shp=81f88b70&shcp=9b759fb9&idc=useast5&ftpl=1""},{""tiktokLink"":""https://p16-common-sign.tiktokcdn-us.com/tos-useast5-i-photomode-tx/29f4e49f87bd41b18e0715be6b2d7594~tplv-photomode-image.jpeg?dr=9616&x-expires=1774407600&x-signature=SLB%2FYYNEP4mnfzMhgBEm5TLChH0%3D&t=4d5b0474&ps=13740610&shp=81f88b70&shcp=9b759fb9&idc=useast5&ftpl=1"",""downloadLink"":""https://p16-common-sign.tiktokcdn-us.com/tos-useast5-i-photomode-tx/29f4e49f87bd41b18e0715be6b2d7594~tplv-photomode-image.jpeg?dr=9616&x-expires=1774407600&x-signature=SLB%2FYYNEP4mnfzMhgBEm5TLChH0%3D&t=4d5b0474&ps=13740610&shp=81f88b70&shcp=9b759fb9&idc=useast5&ftpl=1""},{""tiktokLink"":""https://p16-common-sign.tiktokcdn-us.com/tos-useast5-i-photomode-tx/b3c25bc3fd3343dbb872ef2b2db43430~tplv-photomode-image.jpeg?dr=9616&x-expires=1774407600&x-signature=xkFH%2Bysdy0jCW9Y2HiJMWHrvbfk%3D&t=4d5b0474&ps=13740610&shp=81f88b70&shcp=9b759fb9&idc=useast5&ftpl=1"",""downloadLink"":""https://p16-common-sign.tiktokcdn-us.com/tos-useast5-i-photomode-tx/b3c25bc3fd3343dbb872ef2b2db43430~tplv-photomode-image.jpeg?dr=9616&x-expires=1774407600&x-signature=xkFH%2Bysdy0jCW9Y2HiJMWHrvbfk%3D&t=4d5b0474&ps=13740610&shp=81f88b70&shcp=9b759fb9&idc=useast5&ftpl=1""},{""tiktokLink"":""https://p16-common-sign.tiktokcdn-us.com/tos-useast5-i-photomode-tx/edc2d277b1224c7c879bdc44ea60e172~tplv-photomode-image.jpeg?dr=9616&x-expires=1774407600&x-signature=KzsvuVtj0Snan9kYVtSwMmU3LrE%3D&t=4d5b0474&ps=13740610&shp=81f88b70&shcp=9b759fb9&idc=useast5&ftpl=1"",""downloadLink"":""https://p16-common-sign.tiktokcdn-us.com/tos-useast5-i-photomode-tx/edc2d277b1224c7c879bdc44ea60e172~tplv-photomode-image.jpeg?dr=9616&x-expires=1774407600&x-signature=KzsvuVtj0Snan9kYVtSwMmU3LrE%3D&t=4d5b0474&ps=13740610&shp=81f88b70&shcp=9b759fb9&idc=useast5&ftpl=1""},{""tiktokLink"":""https://p19-common-sign.tiktokcdn-us.com/tos-useast5-i-photomode-tx/4f0e74679f12426a839a8f43abaeedff~tplv-photomode-image.jpeg?dr=9616&x-expires=1774407600&x-signature=e4wliDkS0wBqXLCBTSgln15mOyQ%3D&t=4d5b0474&ps=13740610&shp=81f88b70&shcp=9b759fb9&idc=useast5&ftpl=1"",""downloadLink"":""https://p19-common-sign.tiktokcdn-us.com/tos-useast5-i-photomode-tx/4f0e74679f12426a839a8f43abaeedff~tplv-photomode-image.jpeg?dr=9616&x-expires=1774407600&x-signature=e4wliDkS0wBqXLCBTSgln15mOyQ%3D&t=4d5b0474&ps=13740610&shp=81f88b70&shcp=9b759fb9&idc=useast5&ftpl=1""},{""tiktokLink"":""https://p16-common-sign.tiktokcdn-us.com/tos-useast5-i-photomode-tx/544e5989317b4c219d24754ba329c312~tplv-photomode-image.jpeg?dr=9616&x-expires=1774407600&x-signature=vO8W%2BuA%2FbXZuPjnbjoZDG2CVWCE%3D&t=4d5b0474&ps=13740610&shp=81f88b70&shcp=9b759fb9&idc=useast5&ftpl=1"",""downloadLink"":""https://p16-common-sign.tiktokcdn-us.com/tos-useast5-i-photomode-tx/544e5989317b4c219d24754ba329c312~tplv-photomode-image.jpeg?dr=9616&x-expires=1774407600&x-signature=vO8W%2BuA%2FbXZuPjnbjoZDG2CVWCE%3D&t=4d5b0474&ps=13740610&shp=81f88b70&shcp=9b759fb9&idc=useast5&ftpl=1""},{""tiktokLink"":""https://p16-common-sign.tiktokcdn-us.com/tos-useast5-i-photomode-tx/ea31e8258e12456dbdc574f411d71e6b~tplv-photomode-image.jpeg?dr=9616&x-expires=1774407600&x-signature=gVqkSMomNS99W5SWjfUK4escBWc%3D&t=4d5b0474&ps=13740610&shp=81f88b70&shcp=9b759fb9&idc=useast5&ftpl=1"",""downloadLink"":""https://p16-common-sign.tiktokcdn-us.com/tos-useast5-i-photomode-tx/ea31e8258e12456dbdc574f411d71e6b~tplv-photomode-image.jpeg?dr=9616&x-expires=1774407600&x-signature=gVqkSMomNS99W5SWjfUK4escBWc%3D&t=4d5b0474&ps=13740610&shp=81f88b70&shcp=9b759fb9&idc=useast5&ftpl=1""},{""tiktokLink"":""https://p16-common-sign.tiktokcdn-us.com/tos-useast5-i-photomode-tx/89898837b6d141e6815bda7b2751b310~tplv-photomode-image.jpeg?dr=9616&x-expires=1774407600&x-signature=k7PNZP5JG0ZNn%2FbBtaE%2FqUZ22vw%3D&t=4d5b0474&ps=13740610&shp=81f88b70&shcp=9b759fb9&idc=useast5&ftpl=1"",""downloadLink"":""https://p16-common-sign.tiktokcdn-us.com/tos-useast5-i-photomode-tx/89898837b6d141e6815bda7b2751b310~tplv-photomode-image.jpeg?dr=9616&x-expires=1774407600&x-signature=k7PNZP5JG0ZNn%2FbBtaE%2FqUZ22vw%3D&t=4d5b0474&ps=13740610&shp=81f88b70&shcp=9b759fb9&idc=useast5&ftpl=1""},{""tiktokLink"":""https://p19-common-sign.tiktokcdn-us.com/tos-useast5-i-photomode-tx/518b6e8df2aa4ac9be6f4992f9644b57~tplv-photomode-image.jpeg?dr=9616&x-expires=1774407600&x-signature=g5yuEhJREUGF5zc19JSIBgoe2Z4%3D&t=4d5b0474&ps=13740610&shp=81f88b70&shcp=9b759fb9&idc=useast5&ftpl=1"",""downloadLink"":""https://p19-common-sign.tiktokcdn-us.com/tos-useast5-i-photomode-tx/518b6e8df2aa4ac9be6f4992f9644b57~tplv-photomode-image.jpeg?dr=9616&x-expires=1774407600&x-signature=g5yuEhJREUGF5zc19JSIBgoe2Z4%3D&t=4d5b0474&ps=13740610&shp=81f88b70&shcp=9b759fb9&idc=useast5&ftpl=1""},{""tiktokLink"":""https://p16-common-sign.tiktokcdn-us.com/tos-useast5-i-photomode-tx/4bcdd6d4963f449eb9fcec0abc696588~tplv-photomode-image.jpeg?dr=9616&x-expires=1774407600&x-signature=aMyZ9l3iIqc3pkLtQY%2FD%2BStDQcw%3D&t=4d5b0474&ps=13740610&shp=81f88b70&shcp=9b759fb9&idc=useast5&ftpl=1"",""downloadLink"":""https://p16-common-sign.tiktokcdn-us.com/tos-useast5-i-photomode-tx/4bcdd6d4963f449eb9fcec0abc696588~tplv-photomode-image.jpeg?dr=9616&x-expires=1774407600&x-signature=aMyZ9l3iIqc3pkLtQY%2FD%2BStDQcw%3D&t=4d5b0474&ps=13740610&shp=81f88b70&shcp=9b759fb9&idc=useast5&ftpl=1""},{""tiktokLink"":""https://p16-common-sign.tiktokcdn-us.com/tos-useast5-i-photomode-tx/63002129dba745f08fc8badb7915934b~tplv-photomode-image.jpeg?dr=9616&x-expires=1774407600&x-signature=RnU3zKY6%2Fbp0czcxDM1NPR%2FJtEE%3D&t=4d5b0474&ps=13740610&shp=81f88b70&shcp=9b759fb9&idc=useast5&ftpl=1"",""downloadLink"":""https://p16-common-sign.tiktokcdn-us.com/tos-useast5-i-photomode-tx/63002129dba745f08fc8badb7915934b~tplv-photomode-image.jpeg?dr=9616&x-expires=1774407600&x-signature=RnU3zKY6%2Fbp0czcxDM1NPR%2FJtEE%3D&t=4d5b0474&ps=13740610&shp=81f88b70&shcp=9b759fb9&idc=useast5&ftpl=1""}]",false,false,[],costarastrology,videos,
7493755772304706858,,un,1744775993,2025-04-16T03:59:53.000Z,false,"{""id"":""7060882549447263279"",""name"":""costarastrology"",""profileUrl"":""https://www.tiktok.com/@costarastrology"",""nickName"":""Co — Star"",""verified"":false,""signature"":""Astrology for real people. From your friends at Co–Star Reality Group."",""bioLink"":""https://apps.apple.com/us/app/co-star-personalized-astrology/id1264782561"",""avatar"":""https://p16-common-sign.tiktokcdn-us.com/tos-useast5-avt-0068-tx/13a04d95ac5d339520c49813eedd0da2~tplv-tiktokx-cropcenter:720:720.jpeg?dr=9640&refresh_token=57c9eb0f&x-expires=1774407600&x-signature=UXAMMpT3Ta8eacTrpKRr6Jkstwg%3D&t=4d5b0474&ps=13740610&shp=a5d48078&shcp=81f88b70&idc=useast5"",""commerceUserInfo"":{""commerceUser"":false},""privateAccount"":false,""roomId"":"""",""ttSeller"":false,""createTime"":1643990595,""following"":0,""friends"":0,""fans"":357500,""heart"":23800000,""video"":381,""digg"":0,""originalAvatarUrl"":""https://p16-common-sign.tiktokcdn-us.com/tos-useast5-avt-0068-tx/13a04d95ac5d339520c49813eedd0da2~tplv-tiktokx-cropcenter:720:720.jpeg?dr=9640&refresh_token=57c9eb0f&x-expires=1774407600&x-signature=UXAMMpT3Ta8eacTrpKRr6Jkstwg%3D&t=4d5b0474&ps=13740610&shp=a5d48078&shcp=81f88b70&idc=useast5""}","{""musicName"":""original sound"",""musicAuthor"":""Co — Star"",""musicOriginal"":true,""playUrl"":""https://v19.tiktokcdn-us.com/2f9e4fd18fdfa5881c93d2573ffe2d80/69c10b8f/video/tos/useast5/tos-useast5-v-27dcd7-tx/o0AnKyvcDIHzgfosEOFAknT7ECfNPAHIE9Aqof/?a=1233&bti=ODszNWYuMDE6&ch=0&cr=0&dr=0&er=0&lr=default&cd=0%7C0%7C0%7C0&br=250&bt=125&ds=5&ft=GSDrKInz7Thv8N-PXq8Zmo&mime_type=audio_mpeg&qs=13&rc=MzVoOG45cmhseTMzZzU8NEBpMzVoOG45cmhseTMzZzU8NEA1Yl40MmRzanNgLS1kMS9zYSM1Yl40MmRzanNgLS1kMS9zcw%3D%3D&vvpl=1&l=20260323034408CC7EBB78130F51010B6B&btag=e00048000"",""coverMediumUrl"":""https://p16-common-sign.tiktokcdn-us.com/tos-useast5-avt-0068-tx/13a04d95ac5d339520c49813eedd0da2~tplv-tiktokx-cropcenter:720:720.jpeg?dr=9640&refresh_token=57c9eb0f&x-expires=1774407600&x-signature=UXAMMpT3Ta8eacTrpKRr6Jkstwg%3D&t=4d5b0474&ps=13740610&shp=a5d48078&shcp=81f88b70&idc=useast5"",""musicId"":""7493755719431342890"",""originalCoverMediumUrl"":""https://p16-common-sign.tiktokcdn-us.com/tos-useast5-avt-0068-tx/13a04d95ac5d339520c49813eedd0da2~tplv-tiktokx-cropcenter:720:720.jpeg?dr=9640&refresh_token=57c9eb0f&x-expires=1774407600&x-signature=UXAMMpT3Ta8eacTrpKRr6Jkstwg%3D&t=4d5b0474&ps=13740610&shp=a5d48078&shcp=81f88b70&idc=useast5""}",https://www.tiktok.com/@costarastrology/video/7493755772304706858,"{""height"":1024,""width"":576,""duration"":38,""coverUrl"":""https://p19-common-sign.tiktokcdn-us.com/tos-useast5-p-0068-tx/o0z6IIFcA7k3ZmtfHADAQsf5jWPAKEHIAyEtfr~tplv-tiktokx-origin.image?dr=9636&x-expires=1774407600&x-signature=M38J%2FTXWUZYCjqYsZWpDN3phgaE%3D&t=4d5b0474&ps=13740610&shp=81f88b70&shcp=43f4a2f9&idc=useast5"",""definition"":""540p"",""format"":""mp4"",""subtitleLinks"":[{""language"":""eng-US"",""downloadLink"":""https://v16m-webapp.tiktokcdn-us.com/8b764e01f073e9cefbcd5dddc5fd1ddd/69c35a2f/video/tos/useast5/tos-useast5-v-0068-tx/ef3e5039fb4943aab890026223556586/?a=1988&bti=ODszNWYuMDE6&ch=0&cr=3&dr=0&lr=all&cd=0%7C0%7C0%7C&cv=1&br=15488&bt=7744&ds=4&ft=4KLMeMzm8Zmo0dVsyx4jVvrjdpWrKsd.&mime_type=video_mp4&qs=13&rc=MzhlM3U5cjdseTMzZzczNEBpMzhlM3U5cjdseTMzZzczNEAxZmdoMmRjanNgLS1kMS9zYSMxZmdoMmRjanNgLS1kMS9zcw%3D%3D&l=20260323034408CC7EBB78130F51010B6B&btag=e00048000"",""source"":""ASR"",""sourceUnabbreviated"":""automatic speech recognition"",""version"":""1:big_caption"",""tiktokLink"":""https://v16m-webapp.tiktokcdn-us.com/8b764e01f073e9cefbcd5dddc5fd1ddd/69c35a2f/video/tos/useast5/tos-useast5-v-0068-tx/ef3e5039fb4943aab890026223556586/?a=1988&bti=ODszNWYuMDE6&ch=0&cr=3&dr=0&lr=all&cd=0%7C0%7C0%7C&cv=1&br=15488&bt=7744&ds=4&ft=4KLMeMzm8Zmo0dVsyx4jVvrjdpWrKsd.&mime_type=video_mp4&qs=13&rc=MzhlM3U5cjdseTMzZzczNEBpMzhlM3U5cjdseTMzZzczNEAxZmdoMmRjanNgLS1kMS9zYSMxZmdoMmRjanNgLS1kMS9zcw%3D%3D&l=20260323034408CC7EBB78130F51010B6B&btag=e00048000""}],""transcriptionLink"":null,""originalCoverUrl"":""https://p19-common-sign.tiktokcdn-us.com/tos-useast5-p-0068-tx/o0z6IIFcA7k3ZmtfHADAQsf5jWPAKEHIAyEtfr~tplv-tiktokx-origin.image?dr=9636&x-expires=1774407600&x-signature=M38J%2FTXWUZYCjqYsZWpDN3phgaE%3D&t=4d5b0474&ps=13740610&shp=81f88b70&shcp=43f4a2f9&idc=useast5""}",752,24,15700,36,13,0,[],[],[],[],false,,false,false,[],costarastrology,videos,
7487031474324229422,,un,1743210383,2025-03-29T01:06:23.000Z,false,"{""id"":""7060882549447263279"",""name"":""costarastrology"",""profileUrl"":""https://www.tiktok.com/@costarastrology"",""nickName"":""Co — Star"",""verified"":false,""signature"":""Astrology for real people. From your friends at Co–Star Reality Group."",""bioLink"":""https://apps.apple.com/us/app/co-star-personalized-astrology/id1264782561"",""avatar"":""https://p16-common-sign.tiktokcdn-us.com/tos-useast5-avt-0068-tx/13a04d95ac5d339520c49813eedd0da2~tplv-tiktokx-cropcenter:720:720.jpeg?dr=9640&refresh_token=57c9eb0f&x-expires=1774407600&x-signature=UXAMMpT3Ta8eacTrpKRr6Jkstwg%3D&t=4d5b0474&ps=13740610&shp=a5d48078&shcp=81f88b70&idc=useast5"",""commerceUserInfo"":{""commerceUser"":false},""privateAccount"":false,""roomId"":"""",""ttSeller"":false,""createTime"":1643990595,""following"":0,""friends"":0,""fans"":357500,""heart"":23800000,""video"":381,""digg"":0,""originalAvatarUrl"":""https://p16-common-sign.tiktokcdn-us.com/tos-useast5-avt-0068-tx/13a04d95ac5d339520c49813eedd0da2~tplv-tiktokx-cropcenter:720:720.jpeg?dr=9640&refresh_token=57c9eb0f&x-expires=1774407600&x-signature=UXAMMpT3Ta8eacTrpKRr6Jkstwg%3D&t=4d5b0474&ps=13740610&shp=a5d48078&shcp=81f88b70&idc=useast5""}","{""musicName"":""original sound"",""musicAuthor"":""Co — Star"",""musicOriginal"":true,""playUrl"":""https://v19.tiktokcdn-us.com/1d866d0fc8a3b7ca53de6a3ad869032e/69c10ba1/video/tos/useast5/tos-useast5-v-27dcd7-tx/o4BAni0JP8d5BRaAEfFA6MK4wpiFBDAEXzLkEG/?a=1233&bti=ODszNWYuMDE6&ch=0&cr=0&dr=0&er=0&lr=default&cd=0%7C0%7C0%7C0&br=250&bt=125&ds=5&ft=GSDrKInz7Thv8N-PXq8Zmo&mime_type=audio_mpeg&qs=13&rc=M3Fta3I5cjdueTMzZzU8NEBpM3Fta3I5cjdueTMzZzU8NEAwNWBiMmRzY2dgLS1kMS9zYSMwNWBiMmRzY2dgLS1kMS9zcw%3D%3D&vvpl=1&l=20260323034408CC7EBB78130F51010B6B&btag=e00048000"",""coverMediumUrl"":""https://p16-common-sign.tiktokcdn-us.com/tos-useast5-avt-0068-tx/13a04d95ac5d339520c49813eedd0da2~tplv-tiktokx-cropcenter:720:720.jpeg?dr=9640&refresh_token=57c9eb0f&x-expires=1774407600&x-signature=UXAMMpT3Ta8eacTrpKRr6Jkstwg%3D&t=4d5b0474&ps=13740610&shp=a5d48078&shcp=81f88b70&idc=useast5"",""musicId"":""7487031496746781483"",""originalCoverMediumUrl"":""https://p16-common-sign.tiktokcdn-us.com/tos-useast5-avt-0068-tx/13a04d95ac5d339520c49813eedd0da2~tplv-tiktokx-cropcenter:720:720.jpeg?dr=9640&refresh_token=57c9eb0f&x-expires=1774407600&x-signature=UXAMMpT3Ta8eacTrpKRr6Jkstwg%3D&t=4d5b0474&ps=13740610&shp=a5d48078&shcp=81f88b70&idc=useast5""}",https://www.tiktok.com/@costarastrology/video/7487031474324229422,"{""height"":1024,""width"":576,""duration"":56,""coverUrl"":""https://p16-common-sign.tiktokcdn-us.com/tos-useast5-p-0068-tx/o84IMfonZA4jDQAIAUfEAOEkRHzFECUcPEeJAD~tplv-tiktokx-origin.image?dr=9636&x-expires=1774407600&x-signature=OwaUURrw2Ip5FveoXBFqcVdv41w%3D&t=4d5b0474&ps=13740610&shp=81f88b70&shcp=43f4a2f9&idc=useast5"",""definition"":""540p"",""format"":""mp4"",""subtitleLinks"":[{""language"":""eng-US"",""downloadLink"":""https://v16m-webapp.tiktokcdn-us.com/63244d60c0b552ac4492d98a05a0783e/69c35a41/video/tos/useast5/tos-useast5-v-0068-tx/3d09198ad51644ab82d16c532a7eb2b2/?a=1988&bti=ODszNWYuMDE6&ch=0&cr=3&dr=0&lr=all&cd=0%7C0%7C0%7C&cv=1&br=12830&bt=6415&ds=4&ft=4KLMeMzm8Zmo0dVsyx4jVvrjdpWrKsd.&mime_type=video_mp4&qs=13&rc=M3k4ZW85cm1ueTMzZzczNEBpM3k4ZW85cm1ueTMzZzczNEByYnNnMmRzYmdgLS1kMS9zYSNyYnNnMmRzYmdgLS1kMS9zcw%3D%3D&l=20260323034408CC7EBB78130F51010B6B&btag=e00048000"",""source"":""ASR"",""sourceUnabbreviated"":""automatic speech recognition"",""version"":""1:big_caption"",""tiktokLink"":""https://v16m-webapp.tiktokcdn-us.com/63244d60c0b552ac4492d98a05a0783e/69c35a41/video/tos/useast5/tos-useast5-v-0068-tx/3d09198ad51644ab82d16c532a7eb2b2/?a=1988&bti=ODszNWYuMDE6&ch=0&cr=3&dr=0&lr=all&cd=0%7C0%7C0%7C&cv=1&br=12830&bt=6415&ds=4&ft=4KLMeMzm8Zmo0dVsyx4jVvrjdpWrKsd.&mime_type=video_mp4&qs=13&rc=M3k4ZW85cm1ueTMzZzczNEBpM3k4ZW85cm1ueTMzZzczNEByYnNnMmRzYmdgLS1kMS9zYSNyYnNnMmRzYmdgLS1kMS9zcw%3D%3D&l=20260323034408CC7EBB78130F51010B6B&btag=e00048000""}],""transcriptionLink"":null,""originalCoverUrl"":""https://p16-common-sign.tiktokcdn-us.com/tos-useast5-p-0068-tx/o84IMfonZA4jDQAIAUfEAOEkRHzFECUcPEeJAD~tplv-tiktokx-origin.image?dr=9636&x-expires=1774407600&x-signature=OwaUURrw2Ip5FveoXBFqcVdv41w%3D&t=4d5b0474&ps=13740610&shp=81f88b70&shcp=43f4a2f9&idc=useast5""}",2461,271,33500,100,21,0,[],[],[],[],false,,false,false,[],costarastrology,videos,
7483715019964681515,bon appetit ,en,1742438210,2025-03-20T02:36:50.000Z,false,"{""id"":""7060882549447263279"",""name"":""costarastrology"",""profileUrl"":""https://www.tiktok.com/@costarastrology"",""nickName"":""Co — Star"",""verified"":false,""signature"":""Astrology for real people. From your friends at Co–Star Reality Group."",""bioLink"":""https://apps.apple.com/us/app/co-star-personalized-astrology/id1264782561"",""avatar"":""https://p16-common-sign.tiktokcdn-us.com/tos-useast5-avt-0068-tx/13a04d95ac5d339520c49813eedd0da2~tplv-tiktokx-cropcenter:720:720.jpeg?dr=9640&refresh_token=57c9eb0f&x-expires=1774407600&x-signature=UXAMMpT3Ta8eacTrpKRr6Jkstwg%3D&t=4d5b0474&ps=13740610&shp=a5d48078&shcp=81f88b70&idc=useast5"",""commerceUserInfo"":{""commerceUser"":false},""privateAccount"":false,""roomId"":"""",""ttSeller"":false,""createTime"":1643990595,""following"":0,""friends"":0,""fans"":357500,""heart"":23800000,""video"":381,""digg"":0,""originalAvatarUrl"":""https://p16-common-sign.tiktokcdn-us.com/tos-useast5-avt-0068-tx/13a04d95ac5d339520c49813eedd0da2~tplv-tiktokx-cropcenter:720:720.jpeg?dr=9640&refresh_token=57c9eb0f&x-expires=1774407600&x-signature=UXAMMpT3Ta8eacTrpKRr6Jkstwg%3D&t=4d5b0474&ps=13740610&shp=a5d48078&shcp=81f88b70&idc=useast5""}","{""musicName"":""braincells"",""musicAuthor"":""tomcbumpz"",""musicOriginal"":false,""musicAlbum"":""comfortable silence"",""playUrl"":""https://sf16.tiktokcdn-us.com/obj/tos-alisg-ve-2774/oI5JgMX2ONDB5eXSCjFEAvDfapFzNIAMIuf5gE"",""coverMediumUrl"":""https://p16-common.tiktokcdn-us.com/tos-alisg-v-2774/oUV6kJDZIFFqILCf8AEgAeaAD4v4fzo9OFpDAj~tplv-tiktokx-cropcenter:200:200.jpeg?dr=9584&t=4d5b0474&ps=933b5bde&shp=08d74b56&shcp=81f88b70&idc=useast5"",""musicId"":""7182617118596892674"",""originalCoverMediumUrl"":""https://p16-common.tiktokcdn-us.com/tos-alisg-v-2774/oUV6kJDZIFFqILCf8AEgAeaAD4v4fzo9OFpDAj~tplv-tiktokx-cropcenter:200:200.jpeg?dr=9584&t=4d5b0474&ps=933b5bde&shp=08d74b56&shcp=81f88b70&idc=useast5""}",https://www.tiktok.com/@costarastrology/video/7483715019964681515,"{""height"":0,""width"":0,""duration"":0,""coverUrl"":""https://p16-common-sign.tiktokcdn-us.com/tos-useast5-i-photomode-tx/5d53f121a5d94fdd8819e7f51b1067fb~tplv-photomode-image.jpeg?dr=9616&x-expires=1774407600&x-signature=uBYsrXG6%2FY1HZ3U3PCqrqGXmZoE%3D&t=4d5b0474&ps=13740610&shp=81f88b70&shcp=9b759fb9&idc=useast5&ftpl=1"",""transcriptionLink"":null,""originalCoverUrl"":""https://p16-common-sign.tiktokcdn-us.com/tos-useast5-i-photomode-tx/5d53f121a5d94fdd8819e7f51b1067fb~tplv-photomode-image.jpeg?dr=9616&x-expires=1774407600&x-signature=uBYsrXG6%2FY1HZ3U3PCqrqGXmZoE%3D&t=4d5b0474&ps=13740610&shp=81f88b70&shcp=9b759fb9&idc=useast5&ftpl=1""}",2595,547,34100,123,162,0,[],[],[],[],true,"[{""tiktokLink"":""https://p16-common-sign.tiktokcdn-us.com/tos-useast5-i-photomode-tx/5d53f121a5d94fdd8819e7f51b1067fb~tplv-photomode-image.jpeg?dr=9616&x-expires=1774407600&x-signature=uBYsrXG6%2FY1HZ3U3PCqrqGXmZoE%3D&t=4d5b0474&ps=13740610&shp=81f88b70&shcp=9b759fb9&idc=useast5&ftpl=1"",""downloadLink"":""https://p16-common-sign.tiktokcdn-us.com/tos-useast5-i-photomode-tx/5d53f121a5d94fdd8819e7f51b1067fb~tplv-photomode-image.jpeg?dr=9616&x-expires=1774407600&x-signature=uBYsrXG6%2FY1HZ3U3PCqrqGXmZoE%3D&t=4d5b0474&ps=13740610&shp=81f88b70&shcp=9b759fb9&idc=useast5&ftpl=1""},{""tiktokLink"":""https://p16-common-sign.tiktokcdn-us.com/tos-useast5-i-photomode-tx/3e57726345c043518255b78dfb3a37c7~tplv-photomode-image.jpeg?dr=9616&x-expires=1774407600&x-signature=xVHOQln2zncxKT6JJgcI0zDXvqk%3D&t=4d5b0474&ps=13740610&shp=81f88b70&shcp=9b759fb9&idc=useast5&ftpl=1"",""downloadLink"":""https://p16-common-sign.tiktokcdn-us.com/tos-useast5-i-photomode-tx/3e57726345c043518255b78dfb3a37c7~tplv-photomode-image.jpeg?dr=9616&x-expires=1774407600&x-signature=xVHOQln2zncxKT6JJgcI0zDXvqk%3D&t=4d5b0474&ps=13740610&shp=81f88b70&shcp=9b759fb9&idc=useast5&ftpl=1""},{""tiktokLink"":""https://p16-common-sign.tiktokcdn-us.com/tos-useast5-i-photomode-tx/50d50a2913924075bb032fc6c512a5c9~tplv-photomode-image.jpeg?dr=9616&x-expires=1774407600&x-signature=mIvmD0TM8VatI3xripWyfCiPnxI%3D&t=4d5b0474&ps=13740610&shp=81f88b70&shcp=9b759fb9&idc=useast5&ftpl=1"",""downloadLink"":""https://p16-common-sign.tiktokcdn-us.com/tos-useast5-i-photomode-tx/50d50a2913924075bb032fc6c512a5c9~tplv-photomode-image.jpeg?dr=9616&x-expires=1774407600&x-signature=mIvmD0TM8VatI3xripWyfCiPnxI%3D&t=4d5b0474&ps=13740610&shp=81f88b70&shcp=9b759fb9&idc=useast5&ftpl=1""},{""tiktokLink"":""https://p16-common-sign.tiktokcdn-us.com/tos-useast5-i-photomode-tx/74f1ea444f454535ad36066c1aa33fc7~tplv-photomode-image.jpeg?dr=9616&x-expires=1774407600&x-signature=EaqztWxr%2BzSPOGH1t3D27JasmpY%3D&t=4d5b0474&ps=13740610&shp=81f88b70&shcp=9b759fb9&idc=useast5&ftpl=1"",""downloadLink"":""https://p16-common-sign.tiktokcdn-us.com/tos-useast5-i-photomode-tx/74f1ea444f454535ad36066c1aa33fc7~tplv-photomode-image.jpeg?dr=9616&x-expires=1774407600&x-signature=EaqztWxr%2BzSPOGH1t3D27JasmpY%3D&t=4d5b0474&ps=13740610&shp=81f88b70&shcp=9b759fb9&idc=useast5&ftpl=1""},{""tiktokLink"":""https://p16-common-sign.tiktokcdn-us.com/tos-useast5-i-photomode-tx/8f30ba22cf5b44a3919a353db443ca28~tplv-photomode-image.jpeg?dr=9616&x-expires=1774407600&x-signature=8cy%2FCc7jGoO99vQBFRRbXFsx0wE%3D&t=4d5b0474&ps=13740610&shp=81f88b70&shcp=9b759fb9&idc=useast5&ftpl=1"",""downloadLink"":""https://p16-common-sign.tiktokcdn-us.com/tos-useast5-i-photomode-tx/8f30ba22cf5b44a3919a353db443ca28~tplv-photomode-image.jpeg?dr=9616&x-expires=1774407600&x-signature=8cy%2FCc7jGoO99vQBFRRbXFsx0wE%3D&t=4d5b0474&ps=13740610&shp=81f88b70&shcp=9b759fb9&idc=useast5&ftpl=1""},{""tiktokLink"":""https://p19-common-sign.tiktokcdn-us.com/tos-useast5-i-photomode-tx/96c3224cf0cc4bbaaade507ac6d0dca8~tplv-photomode-image.jpeg?dr=9616&x-expires=1774407600&x-signature=e3DJO16NGB9f8E1REO6JTPdXP%2F8%3D&t=4d5b0474&ps=13740610&shp=81f88b70&shcp=9b759fb9&idc=useast5&ftpl=1"",""downloadLink"":""https://p19-common-sign.tiktokcdn-us.com/tos-useast5-i-photomode-tx/96c3224cf0cc4bbaaade507ac6d0dca8~tplv-photomode-image.jpeg?dr=9616&x-expires=1774407600&x-signature=e3DJO16NGB9f8E1REO6JTPdXP%2F8%3D&t=4d5b0474&ps=13740610&shp=81f88b70&shcp=9b759fb9&idc=useast5&ftpl=1""},{""tiktokLink"":""https://p19-common-sign.tiktokcdn-us.com/tos-useast5-i-photomode-tx/72461e4f017b4cc9a99382b6f63272b3~tplv-photomode-image.jpeg?dr=9616&x-expires=1774407600&x-signature=0CAOLJnURNFoBllL1rA%2BQcNLnHk%3D&t=4d5b0474&ps=13740610&shp=81f88b70&shcp=9b759fb9&idc=useast5&ftpl=1"",""downloadLink"":""https://p19-common-sign.tiktokcdn-us.com/tos-useast5-i-photomode-tx/72461e4f017b4cc9a99382b6f63272b3~tplv-photomode-image.jpeg?dr=9616&x-expires=1774407600&x-signature=0CAOLJnURNFoBllL1rA%2BQcNLnHk%3D&t=4d5b0474&ps=13740610&shp=81f88b70&shcp=9b759fb9&idc=useast5&ftpl=1""},{""tiktokLink"":""https://p16-common-sign.tiktokcdn-us.com/tos-useast5-i-photomode-tx/2e13e37a13fb4ae191c962fb3b891ebe~tplv-photomode-image.jpeg?dr=9616&x-expires=1774407600&x-signature=FC2CpEtUZZlDvFIL09U7lQ1Osiw%3D&t=4d5b0474&ps=13740610&shp=81f88b70&shcp=9b759fb9&idc=useast5&ftpl=1"",""downloadLink"":""https://p16-common-sign.tiktokcdn-us.com/tos-useast5-i-photomode-tx/2e13e37a13fb4ae191c962fb3b891ebe~tplv-photomode-image.jpeg?dr=9616&x-expires=1774407600&x-signature=FC2CpEtUZZlDvFIL09U7lQ1Osiw%3D&t=4d5b0474&ps=13740610&shp=81f88b70&shcp=9b759fb9&idc=useast5&ftpl=1""},{""tiktokLink"":""https://p16-common-sign.tiktokcdn-us.com/tos-useast5-i-photomode-tx/d4fd643f9c0e4916a05474a1a4fe5cb3~tplv-photomode-image.jpeg?dr=9616&x-expires=1774407600&x-signature=u2T8potNWFa424Voj7y7HNXzXfY%3D&t=4d5b0474&ps=13740610&shp=81f88b70&shcp=9b759fb9&idc=useast5&ftpl=1"",""downloadLink"":""https://p16-common-sign.tiktokcdn-us.com/tos-useast5-i-photomode-tx/d4fd643f9c0e4916a05474a1a4fe5cb3~tplv-photomode-image.jpeg?dr=9616&x-expires=1774407600&x-signature=u2T8potNWFa424Voj7y7HNXzXfY%3D&t=4d5b0474&ps=13740610&shp=81f88b70&shcp=9b759fb9&idc=useast5&ftpl=1""},{""tiktokLink"":""https://p16-common-sign.tiktokcdn-us.com/tos-useast5-i-photomode-tx/c0c0745ab7c542ccb23964c287c86035~tplv-photomode-image.jpeg?dr=9616&x-expires=1774407600&x-signature=C7SS8cx3WQX00VFb%2F2WW1pJlphE%3D&t=4d5b0474&ps=13740610&shp=81f88b70&shcp=9b759fb9&idc=useast5&ftpl=1"",""downloadLink"":""https://p16-common-sign.tiktokcdn-us.com/tos-useast5-i-photomode-tx/c0c0745ab7c542ccb23964c287c86035~tplv-photomode-image.jpeg?dr=9616&x-expires=1774407600&x-signature=C7SS8cx3WQX00VFb%2F2WW1pJlphE%3D&t=4d5b0474&ps=13740610&shp=81f88b70&shcp=9b759fb9&idc=useast5&ftpl=1""},{""tiktokLink"":""https://p16-common-sign.tiktokcdn-us.com/tos-useast5-i-photomode-tx/d33a2a7c57fe4d838b7036b672357814~tplv-photomode-image.jpeg?dr=9616&x-expires=1774407600&x-signature=wNGhFWJXoCTEk0qXCc5ZtRdvsec%3D&t=4d5b0474&ps=13740610&shp=81f88b70&shcp=9b759fb9&idc=useast5&ftpl=1"",""downloadLink"":""https://p16-common-sign.tiktokcdn-us.com/tos-useast5-i-photomode-tx/d33a2a7c57fe4d838b7036b672357814~tplv-photomode-image.jpeg?dr=9616&x-expires=1774407600&x-signature=wNGhFWJXoCTEk0qXCc5ZtRdvsec%3D&t=4d5b0474&ps=13740610&shp=81f88b70&shcp=9b759fb9&idc=useast5&ftpl=1""}]",false,false,[],costarastrology,videos,
7481092736654036270,sagittarius men always playing games @Isabel Steckel @Grantellis_ #thebachelor ,en,1741827670,2025-03-13T01:01:10.000Z,false,"{""id"":""7060882549447263279"",""name"":""costarastrology"",""profileUrl"":""https://www.tiktok.com/@costarastrology"",""nickName"":""Co — Star"",""verified"":false,""signature"":""Astrology for real people. From your friends at Co–Star Reality Group."",""bioLink"":""https://apps.apple.com/us/app/co-star-personalized-astrology/id1264782561"",""avatar"":""https://p16-common-sign.tiktokcdn-us.com/tos-useast5-avt-0068-tx/13a04d95ac5d339520c49813eedd0da2~tplv-tiktokx-cropcenter:720:720.jpeg?dr=9640&refresh_token=57c9eb0f&x-expires=1774407600&x-signature=UXAMMpT3Ta8eacTrpKRr6Jkstwg%3D&t=4d5b0474&ps=13740610&shp=a5d48078&shcp=81f88b70&idc=useast5"",""commerceUserInfo"":{""commerceUser"":false},""privateAccount"":false,""roomId"":"""",""ttSeller"":false,""createTime"":1643990595,""following"":0,""friends"":0,""fans"":357500,""heart"":23800000,""video"":381,""digg"":0,""originalAvatarUrl"":""https://p16-common-sign.tiktokcdn-us.com/tos-useast5-avt-0068-tx/13a04d95ac5d339520c49813eedd0da2~tplv-tiktokx-cropcenter:720:720.jpeg?dr=9640&refresh_token=57c9eb0f&x-expires=1774407600&x-signature=UXAMMpT3Ta8eacTrpKRr6Jkstwg%3D&t=4d5b0474&ps=13740610&shp=a5d48078&shcp=81f88b70&idc=useast5""}","{""musicName"":""original sound"",""musicAuthor"":""Co — Star"",""musicOriginal"":true,""playUrl"":""https://v19.tiktokcdn-us.com/44faa3557661e1c0a195fdefbdbe52e6/69c10b7a/video/tos/useast5/tos-useast5-v-27dcd7-tx/ocDEoAyfILErgpAAETpGkx5xFmLAyDPSUHfeCl/?a=1233&bti=ODszNWYuMDE6&ch=0&cr=0&dr=0&er=0&lr=default&cd=0%7C0%7C0%7C0&br=250&bt=125&ds=5&ft=GSDrKInz7Thv8N-PXq8Zmo&mime_type=audio_mpeg&qs=13&rc=am1taWo5cnA1eTMzZzU8NEBpam1taWo5cnA1eTMzZzU8NEBjZXNxMmQ0cDZgLS1kMS9zYSNjZXNxMmQ0cDZgLS1kMS9zcw%3D%3D&vvpl=1&l=20260323034408CC7EBB78130F51010B6B&btag=e00078000"",""coverMediumUrl"":""https://p16-common-sign.tiktokcdn-us.com/tos-useast5-avt-0068-tx/13a04d95ac5d339520c49813eedd0da2~tplv-tiktokx-cropcenter:720:720.jpeg?dr=9640&refresh_token=57c9eb0f&x-expires=1774407600&x-signature=UXAMMpT3Ta8eacTrpKRr6Jkstwg%3D&t=4d5b0474&ps=13740610&shp=a5d48078&shcp=81f88b70&idc=useast5"",""musicId"":""7481092809605679915"",""originalCoverMediumUrl"":""https://p16-common-sign.tiktokcdn-us.com/tos-useast5-avt-0068-tx/13a04d95ac5d339520c49813eedd0da2~tplv-tiktokx-cropcenter:720:720.jpeg?dr=9640&refresh_token=57c9eb0f&x-expires=1774407600&x-signature=UXAMMpT3Ta8eacTrpKRr6Jkstwg%3D&t=4d5b0474&ps=13740610&shp=a5d48078&shcp=81f88b70&idc=useast5""}",https://www.tiktok.com/@costarastrology/video/7481092736654036270,"{""height"":1024,""width"":576,""duration"":17,""coverUrl"":""https://p19-common-sign.tiktokcdn-us.com/tos-useast5-p-0068-tx/oYZeLiTjDITlaSr4AGFCSORFKBfzntDEErgrE0~tplv-tiktokx-origin.image?dr=9636&x-expires=1774407600&x-signature=Is8eYO0CNZ92JnOiIr8txrQL7XY%3D&t=4d5b0474&ps=13740610&shp=81f88b70&shcp=43f4a2f9&idc=useast5"",""definition"":""540p"",""format"":""mp4"",""subtitleLinks"":[{""language"":""eng-US"",""downloadLink"":""https://v16m-webapp.tiktokcdn-us.com/6adba3f5533e386ec683294a6f0172c0/69c35a1a/video/tos/useast5/tos-useast5-v-0068-tx/5682ee6812de4750a76c5b20c6dd4931/?a=1988&bti=ODszNWYuMDE6&ch=0&cr=3&dr=0&lr=all&cd=0%7C0%7C0%7C&cv=1&br=15738&bt=7869&ds=4&ft=4KLMeMzm8Zmo0dVsyx4jVvrjdpWrKsd.&mime_type=video_mp4&qs=13&rc=M2Ryd285cjQ1eTMzZzczNEBpM2Ryd285cjQ1eTMzZzczNEBhYGNsMmRjcDZgLS1kMS9zYSNhYGNsMmRjcDZgLS1kMS9zcw%3D%3D&l=20260323034408CC7EBB78130F51010B6B&btag=e00078000"",""source"":""ASR"",""sourceUnabbreviated"":""automatic speech recognition"",""version"":""1:big_caption"",""tiktokLink"":""https://v16m-webapp.tiktokcdn-us.com/6adba3f5533e386ec683294a6f0172c0/69c35a1a/video/tos/useast5/tos-useast5-v-0068-tx/5682ee6812de4750a76c5b20c6dd4931/?a=1988&bti=ODszNWYuMDE6&ch=0&cr=3&dr=0&lr=all&cd=0%7C0%7C0%7C&cv=1&br=15738&bt=7869&ds=4&ft=4KLMeMzm8Zmo0dVsyx4jVvrjdpWrKsd.&mime_type=video_mp4&qs=13&rc=M2Ryd285cjQ1eTMzZzczNEBpM2Ryd285cjQ1eTMzZzczNEBhYGNsMmRjcDZgLS1kMS9zYSNhYGNsMmRjcDZgLS1kMS9zcw%3D%3D&l=20260323034408CC7EBB78130F51010B6B&btag=e00078000""}],""transcriptionLink"":null,""originalCoverUrl"":""https://p19-common-sign.tiktokcdn-us.com/tos-useast5-p-0068-tx/oYZeLiTjDITlaSr4AGFCSORFKBfzntDEErgrE0~tplv-tiktokx-origin.image?dr=9636&x-expires=1774407600&x-signature=Is8eYO0CNZ92JnOiIr8txrQL7XY%3D&t=4d5b0474&ps=13740610&shp=81f88b70&shcp=43f4a2f9&idc=useast5""}",1118,94,79800,56,14,0,"[""@Isabel Steckel"",""@Grantellis_""]","[{""id"":""6713993955320890374"",""name"":""extracreamcheese"",""nickName"":""Isabel Steckel"",""profileUrl"":""https://www.tiktok.com/@6713993955320890374""},{""id"":""6752507802386711558"",""name"":""grantellis_"",""nickName"":""Grantellis_"",""profileUrl"":""https://www.tiktok.com/@6752507802386711558""}]","[{""name"":""""},{""name"":""""},{""name"":""thebachelor""}]",[],false,,false,false,[],costarastrology,videos,
7480367274617015594,hope you find what you’re looking for @Isabel Steckel @Grantellis_ #thebachelor ,en,1741658755,2025-03-11T02:05:55.000Z,false,"{""id"":""7060882549447263279"",""name"":""costarastrology"",""profileUrl"":""https://www.tiktok.com/@costarastrology"",""nickName"":""Co — Star"",""verified"":false,""signature"":""Astrology for real people. From your friends at Co–Star Reality Group."",""bioLink"":""https://apps.apple.com/us/app/co-star-personalized-astrology/id1264782561"",""avatar"":""https://p16-common-sign.tiktokcdn-us.com/tos-useast5-avt-0068-tx/13a04d95ac5d339520c49813eedd0da2~tplv-tiktokx-cropcenter:720:720.jpeg?dr=9640&refresh_token=57c9eb0f&x-expires=1774407600&x-signature=UXAMMpT3Ta8eacTrpKRr6Jkstwg%3D&t=4d5b0474&ps=13740610&shp=a5d48078&shcp=81f88b70&idc=useast5"",""commerceUserInfo"":{""commerceUser"":false},""privateAccount"":false,""roomId"":"""",""ttSeller"":false,""createTime"":1643990595,""following"":0,""friends"":0,""fans"":357500,""heart"":23800000,""video"":381,""digg"":0,""originalAvatarUrl"":""https://p16-common-sign.tiktokcdn-us.com/tos-useast5-avt-0068-tx/13a04d95ac5d339520c49813eedd0da2~tplv-tiktokx-cropcenter:720:720.jpeg?dr=9640&refresh_token=57c9eb0f&x-expires=1774407600&x-signature=UXAMMpT3Ta8eacTrpKRr6Jkstwg%3D&t=4d5b0474&ps=13740610&shp=a5d48078&shcp=81f88b70&idc=useast5""}","{""musicName"":""original sound"",""musicAuthor"":""Co — Star"",""musicOriginal"":true,""playUrl"":""https://v19.tiktokcdn-us.com/ccdc8f7f691284494c40e1f34d78bbdf/69c10b87/video/tos/useast5/tos-useast5-v-27dcd7-tx/oAfAQHEXMQARMTAA43onrUQzewNNM85CkQCPgf/?a=1233&bti=ODszNWYuMDE6&ch=0&cr=0&dr=0&er=0&lr=default&cd=0%7C0%7C0%7C0&br=250&bt=125&ds=5&ft=GSDrKInz7Thv8N-PXq8Zmo&mime_type=audio_mpeg&qs=13&rc=M2R5a3Q5cjRzeTMzZzU8NEBpM2R5a3Q5cjRzeTMzZzU8NEByMy00MmRraTRgLS1kMS9zYSNyMy00MmRraTRgLS1kMS9zcw%3D%3D&vvpl=1&l=20260323034408CC7EBB78130F51010B6B&btag=e00048000"",""coverMediumUrl"":""https://p16-common-sign.tiktokcdn-us.com/tos-useast5-avt-0068-tx/13a04d95ac5d339520c49813eedd0da2~tplv-tiktokx-cropcenter:720:720.jpeg?dr=9640&refresh_token=57c9eb0f&x-expires=1774407600&x-signature=UXAMMpT3Ta8eacTrpKRr6Jkstwg%3D&t=4d5b0474&ps=13740610&shp=a5d48078&shcp=81f88b70&idc=useast5"",""musicId"":""7480367351343352622"",""originalCoverMediumUrl"":""https://p16-common-sign.tiktokcdn-us.com/tos-useast5-avt-0068-tx/13a04d95ac5d339520c49813eedd0da2~tplv-tiktokx-cropcenter:720:720.jpeg?dr=9640&refresh_token=57c9eb0f&x-expires=1774407600&x-signature=UXAMMpT3Ta8eacTrpKRr6Jkstwg%3D&t=4d5b0474&ps=13740610&shp=a5d48078&shcp=81f88b70&idc=useast5""}",https://www.tiktok.com/@costarastrology/video/7480367274617015594,"{""height"":1024,""width"":576,""duration"":30,""coverUrl"":""https://p16-common-sign.tiktokcdn-us.com/tos-useast5-p-0068-tx/ogsJZ7HoQIMBP4EHxNPIfGQCngfykvSeAAILMj~tplv-tiktokx-origin.image?dr=9636&x-expires=1774407600&x-signature=qXZh0DnXstQY0uwoqobTBSgr04o%3D&t=4d5b0474&ps=13740610&shp=81f88b70&shcp=43f4a2f9&idc=useast5"",""definition"":""540p"",""format"":""mp4"",""subtitleLinks"":[{""language"":""eng-US"",""downloadLink"":""https://v16m-webapp.tiktokcdn-us.com/e24941dbeb4f1e54aa2c64e5d65e04fb/69c35a27/video/tos/useast5/tos-useast5-v-0068-tx/fba3b5cd27fe4f7fa7fd6979e3196b42/?a=1988&bti=ODszNWYuMDE6&ch=0&cr=3&dr=0&lr=all&cd=0%7C0%7C0%7C&cv=1&br=15782&bt=7891&ds=4&ft=4KLMeMzm8Zmo0dVsyx4jVvrjdpWrKsd.&mime_type=video_mp4&qs=13&rc=M200Nng5cjxyeTMzZzczNEBpM200Nng5cjxyeTMzZzczNEAyazFtMmQ0ajRgLS1kMS9zYSMyazFtMmQ0ajRgLS1kMS9zcw%3D%3D&l=20260323034408CC7EBB78130F51010B6B&btag=e00048000"",""source"":""ASR"",""sourceUnabbreviated"":""automatic speech recognition"",""version"":""1:big_caption"",""tiktokLink"":""https://v16m-webapp.tiktokcdn-us.com/e24941dbeb4f1e54aa2c64e5d65e04fb/69c35a27/video/tos/useast5/tos-useast5-v-0068-tx/fba3b5cd27fe4f7fa7fd6979e3196b42/?a=1988&bti=ODszNWYuMDE6&ch=0&cr=3&dr=0&lr=all&cd=0%7C0%7C0%7C&cv=1&br=15782&bt=7891&ds=4&ft=4KLMeMzm8Zmo0dVsyx4jVvrjdpWrKsd.&mime_type=video_mp4&qs=13&rc=M200Nng5cjxyeTMzZzczNEBpM200Nng5cjxyeTMzZzczNEAyazFtMmQ0ajRgLS1kMS9zYSMyazFtMmQ0ajRgLS1kMS9zcw%3D%3D&l=20260323034408CC7EBB78130F51010B6B&btag=e00048000""}],""transcriptionLink"":null,""originalCoverUrl"":""https://p16-common-sign.tiktokcdn-us.com/tos-useast5-p-0068-tx/ogsJZ7HoQIMBP4EHxNPIfGQCngfykvSeAAILMj~tplv-tiktokx-origin.image?dr=9636&x-expires=1774407600&x-signature=qXZh0DnXstQY0uwoqobTBSgr04o%3D&t=4d5b0474&ps=13740610&shp=81f88b70&shcp=43f4a2f9&idc=useast5""}",596,41,38400,28,6,0,"[""@Isabel Steckel"",""@Grantellis_""]","[{""id"":""6713993955320890374"",""name"":""extracreamcheese"",""nickName"":""Isabel Steckel"",""profileUrl"":""https://www.tiktok.com/@6713993955320890374""},{""id"":""6752507802386711558"",""name"":""grantellis_"",""nickName"":""Grantellis_"",""profileUrl"":""https://www.tiktok.com/@6752507802386711558""}]","[{""name"":""""},{""name"":""""},{""name"":""thebachelor""}]",[],false,,false,false,[],costarastrology,videos,
7480288720009202990,love is in the air @Isabel Steckel @Grantellis_ #thebachelor ,en,1741640471,2025-03-10T21:01:11.000Z,false,"{""id"":""7060882549447263279"",""name"":""costarastrology"",""profileUrl"":""https://www.tiktok.com/@costarastrology"",""nickName"":""Co — Star"",""verified"":false,""signature"":""Astrology for real people. From your friends at Co–Star Reality Group."",""bioLink"":""https://apps.apple.com/us/app/co-star-personalized-astrology/id1264782561"",""avatar"":""https://p16-common-sign.tiktokcdn-us.com/tos-useast5-avt-0068-tx/13a04d95ac5d339520c49813eedd0da2~tplv-tiktokx-cropcenter:720:720.jpeg?dr=9640&refresh_token=57c9eb0f&x-expires=1774407600&x-signature=UXAMMpT3Ta8eacTrpKRr6Jkstwg%3D&t=4d5b0474&ps=13740610&shp=a5d48078&shcp=81f88b70&idc=useast5"",""commerceUserInfo"":{""commerceUser"":false},""privateAccount"":false,""roomId"":"""",""ttSeller"":false,""createTime"":1643990595,""following"":0,""friends"":0,""fans"":357500,""heart"":23800000,""video"":381,""digg"":0,""originalAvatarUrl"":""https://p16-common-sign.tiktokcdn-us.com/tos-useast5-avt-0068-tx/13a04d95ac5d339520c49813eedd0da2~tplv-tiktokx-cropcenter:720:720.jpeg?dr=9640&refresh_token=57c9eb0f&x-expires=1774407600&x-signature=UXAMMpT3Ta8eacTrpKRr6Jkstwg%3D&t=4d5b0474&ps=13740610&shp=a5d48078&shcp=81f88b70&idc=useast5""}","{""musicName"":""original sound"",""musicAuthor"":""Co — Star"",""musicOriginal"":true,""playUrl"":""https://v19.tiktokcdn-us.com/4e287456bb6bdceefcaab4952ac59004/69c10b73/video/tos/useast5/tos-useast5-v-27dcd7-tx/o44gUAPEJSTf0MD8UgA1qEAzECSnReDvOaxDFB/?a=1233&bti=ODszNWYuMDE6&ch=0&cr=0&dr=0&er=0&lr=default&cd=0%7C0%7C0%7C0&br=250&bt=125&ds=5&ft=GSDrKInz7Thv8N-PXq8Zmo&mime_type=audio_mpeg&qs=13&rc=MzM6N3g5cjlveTMzZzU8NEBpMzM6N3g5cjlveTMzZzU8NEByNm42MmRrMzRgLS1kMS9zYSNyNm42MmRrMzRgLS1kMS9zcw%3D%3D&vvpl=1&l=20260323034408CC7EBB78130F51010B6B&btag=e00070000"",""coverMediumUrl"":""https://p16-common-sign.tiktokcdn-us.com/tos-useast5-avt-0068-tx/13a04d95ac5d339520c49813eedd0da2~tplv-tiktokx-cropcenter:720:720.jpeg?dr=9640&refresh_token=57c9eb0f&x-expires=1774407600&x-signature=UXAMMpT3Ta8eacTrpKRr6Jkstwg%3D&t=4d5b0474&ps=13740610&shp=a5d48078&shcp=81f88b70&idc=useast5"",""musicId"":""7480288793744919339"",""originalCoverMediumUrl"":""https://p16-common-sign.tiktokcdn-us.com/tos-useast5-avt-0068-tx/13a04d95ac5d339520c49813eedd0da2~tplv-tiktokx-cropcenter:720:720.jpeg?dr=9640&refresh_token=57c9eb0f&x-expires=1774407600&x-signature=UXAMMpT3Ta8eacTrpKRr6Jkstwg%3D&t=4d5b0474&ps=13740610&shp=a5d48078&shcp=81f88b70&idc=useast5""}",https://www.tiktok.com/@costarastrology/video/7480288720009202990,"{""height"":1024,""width"":576,""duration"":10,""coverUrl"":""https://p16-common-sign.tiktokcdn-us.com/tos-useast5-p-0068-tx/ogx1aDzxIASWUfAE3DUEY9MAaEDRgAFknPCjnf~tplv-tiktokx-origin.image?dr=9636&x-expires=1774407600&x-signature=xyEf%2BlHB0grMvoqpLjr%2BgzV0yzE%3D&t=4d5b0474&ps=13740610&shp=81f88b70&shcp=43f4a2f9&idc=useast5"",""definition"":""540p"",""format"":""mp4"",""subtitleLinks"":[{""language"":""eng-US"",""downloadLink"":""https://v16m-webapp.tiktokcdn-us.com/35ac73708979700cb10373cdcceb2b00/69c35a13/video/tos/useast5/tos-useast5-v-0068-tx/5a76ba28b29e464f95eec95c77f86375/?a=1988&bti=ODszNWYuMDE6&ch=0&cr=3&dr=0&lr=all&cd=0%7C0%7C0%7C&cv=1&br=14472&bt=7236&ds=4&ft=4KLMeMzm8Zmo0dVsyx4jVvrjdpWrKsd.&mime_type=video_mp4&qs=13&rc=anE2Nms5cnJveTMzZzczNEBpanE2Nms5cnJveTMzZzczNEA0MTUwMmQ0MjRgLS1kMS9zYSM0MTUwMmQ0MjRgLS1kMS9zcw%3D%3D&l=20260323034408CC7EBB78130F51010B6B&btag=e00070000"",""source"":""ASR"",""sourceUnabbreviated"":""automatic speech recognition"",""version"":""1:big_caption"",""tiktokLink"":""https://v16m-webapp.tiktokcdn-us.com/35ac73708979700cb10373cdcceb2b00/69c35a13/video/tos/useast5/tos-useast5-v-0068-tx/5a76ba28b29e464f95eec95c77f86375/?a=1988&bti=ODszNWYuMDE6&ch=0&cr=3&dr=0&lr=all&cd=0%7C0%7C0%7C&cv=1&br=14472&bt=7236&ds=4&ft=4KLMeMzm8Zmo0dVsyx4jVvrjdpWrKsd.&mime_type=video_mp4&qs=13&rc=anE2Nms5cnJveTMzZzczNEBpanE2Nms5cnJveTMzZzczNEA0MTUwMmQ0MjRgLS1kMS9zYSM0MTUwMmQ0MjRgLS1kMS9zcw%3D%3D&l=20260323034408CC7EBB78130F51010B6B&btag=e00070000""}],""transcriptionLink"":null,""originalCoverUrl"":""https://p16-common-sign.tiktokcdn-us.com/tos-useast5-p-0068-tx/ogx1aDzxIASWUfAE3DUEY9MAaEDRgAFknPCjnf~tplv-tiktokx-origin.image?dr=9636&x-expires=1774407600&x-signature=xyEf%2BlHB0grMvoqpLjr%2BgzV0yzE%3D&t=4d5b0474&ps=13740610&shp=81f88b70&shcp=43f4a2f9&idc=useast5""}",401,72,14900,19,8,0,"[""@Isabel Steckel"",""@Grantellis_""]","[{""id"":""6713993955320890374"",""name"":""extracreamcheese"",""nickName"":""Isabel Steckel"",""profileUrl"":""https://www.tiktok.com/@6713993955320890374""},{""id"":""6752507802386711558"",""name"":""grantellis_"",""nickName"":""Grantellis_"",""profileUrl"":""https://www.tiktok.com/@6752507802386711558""}]","[{""name"":""""},{""name"":""""},{""name"":""thebachelor""}]",[],false,,false,false,[],costarastrology,videos,
7477706876713504042,tb to when i interviewed this diva ,en,1741039342,2025-03-03T22:02:22.000Z,false,"{""id"":""7060882549447263279"",""name"":""costarastrology"",""profileUrl"":""https://www.tiktok.com/@costarastrology"",""nickName"":""Co — Star"",""verified"":false,""signature"":""Astrology for real people. From your friends at Co–Star Reality Group."",""bioLink"":""https://apps.apple.com/us/app/co-star-personalized-astrology/id1264782561"",""avatar"":""https://p16-common-sign.tiktokcdn-us.com/tos-useast5-avt-0068-tx/13a04d95ac5d339520c49813eedd0da2~tplv-tiktokx-cropcenter:720:720.jpeg?dr=9640&refresh_token=57c9eb0f&x-expires=1774407600&x-signature=UXAMMpT3Ta8eacTrpKRr6Jkstwg%3D&t=4d5b0474&ps=13740610&shp=a5d48078&shcp=81f88b70&idc=useast5"",""commerceUserInfo"":{""commerceUser"":false},""privateAccount"":false,""roomId"":"""",""ttSeller"":false,""createTime"":1643990595,""following"":0,""friends"":0,""fans"":357500,""heart"":23800000,""video"":381,""digg"":0,""originalAvatarUrl"":""https://p16-common-sign.tiktokcdn-us.com/tos-useast5-avt-0068-tx/13a04d95ac5d339520c49813eedd0da2~tplv-tiktokx-cropcenter:720:720.jpeg?dr=9640&refresh_token=57c9eb0f&x-expires=1774407600&x-signature=UXAMMpT3Ta8eacTrpKRr6Jkstwg%3D&t=4d5b0474&ps=13740610&shp=a5d48078&shcp=81f88b70&idc=useast5""}","{""musicName"":""original sound"",""musicAuthor"":""Co — Star"",""musicOriginal"":true,""playUrl"":""https://v19.tiktokcdn-us.com/0b4fe98acb3a26199d750a80e6653b90/69c10b9e/video/tos/useast5/tos-useast5-v-27dcd7-tx/oo8ODkfDSEwBJgnUWJifDxsiGBuC5EbAFAAvEg/?a=1233&bti=ODszNWYuMDE6&ch=0&cr=0&dr=0&er=0&lr=default&cd=0%7C0%7C0%7C0&br=250&bt=125&ds=5&ft=GSDrKInz7Thv8N-PXq8Zmo&mime_type=audio_mpeg&qs=13&rc=anA8a3I5cnU1eTMzZzU8NEBpanA8a3I5cnU1eTMzZzU8NEBjLW4yMmRzYTBgLS1kMS9zYSNjLW4yMmRzYTBgLS1kMS9zcw%3D%3D&vvpl=1&l=20260323034408CC7EBB78130F51010B6B&btag=e00048000"",""coverMediumUrl"":""https://p16-common-sign.tiktokcdn-us.com/tos-useast5-avt-0068-tx/13a04d95ac5d339520c49813eedd0da2~tplv-tiktokx-cropcenter:720:720.jpeg?dr=9640&refresh_token=57c9eb0f&x-expires=1774407600&x-signature=UXAMMpT3Ta8eacTrpKRr6Jkstwg%3D&t=4d5b0474&ps=13740610&shp=a5d48078&shcp=81f88b70&idc=useast5"",""musicId"":""7477706938520783659"",""originalCoverMediumUrl"":""https://p16-common-sign.tiktokcdn-us.com/tos-useast5-avt-0068-tx/13a04d95ac5d339520c49813eedd0da2~tplv-tiktokx-cropcenter:720:720.jpeg?dr=9640&refresh_token=57c9eb0f&x-expires=1774407600&x-signature=UXAMMpT3Ta8eacTrpKRr6Jkstwg%3D&t=4d5b0474&ps=13740610&shp=a5d48078&shcp=81f88b70&idc=useast5""}",https://www.tiktok.com/@costarastrology/video/7477706876713504042,"{""height"":1024,""width"":576,""duration"":53,""coverUrl"":""https://p16-common-sign.tiktokcdn-us.com/tos-useast5-p-0068-tx/oAbhIEBnDglQqGRqSEfdfFbAMxWDxFtZiSSTtE~tplv-tiktokx-origin.image?dr=9636&x-expires=1774407600&x-signature=SLEiAMPudQTemI2Ad7zMBHZ0iz4%3D&t=4d5b0474&ps=13740610&shp=81f88b70&shcp=43f4a2f9&idc=useast5"",""definition"":""540p"",""format"":""mp4"",""subtitleLinks"":[{""language"":""eng-US"",""downloadLink"":""https://v16m-webapp.tiktokcdn-us.com/e96dac2fba043a23a956f43413e07100/69c35a3e/video/tos/useast5/tos-useast5-v-0068-tx/bdefaeb2e3244fc5ab719f86e248ca84/?a=1988&bti=ODszNWYuMDE6&ch=0&cr=3&dr=0&lr=all&cd=0%7C0%7C0%7C&cv=1&br=17768&bt=8884&ds=4&ft=4KLMeMzm8Zmo0dVsyx4jVvrjdpWrKsd.&mime_type=video_mp4&qs=13&rc=amd0dnA5cnY1eTMzZzczNEBpamd0dnA5cnY1eTMzZzczNEBuZjNqMmRjYDBgLS1kMS9zYSNuZjNqMmRjYDBgLS1kMS9zcw%3D%3D&l=20260323034408CC7EBB78130F51010B6B&btag=e00048000"",""source"":""ASR"",""sourceUnabbreviated"":""automatic speech recognition"",""version"":""1:big_caption"",""tiktokLink"":""https://v16m-webapp.tiktokcdn-us.com/e96dac2fba043a23a956f43413e07100/69c35a3e/video/tos/useast5/tos-useast5-v-0068-tx/bdefaeb2e3244fc5ab719f86e248ca84/?a=1988&bti=ODszNWYuMDE6&ch=0&cr=3&dr=0&lr=all&cd=0%7C0%7C0%7C&cv=1&br=17768&bt=8884&ds=4&ft=4KLMeMzm8Zmo0dVsyx4jVvrjdpWrKsd.&mime_type=video_mp4&qs=13&rc=amd0dnA5cnY1eTMzZzczNEBpamd0dnA5cnY1eTMzZzczNEBuZjNqMmRjYDBgLS1kMS9zYSNuZjNqMmRjYDBgLS1kMS9zcw%3D%3D&l=20260323034408CC7EBB78130F51010B6B&btag=e00048000""}],""transcriptionLink"":null,""originalCoverUrl"":""https://p16-common-sign.tiktokcdn-us.com/tos-useast5-p-0068-tx/oAbhIEBnDglQqGRqSEfdfFbAMxWDxFtZiSSTtE~tplv-tiktokx-origin.image?dr=9636&x-expires=1774407600&x-signature=SLEiAMPudQTemI2Ad7zMBHZ0iz4%3D&t=4d5b0474&ps=13740610&shp=81f88b70&shcp=43f4a2f9&idc=useast5""}",7432,91,103500,158,20,0,[],[],[],[],false,,false,false,[],costarastrology,videos,